logo,title,company,location,min_company_size,max_company_size,type_of_work,requirement,job_level,description,min_work_experience,max_work_experience,qualification,currency,min_salary,max_salary,time,link
https://jobindo.com/mobile/thumbnails/no-logo.gif,Marketing Properti Freelance,PT. Oneway Success,"Surabaya, Jawa Timur",0,0,,"Persyaratan Persyaratan 
 
 Laki-laki / Perempuan. 
 Usia Bebas. 
 Menyukai dan memiliki bakat Marketing. 
 Memiliki database banyak calon pembeli Tanah Kavling / Rumah. 
 Mempunyai jaringan yg luas untuk marketing. 
 Penampilan menarik. 
 Memiliki komitmen dan kemauan yg keras untuk sukses di bidang property. 
 Punya keinginan cepat kaya, karena Komisi BESAR hingga 7%. 
 
 Deskripsi kerja : 
 
 Tidak ada kewajiban untuk datang ke kantor marketing. 
 Mencari para calon pembeli Tanah Kavling / Rumah sebanyak-banyaknya. 
 Hanya wajib datang ke kantor untuk membawa calon pembeli. 
 Mengajak para calon pembeli untuk datang ke acara ""Customer Gathering"" yg diadakan rutin. 
 Mengajak orang sebanyak-banyaknya walaupun hanya sedikit tertarik dengan Tanah Kavling/Rumah untuk datang ke ""Customer Gathering"". 
 
 Mengapa Anda HARUS bergabung dengan kami ? 
 
 Karena Anda akan mendapatkan komisi penjualan yg SANGAT TINGGI hingga 7%. 
 Karena ada cara pembayaran yg sangat mudah bagi pembeli (cicilan inhouse 50x lebih) 
 Karena ada Keuntungan yg SANGAT BESAR bagi pembeli (investor) hingga 47% LEBIH. 
 Karena ada Fasilitas Perumahan yg SANGAT MEWAH : Kolam renang, Futsal outdoor, gedung Badminton, Playground, Jogging track, Taman Olahraga.",,,0,2,SLTA/Sederajat ,,0,0,31/03/2016 22:08:00,https://jobindo.com/Lowongan-Pekerjaan-marketing-properti-freelance-4119.html
https://jobindo.com/mobile/thumbnails/35516854.jpg,Pelaksana Proyek,PT Andalan Bangun Bersama,"Jakarta Barat, DKI Jakarta",0,0,,"Persyaratan 
 Pria 
 Umur minimal 25 tahun 
 Mengerti dan memahami situasi di lapangan 
 Bersedia ditempatkan di proyek 
 Dapat bekerja sama dalam team 
 Jujur, disiplin dan cekatan dalam bekerja",,"
 Deskripsi Pekerjaan
Membantu ketua pelaksana dalam memantau proyek
Memahami gambar dan spesifikasi teknis
Membantu mengendalikan pelaksanaan pekerjaan sesuai persyaratan waktu, mutu dan biaya yang di tetapkan
Mengupayakan keefisiensi dan efektifitas dalam pemakaian bahan. alat dan tenaga di lapangan
Menerapkan program keselamatan dan kebersihan di lapangan
Membantu ketua pelaksana dalam membuat absensi tukang dan pengambilanm mandor setiap sabtu
Memeriksa hasil pelaksanaan pekerjaan di lapangan
 ",2,5,Sarjana ,,0,0,17/11/2021 16:07:00,https://jobindo.com/Lowongan-Pekerjaan-pelaksana-proyek-60088.html
,Supir Pick Up,Agung Wash,,0,0,,,,,0,0,,IDR,2.500.000 , 3.500.000 ,25/12/2022 05:33:11,https://www.jobstreet.co.id/id/job/supir-pick-up-4156032?jobId=jobstreet-id-job-4156032&sectionRank=22750&token=0~95f0296e-e66a-420e-b573-d4d4c0225e17&fr=SRP%20Job%20Listing
https://jobindo.com/mobile/thumbnails/72760076.jpg,Users Support Associate,PT. Teknologi Kreasi Anak Bangsa,"Bandung, Jawa Barat",0,0,,"Persyaratan 
 Memiliki pengalaman kerja diutamakan, tetapi lulusan baru diperbolehkan untuk melamar 
 Memiliki kemampuan filing dokumen dengan baik 
 Dapat mengoperasikan komputer, terutama Microsoft Office (dasar) 
 Kemampuan komunikasi yang kuat 
 Dapat multitasking dan bekerja dengan baik di dalam tim 
 Disiplin, cekatan, dan terbiasa bekerja dalam target",,"
 Deskripsi Pekerjaan
Menjaga dan mengelola hubungan baik dengan dengan Agent/User.
Melayani Agent/User UrbanIndo menggunakan semua media yang tersedia, seperti BBM, WhatsApp, telepon dan live chat.
Membantu dan menangani Agent/User untuk posting iklan properti.
Menginformasikan Agent/User mengenai promo yang sedang berlangsung.

",0,0,Diploma 3 ,,0,0,22/12/2016 16:20:00,https://jobindo.com/Lowongan-Pekerjaan-users-support-associate-13782.html
https://jobindo.com/mobile/thumbnails/68904098.jpg,Strategic Business Development,PT Jawara Edukasih Indonesia (ALL-inEduspace),"Jakarta Barat, DKI Jakarta",0,0,,"Persyaratan 
 A Bachelor’s degree with 2+ years working experience in business development or marketing 
 Strong research, strategic analysis, and problem solving skills 
 Possess quality leadership, socially adept, great negotiation skills 
 Excellent communication skills in English (both written and spoken) 
 Fluent with word processing, excel spreadsheet, and presentation software 
 Experience in education sector is preferred but not required 
 Passionate about the education industry 
 Think ALL-in Eduspace is an awesome idea (learn more about us: www.all-inedu.com) and have ideas on how to make it even better 
 A resourceful person, a self-starter and a fast learner who’s looking for immense opportunity to grow personally and professionally 
 Great interpersonal skills, excellent time management, pay attention to details, and think outside the box",,"
 Deskripsi Pekerjaan
B2C and B2B lead generations through marketing initiatives, networking, etc
Pitch our services to new clients: preparing presentation materials, contacting clients, developing quotes and proposals, and negotiating deals
Maintain good working relationships with existing and new contacts
Oversee the development of new business initiatives and marketing campaigns, write reports, and provide management with feedback

",2,5,Sarjana ,,0,0,27/09/2016 11:15:00,https://jobindo.com/Lowongan-Pekerjaan-strategic-business-development-10245.html
https://image-service-cdn.seek.com.au/1d0601e376e9587c1f3d6ce86678c4e05875f7a1/a868bcb8fbb284f4e8301904535744d488ea93c1,Analytical Method Development,PT Bintang Kupu Kupu,Tangerang,51,200,Kontrak,"Layanan Kesehatan ,  Farmasi",Pegawai (non-manajemen & non-supervisor),"Melakukan Trial pengembangan metode analisa kimia fisika dan mikrobiologi yang dipersyaratkan BPOM dan yang dibutuhkan dalam pengembangan produk R & D. Melakukan validasi metode analisa kimia fisika dan mikrobiologi. membuat laporan secara bik dan rapih tentang pengembangan metode analisa yang dilakukan. Mengarsipkan semua dokumen-dokumen pelaporan beserta kelengkapannya secara baik dan rapih. Kualifikasi : Usia maksimal 25 tahun Pendidikan D3 Analis Kimia / D3 Analis Farmasi dan Makanan / S1 Kimia. Diutamakan memiliki pengalaman bekerja selama 1 tahun sebagai analyst. Terbuka untuk Fresh Graduate. Dapat melakukan analisa kimia dan mikrobiologi. Dapat melakuakan analisa Instrument HPLC. Dapat melakukan validasi metode analisa kimia fisika dan mikrobiologi. Dapat mengoperasikan Komputer ( Ms. Office ). Bertanggungjawab, jujur, inisiatif, teliti, cekatan dan disiplin. Mampu bekerja dalam tim ataupun individu.",1,0,,,0,0,27/12/2022 04:16:01,https://www.jobstreet.co.id/id/job/analytical-method-development-4158031?jobId=jobstreet-id-job-4158031&sectionRank=16342&token=0~6810fe50-f65b-4e96-a1dd-0f212357fbf1&fr=SRP%20Job%20Listing
https://jobindo.com/mobile/thumbnails/33197899.jpg,Management Trainee,PT. SMART BUSINESS SOLUTION,"Surabaya, Jawa Timur",0,0,,"Persyaratan 
 Pria max.30th 
 Min. S1 T.Industri/ Psikologi, IPK min. 2,75 
 Memiliki motivasi yang tinggi, mau bekerja keras, bersedia dididik dan bertanggungjawab",,"
 Deskripsi Pekerjaan
Mensupervisi kebutuhan klien
Kontrol kegiatan Advisory HRD
Kontrol produktifitas kerja
 ",0,2,Sarjana ,,0,0,25/01/2018 14:10:00,https://jobindo.com/Lowongan-Pekerjaan-management-trainee-29216.html
https://jobindo.com/mobile/thumbnails/72396425.jpg,Salex Executive Garam Industri,Wahana Persada Nusantara,"Jakarta Utara, DKI Jakarta",0,0,,"Persyaratan 
 Mampu berkomunikasi dengan baik ke semua pihak 
 Mau mengikuti arahan dari management 
 Jujur dan berintegritas 
 Menguasai area Jakarta, Bekasi, dan Tangerang 
 Memiliki kendaraan pribadi (SIM C) 
 Memiliki pengalaman di bidang penjualan perusahaan ke perusahaan 
 Pengalaman di bidang penjualan bahan makanan lebih diutamakan",,,0,2,SLTA/Sederajat ,,0,0,31/07/2019 11:25:00,https://jobindo.com/Lowongan-Pekerjaan-salex-executive-garam-47406.html
https://jobindo.com/mobile/thumbnails/47942728.jpg,Store Keeper,PT. Mitra Cipta Hardi Elektrindo,"Jakarta Pusat, DKI Jakarta",0,0,,"Persyaratan 
 Pendidikan min SLTA 
 Usia Max. 25 tahun 
 Lebih disukai berpengalaman sebagai admin sales/kasir/kru toko 
 Menguasai Ms. Office (khususnya Ms. Excel) 
 Penampilan menarik",,"
 Deskripsi Pekerjaan
Menarik dan melayani calon pembeli di showroom
Menjelaskan produk perusahaan
Melakukan transaksi penjualan
Mengelola administrasi transaksi showroom
 ",2,5,SLTA/Sederajat ,,0,0,02/03/2018 14:25:00,https://jobindo.com/Lowongan-Pekerjaan-store-keeper-30604.html
https://jobindo.com/mobile/thumbnails/87331730.jpg,Accounting,PT Karya Indah Abadi Terus,"Jakarta Barat, DKI Jakarta",0,0,,"Persyaratan 
 Kompeten di bidang akuntansi 
 Memiliki pengetahuan dasar mengenai pajak 
 Pria minimal 2 tahun pengalaman kerja. Usia 26-30 tahun 
 Wanita minimal 5 tahun pengalaman kerja. Usia minimal 30 tahun 
 Belum menikah",,"
 Deskripsi Pekerjaan
Membuat pembukuan perusahaan
Berhubungan dengan konsultan pajak untuk mengatur pajak perusahaan

",2,5,Sarjana ,,0,0,27/03/2018 13:18:00,https://jobindo.com/Lowongan-Pekerjaan-accounting-31587.html
https://jobindo.com/mobile/thumbnails/680089395.jpg,Admin Legal,PT. Trimaxindo International Indonesia,"Jakarta Barat, DKI Jakarta",0,0,,"Persyaratan 
 Umur max 28 tahun 
 Pria / Wanita 
 Minimal S1 Hukum 
 Berdomisili di Jakarta Barat 
 Memiliki pengalaman minimal 2 tahun",,"
 Deskripsi Pekerjaan
Menguasai dokumen - dokumen terkait kontrak
Memproses pengajuan surat - surat yang berkaitan dengan legalitas
Memproses pengajuan untuk memperpanjang surat - surat
Mengurusi asset - asset yang dimiliki perusahaan

",0,2,Sarjana ,,0,0,01/01/1970 00:00:00,https://jobindo.com/Lowongan-Pekerjaan-admin-legal-28675.html
https://jobindo.com/mobile/thumbnails/48948180.jpg,Sales Executive,PT. Pro Energi,"Jakarta Selatan, DKI Jakarta",0,0,,"Persyaratan 
 
 Pendidikan minimal D3/S1 semua Jurusan 
 Minimal mempunyai pengalaman selama 2 tahun sebagain sales corporate 
 Memiliki kemampuan komunikasi interpersonal yang baik, serta mampu bekerjasama dengan team 
 Mampu bernegosiasi dan mempunyai kemampuan komunikasi yang baik 
 Mempunyai networking yang luas 
 Memiliki ketertarikan pada dunia sales/marketing, motivasi tinggi dan dinamis 
 Mempunyai SIM A atau C 
 Mempunyai kendaraan pribadi (mobil/motor)",,,0,2,Sarjana ,,0,0,20/01/2018 15:51:00,https://jobindo.com/Lowongan-Pekerjaan-sales-executive-28972.html
https://jobindo.com/mobile/thumbnails/50120327.jpg,Staff Teknisi Listrik,PT. Kulit Sehat Indonesia,"Jakarta Barat, DKI Jakarta",0,0,,"Persyaratan 
 Pria, Pendidikan Minimal SMK – Elektro dan Usia tidak lebih dari 27 tahun. 
 Pengalaman   minimal : 2 tahun  sebagai  Teknisi Listrik  di proyek Elekrical (Arus Kuat) 
 Pengalaman dan Menguasai Penanganan Project Penangan Instalasi LED. 
 Diutamakan bagi yang membuat estimasi atas perhitungan biaya proyek. 
 Menguasai/ fasih dalam menggunakan  Autocad 2D dan 3D, sketch program  , dan microsoft office dan  microsoft project 
 Memahami Standard instalasi : PUIL ; SNI maupun standard yang lain. 
 Memahami spesifikasi teknis pekerjaan MEP. 
 Mampu menghitung dan mengerti struktur dan schedule proyek 
 Berbahasa inggris secara aktif (lisan dan tulisan) 
 Bersedia ditempatkan di proyek diseluruh Indonesia",,,2,5,SLTA/Sederajat ,,0,0,01/01/1970 00:00:00,https://jobindo.com/Lowongan-Pekerjaan-staff-teknisi-listrik-32779.html
https://jobindo.com/mobile/thumbnails/53640343.jpg,Marketing Representative (Jakarta Barat),PT.Elabram Systems,"Jakarta Barat, DKI Jakarta",0,0,,"Persyaratan 
 Pria/wanita 
 Usia max.38th 
 Pendidikan min.SMA sederajat 
 Pengalaman & NON pengalaman 
 Memiliki kendaraan bermotor 
 Menyukai tantangan 
 Siap bekerja dilapangan 
 Penempatan di cabang wilayah  Jakarta Barat",,"
 Deskripsi Pekerjaan
Melakukan akusisi nasabah rekening ponsel
mencari calon agen/mitra usaha
Melakukan persiapan on boarding agen (training, verifikasi, pemasangan POSM, geo tagging)
Melakukan pelaporan dari kunjungan verifikasi calon agen/nasabah.

",0,2,SLTA/Sederajat ,,0,0,01/01/1970 00:00:00,https://jobindo.com/Lowongan-Pekerjaan-marketing-representative-jakarta-30751.html
https://jobindo.com/mobile/thumbnails/81356925.jpg,Bussiness Development,PT. ZETACOMM,"Jakarta Pusat, DKI Jakarta",0,0,,"Persyaratan 
 Pria/wanita Usia maksimal 30 tahun 
 Pendidikan minimal SLTA/sederajat 
 Memiliki kendaraan sendiri & Sim yang masih aktif 
 Dapat mengoperasikan PC (min MS.Word & Excell) 
 Dapat berkerja dibawah tekanan & target oriented 
 Diutamakan yang sudah berpengalaman sebagai marketing bidang industri",,"
 Deskripsi Pekerjaan
Melakukan proses penawaran kepada calon Clien mulai dari perkenalan, negosiasi sampai dengan closing
melakukan penjualan sesuai dengan target yang diberikan
mencari & menciptakan permintaan clien baru
melakukan presentasi ke calon client perihal produk/jasa yang ditawarkan
menyiapkan laporan penjualan harian mengenai kegiatan/follow up calon clien baru

",0,2,SLTA/Sederajat ,,0,0,01/01/1970 00:00:00,https://jobindo.com/Lowongan-Pekerjaan-bussiness-development-11010.html
https://image-service-cdn.seek.com.au/5c25359addba73a0ab95cbab4a0fb784e3814737/ee4dce1061f3f616224767ad58cb2fc751b8d2dc,QA SUPERVISOR,PT Ultra Sakti,Bekasi,0,0,Penuh Waktu,"Manufaktur ,  Penjaminan Kualitas / QA",Supervisor/Koordinator,"Pendidikan minimal Apoteker atau setara. Lebih disukai dengan pengalaman minimal 1 tahun dalam bidang Industri Manufaktur Farmasi Terbuka untuk lulusan baru Keterampilan yang harus dimiliki: detail, ketelitian, komunikasi & kerja sama Lebih disukai Supervisor/Koordinator khusus dalam Kesehatan - Farmasi atau setara. Bersedia ditempatkan di  BEKASI",1,0,Sarjana (S1),,0,0,22/12/2022 00:45:46,https://www.jobstreet.co.id/id/job/qa-supervisor-4152980?jobId=jobstreet-id-job-4152980&sectionRank=19390&token=0~c0ef8d34-3204-4540-99a3-8e7b37c87d23&fr=SRP%20Job%20Listing
https://images.glints.com/unsafe/glints-dashboard.s3.amazonaws.com/company-logo/e3f9606827ae5010a7d3415c2c623d9e.png,Social Media Marketing Officer,Pt Ada Ide Langsung Jalan,Malang,0,0,Penuh Waktu,Marketing | Skills Search Engine Optimization (SEO) Social Media Marketing Digital Marketing,,"Deskripsi pekerjaan Social Media Marketing Officer Pt Ada Ide Langsung Jalan Kualifikasi - Usia maks. 35 tahun - Pendidikan minimal S1 semua jurusan Statistika, Data Science, Matematika, atau Teknik Informatika  - Mengikuti pelatihan Digital Marketing atau pelatihan Facebook Ads dan Instagram Ads - Pengalaman kerja relevan Social Media Marketer, Specialis Iklan Berbayar, SEO Specialist, SEM Specialist, Digital Marketing Strategist, Google Advertiser, Facebook/Instagram Advertiser",1,3,,IDR,3.100.000,3.800.000,01/01/1970 00:00:00,https://glints.com/id/opportunities/jobs/social-media-marketing-officer/9c260444-3a8f-4336-814b-227025132278
https://jobindo.com/mobile/thumbnails/32087294.jpg,Perawat Gigi,Alya Esthetic Center,"Malang, Jawa Timur",0,0,,"Persyaratan 
 Laki-laki / Perempuan 
 Usia Max 30 Tahun 
 Berpenampilan menarik 
 Memiliki STR Aktif 
 D3 Perawat Gigi",,"
 Deskripsi Pekerjaan
Perawat Gigi
Asisten Dokter Gigi
Siap Belajar dan melakukan tindakan menggunakan alat medis terbaru

",0,2,Diploma 3 ,,0,0,01/01/1970 00:00:00,https://jobindo.com/Lowongan-Pekerjaan-perawat-gigi-28276.html
,Dosen/Tutor,Politeknik Industri Nusantara,Bali,1,50,Penuh Waktu,"Pendidikan/Pelatihan ,  Pendidikan",Pegawai (non-manajemen & non-supervisor),Kualifikasi Dosen : Usia maksimal 58 tahun Berijazah minimal Program Magister Kualifikasi Tutor : Berstatus sebagai karyawan di Mitra Kerja sesuai Jurusan Berijazah minimal D3 Pengalaman minimal 3 tahun sesuai jurusan Memiliki Sertifikat Keahlian/Kompetensi yang masih berlaku sesuai jurusan,3,0,"Sertifikat Professional, D3 (Diploma), D4 (Diploma), Sarjana (S1), Diploma Pascasarjana, Gelar Professional, Magister (S2)",,0,0,20/12/2022 07:12:45,https://www.jobstreet.co.id/id/job/dosen-tutor-4150690?jobId=jobstreet-id-job-4150690&sectionRank=29438&token=0~1b9f45a3-3c7c-4248-969f-8f699f9ccd2c&fr=SRP%20Job%20Listing
https://jobindo.com/mobile/thumbnails/254431166.jpg,SPG (Pasar baru),PT. Raja Golf,"Jakarta Pusat, DKI Jakarta",0,0,,"Persyaratan 
 
 
 SMA/SMK 
 Wanita / Maksimal Usia 25 Tahun 
 Minimal Pengalaman 1 Tahun 
 Single/belum menikah. 
 Memiliki komunikasi dan berprikebadian yang baik dan menarik. 
 Dinamis, dapat bekerja sama (dalam sebuah tim kerja) dan dapat bekerja secara independen. 
 Memiliki sikap kerja yang baik, disiplin dan berdedikasi.",,,0,2,SLTA/Sederajat ,,0,0,01/01/1970 00:00:00,https://jobindo.com/Lowongan-Pekerjaan-spg-pasar-baru-6217.html
https://jobindo.com/mobile/thumbnails/18815122.jpg,Senior Teknisi CCTV,BUZZ CCTV,"Jakarta Barat, DKI Jakarta",0,0,,"Persyaratan 
 Minimal 1 tahun pengalaman dibidang yang sama 
 Pria, umur diutamakan di bawah 35 tahun 
 Pengalaman minimal 1 tahun di bidang Teknisi CCTV 
 Pendidikan min. SMK/SMA/MA/Sederajat 
 Punya kendaraan bermotor sendiri dan memiliki SIM C 
 Jujur, disiplin dan tanggung jawab 
 Rajin masuk kerja, tidak bolos 
 Bisa masuk kerja di hari Minggu/libur jika diperlukan sewaktu-waktu (situasional) 
 Bisa selalu dihubungi kapanpun juga (telepon aktif 24 jam) 
 Bisa berkomunikasi ke rekan kerja dan pelanggan dengan baik 
 Ada pengalaman Instalasi dan Setting CCTV 
 Gaji bisa nego",,"
 Deskripsi Pekerjaan
Datang ke lokasi pelanggan yang mau dipasangi CCTV untuk melakukan pemasangan
Datang ke lokasi pelanggan yang komplain karena CCTV bermasalah
Datang ke lokasi pelanggan yang ingin disetting router internetnya supaya bisa lihat CCTV di smartphone
Datang ke lokasi pelanggan/calon pelanggan yang ingin disurvei pemasangan CCTV dan memberikan saran ternaik kepada pelanggan terkait titik-titik pemasangan
Berkoordinasi ke sesama rekan kerja dan bekerja sama dalam hal pemasangan CCTV
Mengambil barang CCTV/alat security lain dari Buzz untuk dicek berfungsi tidaknya dan atau mengirim barang CCTV/alat security lain pesanan pelanggan ke lokasi tujuan

",0,2,SLTA/Sederajat ,,0,0,23/05/2018 12:25:00,https://jobindo.com/Lowongan-Pekerjaan-senior-teknisi-cctv-33612.html
https://jobindo.com/mobile/thumbnails/40014444.jpg,Sales (Yogyakarta),PT Gizitatapangan Sejahtera,"Yogyakarta, DI Yogyakarta",0,0,,"Persyaratan 
 Pengalaman mi 6 bulan 
 Pria",,"
 Deskripsi Pekerjaan
Cek stock yang ada di toko
Memajang stock, mengeluarkan stock yang ada di gudang di toko
Bersedia dinas keluar kota untuk merapikan pajangan di area sukabumi, cianjur, subang, pamanukan, patrol, purwakarta dan karawang
Melakukan promosi di toko dengan cara membanded produk, pompa balon
Bisa melakukan negosiasi PO dan pajangan ke pihak toko
Mampu koordinasi aktif dengan pihak toko dan salesman distributor untuk mencapai target
Cek stock di gudang distributor
Memiliki fisik dan mental yang kuat

",0,2,SLTA/Sederajat ,,0,0,01/01/1970 00:00:00,https://jobindo.com/Lowongan-Pekerjaan-sales-yogyakarta-29466.html
https://image-service-cdn.seek.com.au/88b0f18276f21e7eb425c6c03e2fd1c601b7bffa/ee4dce1061f3f616224767ad58cb2fc751b8d2dc,Data Analyst,Cimory Group,Jakarta Barat,1001,2000,Penuh Waktu,"Sumber Daya Manusia/Personalia ,  Staf / Administrasi umum",Pegawai (non-manajemen & non-supervisor),Responsibilities: Mengolah raw data system ASIS by Excel Validasi penginputan data omset dari distributor Requirements: D3 atau S1 semua jurusan Menguasai Microsoft Office terutama Excel & Powerpoint Memiliki kemampuan berkomunikasi yang baik,1,0,"Sertifikat Professional, D3 (Diploma), D4 (Diploma), Sarjana (S1)",,0,0,23/12/2022 04:42:33,https://www.jobstreet.co.id/id/job/data-analyst-4154899?jobId=jobstreet-id-job-4154899&sectionRank=16347&token=0~6810fe50-f65b-4e96-a1dd-0f212357fbf1&fr=SRP%20Job%20Listing
https://jobindo.com/mobile/thumbnails/48717459.jpg,Maintenance Manager,PT. Prima Kemasindo,"Bekasi, Jawa Barat",0,0,,"Persyaratan 
 Pria, usia maks. 35 tahu 
 Pendidikan min. S1 Elektro/ Teknik Mesin 
 Pengalaman minimal 5 tahun di bidang yang sama di industri makanan 
 Pengalaman dengan mesin ACS 
 Pengalaman dengan mesin filling/packing sachet 
 Memahami Total Preventive Maintenance 
 Menguasai listrik arus kuat 
 Menguasai mesin PLC/Servo 
 Bersedia ditempatkan di daerah Narogong, Bekasi",,"
 Deskripsi Pekerjaan
Menyusun jadwal pemeliharaan (Preventive Maintenance), perbaikan mesin dan peralatan serta fasilitas produksi lain (Service) agar produksi dapat berjalan lancar
Menyusun Program dan Rencana Kerja untuk Departemen Maintenance berdasarkan Rencana Pemeliharaan dan Perbaikan.
Mengawasi pelaksanaan pemeriksaan dan pemeliharaan berkala, perbaikan mesin & peralatan, instalasi listrik dan sarana penunjang lainnya
Menyusun pedoman dan petunjuk kerja pemeliharaan dan perbaikan mesin produksi, sarana penunjang dan infrastruktur lainnya dengan melakukan kualifikasi design, instalasi, operasional, kinerja serta kalibrasi instrumen dan validasi mesin & alat.
Melaksanakan tugas-tugas lainnya yang dibebankan oleh Plant Manager ataupun dari Manajemen Perusahaan.
Mengadakan penilaian atas prestasi kerja bawahannya secara berkala sesuai kebutuhan

",5,10,Sarjana ,,0,0,29/12/2017 12:53:00,https://jobindo.com/Lowongan-Pekerjaan-maintenance-manager-28126.html
https://jobindo.com/mobile/thumbnails/94152212.jpg,SPG/SPB,PT. Asia Chemical Industri,"Jakarta Timur, DKI Jakarta",0,0,,"Persyaratan 
 Laki-Laki/ Perempuan 
 Usia<30th 
 Pendidikan min SMA/Sederajat 
 Memiliki pengalaman sebagai Sales min 1thn. 
 Berpenampilan menarik 
 Bisa menggunakan Bhs Ingg baik lisan maupun tulisan. 
 Penempatan di ACE Hardware Jakarta & Bogor.",,"
 Deskripsi Pekerjaan
Memperkenalkan produk ""Yucom""
Menjual produk ""Yucom""

",0,2,SLTA/Sederajat ,,0,0,25/08/2016 15:32:00,https://jobindo.com/Lowongan-Pekerjaan-spgspb-8847.html
https://jobindo.com/mobile/thumbnails/6436380.jpg,Pre-sales Assistant Manager,PT Securemetric Technology,"Jakarta Pusat, DKI Jakarta",0,0,,"Persyaratan 
 Good command of English is a must. 
 Excellent solutioning and organization skills. 
 Able to communicate complicated technical issue with effective presentation skills. 
 Willing to learn and possess good leadership skills. 
 Tenacious work attitude.  
 Must be highly motivated, proactive, possess positive attitude and have excellent organizational skills. 
 Excellent written and verbal communication skills with good interpersonal skills. 
 Ability to lead and motivate team members. 
 Able to meet deadlines along with working under pressure. 
 Willing to travel if required.",,"
 Deskripsi Pekerjaan
Assist in leading and managing the presales team.
Delegate and monitor the tasks of Pre-Sales team members.
Provide Pre-Sales support by offering technical recommendation to the Sales team and internal team members.
Conduct presentation and demonstration work.
Review technical consultancy provided to potential clients on the possible solution that Securemetric can offer.
Review the analysis of customer requirements.
Review the analysis and report on the technical feasibility of opportunities presented by Sales team.
Review the presentation and demonstration.
Review the tender submission preparations.
Review the POC preparation and execution.
Lead and coordinate the ""Solutioning"" process.
Lead and work with team members to generate project proposal and/or tender bid submission.
Any other tasks assigned by management deem necessary as and when required.

",2,5,Sarjana ,,0,0,26/06/2020 00:36:00,https://jobindo.com/Lowongan-Pekerjaan-presales-assistant-manager-54004.html
,Web Developer Wordpress,JasaWebsite.Biz,,0,0,,,,,0,0,,,0,0,28/12/2022 07:52:06,https://www.jobstreet.co.id/id/job/web-developer-wordpress-4159840?jobId=jobstreet-id-job-4159840&sectionRank=22476&token=0~b720e074-fba3-46d2-8c33-d4f4da711392&fr=SRP%20Job%20Listing
,LOGISTIC STAFF,PT JAYA ARMADA SEJATI MARITIM,Jakarta Barat,0,0,Penuh Waktu,"Pelayanan ,  Logistik/Rantai Pasokan",Pegawai (non-manajemen & non-supervisor),"Responsibility : The business content is to handle customs clearance and distribution in Indonesia,mainly responsible for communicating with local agent,truck vendor and customers, sorting and reviewing import documents, and following up on business progress. Office daily operations, occasionally need to go to the port or warehouse for supervision. Requirements: Master basic English communication and be able to use office software such as office Work meticulously and conscientiously, with strong sense of responsibility, willing to work with team members Willing to try new things, not afraid of the challenges encountered in the work, can actively overcome Learned or know about logistics is better Unlimited work experience Remark: Work office at APL tower Salary is negotiable (feel free to let us know if you have salary expectations)",1,0,Sarjana (S1),IDR,5.000.000 , 8.000.000 ,29/12/2022 03:44:57,https://www.jobstreet.co.id/id/job/logistic-staff-4160676?jobId=jobstreet-id-job-4160676&sectionRank=10518&token=0~46c83d3a-eec8-4a1d-a060-21ebf2d13d12&fr=SRP%20Job%20Listing
https://jobindo.com/mobile/thumbnails/84971972.jpg,Tentor Fisika,Sunshine Heart School,Jawa Tengah,0,0,,"Persyaratan 
 Pria / wanita usia 20 - 35 
 Pendidikan minimal s1 pendidikan fisika / ilmu murni 
 Mampu mengajar 
 Suka mengajar",,"
 Deskripsi Pekerjaan
memberikan soal kepada anak
memberikan materi pada anak didik
membuat rph dan rpp

",0,2,Sarjana ,,0,0,10/03/2018 16:24:00,https://jobindo.com/Lowongan-Pekerjaan-tentor-fisika-30953.html
https://jobindo.com/mobile/thumbnails/20284725.jpg,Accounting dan Finance,PT FAJAR LESTARI GROUP,"Makassar, Sulawesi Selatan",0,0,,"Persyaratan 
 Wanita 
 Usia max.30 Tahun 
 Pendidikan min. S1 Akuntansi 
 Mampu dalam mengoperasikan pengolahan data 
 Memiliki pengalaman min. 1 tahun 
 Mampu dalam bekerja Secara Individu maupin tim",,"
 Deskripsi Pekerjaan
Membuat Invoice Penagihan
Memastikan tagihan terkirim dan dibayar tepat waktu
Melakukan penagihan dan Follow Up
Membuat laporan bulanan
Melakukan input kas dan data transaksi jurnal harian
Menyiapkan dokumen penagihan ke customer
Menyusun Laporan keuangan perusahaan

",2,5,Diploma 3 ,,0,0,19/03/2021 06:57:00,https://jobindo.com/Lowongan-Pekerjaan-accounting-dan-finance-57423.html
https://images.glints.com/unsafe/glints-dashboard.s3.amazonaws.com/company-logo/0031fcc7dee07649ede31aef78dbccbb.jpg,Project Controller -Admin Operations,PT Didanataneca Teknologi Indonesia,"Tebet, Jakarta",0,0,Penuh Waktu,Operations | Skills Project Planning Project Management Project Controller,,"Deskripsi pekerjaan Project Controller -Admin Operations PT Didanataneca Teknologi Indonesia Requirements  : · Candidates must have at least a Bachelor's Degree Diploma in Information Systems. · At least 3 years of work experience in related fields (Deeply understand the process / lifecycle for information systems (System Analyst). · Skills required: Communication, Project Management, Project Office Reports, Mechanical/Electro/Automation Technical Competencies, Time Management, Project Estimators. · Able to negotiate well.  Responsibility : · Responsible for controlling the project status, project progress, and costs for each project. · Responsible for project continuity audit & on-site checking on planning execution. · Serves the data supply of the internal project management team. · Work monitoring according to schedule. · Control and make reports for a job carried out. · Monitor budget expenditures and project processes. · Understand the variance of the predetermined budget then recommends achieving a more affordable project budget (lowest price). · Coordinate with the technical team.",3,5,,IDR,7.000.000,8.000.000,01/01/1970 00:00:00,https://glints.com/id/opportunities/jobs/project-controller-admin-operations/2f9ff308-8a1e-436d-a50f-0e5083c807a7
https://jobindo.com/mobile/thumbnails/34500684.jpg,Operator & Programmer CNC,PT PENGUIN GROUP,"Jakarta Barat, DKI Jakarta",0,0,,"Persyaratan 
 Pria, usia max.35th 
 Pendidikan SMA/SMK/STM Teknik Mesin 
 Pengalaman kerja minimal 2th sebagai teknisi mesin CNC 
 Dapat mengoperasikan dan melakukan maintenance mesin CNC 
 Dapat membaca gambar teknik",,"
 Deskripsi Pekerjaan
Melakukan pemeriksaan mesin sebelum & sesudah digunakan
Memahami ukuran ukuran kritikal
Menjaga operasional yang aman dengan mengikuti prosedur dan peraturan keselamatan
Memperbaiki mesin sesuai kemampuan dan arahan dari Atasan

",2,5,SLTA/Sederajat ,,0,0,01/01/1970 00:00:00,https://jobindo.com/Lowongan-Pekerjaan-operator-programmer-cnc-21746.html
https://jobindo.com/mobile/thumbnails/14876265.jpg,Cook - Thai Food,CV. AUSTRALINDO MAKMUR BERSAMA,"Jakarta Selatan, DKI Jakarta",0,0,,"Persyaratan 
 Pria 
 Bersedia ditempatkan di Gandaria City 
 Bisa memasak fried rice, pad thai dan masakan lainnya",,,0,2,SLTA/Sederajat ,,0,0,08/02/2019 14:20:00,https://jobindo.com/Lowongan-Pekerjaan-cook-thai-food-43031.html
https://jobindo.com/mobile/thumbnails/493123003.jpg,Staff Account Receivable,PT Titan Sarana Niaga,"Jakarta Selatan, DKI Jakarta",0,0,,"Persyaratan 
 Pria Minimal 19 Tahun 
 Pendidikan Minimal SMK diutamakan Jurusan Akutansi 
 Mengenal dan mengetahui software accurate 
 fresh graduate dipersilahkan melamar 
 Mampu mengoperasikan Ms. Office dan program Accurate 
 Mampu bekerja secara tim ataupun individu 
 Dapat dipercaya 
 Mempunyai SIM C",,"
 Deskripsi Pekerjaan
Melakukan input transaksi dan mampu menyajikan laporan keuangan
Memantau arus kas operasional perusahaan

",0,2,SLTA/Sederajat ,,0,0,01/01/1970 00:00:00,https://jobindo.com/Lowongan-Pekerjaan-staff-account-receivable-12092.html
https://image-service-cdn.seek.com.au/18369e39cf013eec79aa7835404d5acedfd39540/ee4dce1061f3f616224767ad58cb2fc751b8d2dc,IT Service Desk,PT I D X Partners,Jakarta Raya,51,200,Penuh Waktu,"Pelayanan ,  Teknikal & Bantuan Pelanggan",,"id/x partners  provide consulting services that specializes in utilizing data mining solutions combined with an integrated risk management and marketing discipline to help clients optimize the portfolio profitability and business process. We want you to be part of our team, in which you will play a major role helping us to fundamentally aspect of our solutions. We are seeking a IT Service Desk. Who will be part of a learning culture, where teamwork and collaboration are encouraged, excellence rewarded, and diversity is respected and valued. You will be responsible: Provide first point of contact for customers seeking technical assistance over the phone or email. Perform first level troubleshooting and support for issue/inquiry request from Customers. Register/logging reported issue by customers over email/phone to ticketing system/issue register form. Escalate and coordinate to higher support level. Follow-up and update issue/problem status and information to customers Requirements: Minimum Associate Degree Computer Science, Engineering, or equivalent practical experience. Familiar with service desk/ticketing tools such as Mantis ticket system, Jira etc. Have minimum 1 years’ experience working with UNIX/Linux systems/System Administrator/Database. Fresh graduate are welcome to apply. Willing to work on shift. Good communication skills",1,0,Sarjana (S1),,0,0,16/12/2022 10:49:12,https://www.jobstreet.co.id/id/job/it-service-desk-4147723?jobId=jobstreet-id-job-4147723&sectionRank=25008&token=0~2f10ac93-247d-43e3-b51f-f04e9e769f88&fr=SRP%20Job%20Listing
https://jobindo.com/mobile/thumbnails/53640343.jpg,Account Executive,PT.Elabram Systems,"Jakarta Pusat, DKI Jakarta",0,0,,"Persyaratan 
 Wanita, max usia 30th 
 Lulusan komputer (computer engineering, information systems, information engineering) 
 pengalaman min 1-2 tahun di marketing 
 memiliki pengalaman di bidang ISP/MSP 
 komunikasi yang baik dan memilikin keahlian untuk presentasi 
 bisa bekerja mandiri dan berkelompok 
 penempatan di jakarta barat, bandung, surabaya dan semarang (khusus semarang laki-laki)",,"
 Deskripsi Pekerjaan
Menjual & mempromosikan produk internet ke kantor - kantor atau hospital
 ",0,2,Sarjana ,,0,0,01/01/1970 00:00:00,https://jobindo.com/Lowongan-Pekerjaan-account-executive-28738.html
https://jobindo.com/mobile/thumbnails/474165663.jpg,Team Asset Retriever (TAR ) - Bengkulu,PT INDONESIA MEDIA TELEVISI,"Bengkulu, Bengkulu",0,0,,"Persyaratan TAR adalah team pencabutan perangkat dirumah konsumen yang sudah tidak aktif lagi, 
 Kualifikasi : 
 
 Pendidikan SMU / sederajat 
 Memiliki kendaraan sendiri minimal motor 
 Memiliki SIM C, lebih diutamakan memiliki SIM A 
 Mampu berkerja dibawah tekanan",,,0,2,SLTA/Sederajat ,,0,0,02/03/2016 11:01:00,https://jobindo.com/Lowongan-Pekerjaan-team-asset-retriever-3059.html
,Digital Campaign Manager,Starry Night Labs Pte. Ltd.,Jakarta Selatan,0,0,,,,,0,0,,IDR,12.000.000 , 16.800.000 ,13/12/2022 02:30:07,https://www.jobstreet.co.id/id/job/digital-campaign-manager-10244397/origin/sg?jobId=jobstreet-sg-job-10244397&sectionRank=27669&token=0~7c8761fd-184f-4588-bce4-a39c544bab31&fr=SRP%20Job%20Listing
https://jobindo.com/mobile/thumbnails/16625952.jpg,Sales Surveyor,Indanung Plastik,"Jakarta Utara, DKI Jakarta",0,0,,"Persyaratan 
 kandidat harus memiliki pendidikan SMA / SMK Jurusan apapun 
 pengalaman min 1 tahun dibidang yang sama lebih disukai khususnya penjualan retail / umum / setara 
 memilki kendaraan kendaraan pribadi, diutamakan roda 2 
 siap bekerja dalam tim 
 menguasai daerah jabodetabek 
 siap bekerja dibawah tekanan, & berorientasi pada target yang diberikan 
 gaji, komisi, & tunjangan menarik",,"
 Deskripsi Pekerjaan
mencari customer baru yang berpotensi
mencari pasar yang berpotensi untuk bisa memasarkan produk perusahaan
melihat produk apa yang dibutuhkan dipasaran
kunjungan kepada pelanggan lama dan langganan baru serta menawarkan menawarkan produk perusahaan
membuat laporan kunjungan setiap harinya untuk yang dilaporkan ke tim marketing

",0,2,SLTA/Sederajat ,,0,0,01/01/1970 00:00:00,https://jobindo.com/Lowongan-Pekerjaan-sales-surveyor-48476.html
,Pelayan Toko,Toko Venus,Jakarta Raya,0,0,Penuh Waktu,"Hotel/Restoran ,  Makanan/Minuman/Pelayanan Restoran",,Deskripsi Pekerjaan : -melayani customer -menghitung stok harian -menjaga kebersihan toko -melakukan proses pembukuan harian Kualifikasi Pekerjaan : -menghitung dan merekap penjualan -Berpenampilan rapi -Mau belajar & berkembang.,1,0,,,0,0,23/12/2022 06:18:36,https://www.jobstreet.co.id/id/job/pelayan-toko-4155021?jobId=jobstreet-id-job-4155021&sectionRank=23692&token=0~7f6f6df5-d714-4bbb-b938-0007559279f6&fr=SRP%20Job%20Listing
https://images.glints.com/unsafe/glints-dashboard.s3.amazonaws.com/company-logo/11f1c2b57ede81cf537635174aa5fc7b.jpeg,IT Governance,Manufacturing,Bogor,0,0,Penuh Waktu,Operations | Skills IT Analyst Business Analyst Business Strategy,,"Deskripsi pekerjaan IT Governance Manufacturing Deskripsi Pekerjaan Membangun, merancang, visualisasi data, report, yang digunakan untuk pengambilan keputusan perusahaan Melakukan pembuatan perubahan laporan ITyang sesuai dengan kebutuhan perusahaan Melaksanakan implementasi review dan perbaikan sesuai dengan timeline dan form yang berlaku Mempersiapkan,menganalisa data untuk pengujuan aplikasi IT Memastikan IT menghasilkan report yang sesuai Kualifikasi: Pendidikan minimal S1 Teknik Informatika, Sistem Informasi, Sistem Komputer atau pendidikan lain yang relevan Pengalaman minimal 1 tahun (freshgraduate dipersilahkan melamar) Memiliki analisa data yang kuat Familiar dengan Microsoft Office",0,1,,IDR,100,200,01/01/1970 00:00:00,https://glints.com/id/opportunities/jobs/it-governance/0b226423-5901-4e05-9888-64275d2c53a2
,Store Administration Clerk (SAC),Gramedia Gajah Mada Medan,,0,0,,,,,0,0,,,0,0,20/12/2022 12:04:08,https://www.jobstreet.co.id/id/job/store-administration-clerk-sac-4151376?jobId=jobstreet-id-job-4151376&sectionRank=24377&token=0~9e03439a-79e6-4989-ab96-6b8676299558&fr=SRP%20Job%20Listing
https://image-service-cdn.seek.com.au/0bc3ced0e325a10aa100f96453ec603207a8e4ad/ee4dce1061f3f616224767ad58cb2fc751b8d2dc,Sales Executive East Java,Kanmo Group,Jawa Timur,1001,2000,Penuh Waktu,"Penjualan / Pemasaran ,  Penjualan Ritel",Supervisor/Koordinator,"Responsibility: Responsible for sales achievement in East Javaareas by increasing business opportunities through dealing with new accounts Identify new sales opportunities within existing accounts to remind a client account manager relationship by upselling and cross selling Reaching the targets and goals set for your area by maintaining and increasing sales of all products Establishing, maintaining and expanding area customer base by servicingthe needs of existing accounts Requirements: Bachelor degree in any major from reputable university Having 3 years working experience in Sales with the last position as Area Sales Supervisor Preferably having experience in Retail Fashion Product Possess strong written and verbal communication in English Willing to travel Excellent in interpersonal skill, with ability to work independently or in a team Strong analytical skill (data and reporting), negotiation skill, and leadership skill",3,0,,IDR,6.000.000 , 8.900.000 ,27/12/2022 11:30:44,https://www.jobstreet.co.id/id/job/sales-executive-east-java-4158904?jobId=jobstreet-id-job-4158904&sectionRank=17072&token=0~f7dac4da-7cdd-4538-af16-2c3254746e4e&fr=SRP%20Job%20Listing
,Tim Creative,PT Le Moesiek Revole,Jakarta Raya,0,0,Penuh Waktu,"Seni/Media/Komunikasi ,  Seni / Desain Kreatif",Pegawai (non-manajemen & non-supervisor),"Deskripsi Pekerjaan : Dapat Menemmukan dan merusmuskan ide acara Dapat membuat konsep video kreatif Dapat membantu story line, storyboard & naskah Kualifikasi : Passionate & high energy Super kreatif 7 percaya diri Motiviasu tinggi Aktif menggunakan tiktok Memahami dunia marketing Pintar berkomunikasi Familiar dengan dunia konten kreator Diutamakan pengalaman minimal 1 tahun di satisiun TV",1,0,,,0,0,18/12/2022 11:35:39,https://www.jobstreet.co.id/id/job/tim-creative-4148252?jobId=jobstreet-id-job-4148252&sectionRank=28549&token=0~9d6daff3-4846-47e6-ac03-98d0b6323d7c&fr=SRP%20Job%20Listing
https://images.glints.com/unsafe/glints-dashboard.s3.amazonaws.com/company-logo/ba1bdc669366aa1249efd05ed3264204.jpg,Admin Staff,Pt Sappe Indonesia,"Setiabudi, Jakarta",0,0,Penuh Waktu,Administrative | Skills Sap Business One Good Communication Teamwork Ms Excel,,"Deskripsi pekerjaan Admin Staff Pt Sappe Indonesia Qualification: 1.      Female 
2.Candidate must posses at least Bachelor degree in relevant major from reputable university (Min GPA 3.00/4.00)
3.Ability to work in team, good attitude and integrity is a must
4.Not discriminaty job role
5.Not procrastinate task
6.At Least 1 year experience; fresh graduate are welcome
7.Ability to work in team, good attitude, trustworthy, and intergrity is a must
8.Ability to work under pressure, work in fast paced, and dynamic environment.
9.Proficient in Ms. Office

Location : South Jakarta Fulltime Job

Only shorlisted candidates will be contacted",0,1,,,0,0,01/01/1970 00:00:00,https://glints.com/id/opportunities/jobs/admin-staff/f0043c14-aa55-4e7e-b346-33c6059e0bb3
,Supervisor Accounting,CV Berkat Untung Bersaudara,Sidoarjo,0,0,Penuh Waktu,"Akuntansi / Keuangan ,  Akuntansi Umum / Pembiayaan",Supervisor/Koordinator,"Deskripsi Pekerjaan Monitoring jurnal laporan keuangan. Mengontrol jalannya proses accounting. Mensupervisi pekerjaan accounting staff. Memeriksa dan memverifikasi semua pencatatan transaksi laporan keuangan. Menyampaikan laporan keuangan. Kualifikasi : Pendidikan minimal S1 jurusan akuntansi. Pengalaman minimal 5 tahun Usia maksimal 35 tahun Menguasai Ms. Office. Diutamakan pernah menggunakan Accurate, bersertifikat brevet A&B. Pernah bekerja di perusahaan manufaktur. Berpengalaman menyusun laporan keuangan & rekonsiliasi. Tegas, berintegritas tinggi, leadership, deadline, dan memiliki problem solving yang baik.",5,0,,,0,0,22/12/2022 07:50:02,https://www.jobstreet.co.id/id/job/supervisor-accounting-4153861?jobId=jobstreet-id-job-4153861&sectionRank=19702&token=0~1aa5ff9d-b5ab-40ce-b621-2eadbfab3b9e&fr=SRP%20Job%20Listing
https://jobindo.com/mobile/thumbnails/89147.jpg,Operator Laundry,Superwash Franchise Laundry,"Sleman, DI Yogyakarta",0,0,,"Persyaratan Requirements : 
 
 Pria/Wanita 
 Maksimal 30 tahun 
 Pendidikan minimal SMP 
 Aktif, komunikatif dan interaktif 
 Penempatan di wilayah Yogyakarta 
 Jujur, teliti, cekatan 
 
 Fasilitas yang didapat : 
 
 Gaji Pokok 
 Bonus 
 Tunjangan 
 Uang Makan 
 Uang Transport 
 Jamsostek dan BPJS",,,0,2,SLTP/Sederajat ,,0,0,01/01/1970 00:00:00,https://jobindo.com/Lowongan-Pekerjaan-operator-laundry-3388.html
https://karir-production.nos.jkt-1.neo.id/logos/72/7638772/logo1.jpeg,Driver SPX area Wonosobo,PT Majapahit Solusi Bersama,Sukoharjo - Sukoharjo,0,0,,"Persyaratan Laki-laki max usia 40 tahun
 Wajib Memiliki Kendaraan Pribadi
 SIM A Aktif
 STNK Aktif
 SKCK Aktif (Bisa menyusul)
 Rekening Pribadi Aktif
 Giat,Jujur & Teliti
 Area penempatan : Wonosobo, Garung, Mojotengah, Selomerto, Leksono, Sukuharjo, Kejajar, Watumalang Rate Driver : 5.500/paket atau 240.000/hari (sekitar 43 paket)",Pemula / Staf,"Tanggung Jawab Mengemudi ke titik pengiriman dan/atau penjemputan Mengirimkan barang ke penerima
 Mencatat pengiriman dan pembayaran",0,0,Apa Saja,IDR,5.000.000,6.600.000,19/12/2022 16:49:58,https://www.karir.com/opportunities/1356113
https://jobindo.com/mobile/thumbnails/97587451.jpg,Art Director,PT. Creative Center Indonesia,"Jakarta Selatan, DKI Jakarta",0,0,,"Persyaratan 
 Laki-laki, usia max. 27 tahun 
 Pengalaman minimal 2 tahun 
 Hard worker 
 Good taste 
 Good personality 
 Creative & Smart",,,0,2,Sarjana ,,0,0,01/01/1970 00:00:00,https://jobindo.com/Lowongan-Pekerjaan-art-director-23605.html
https://jobindo.com/mobile/thumbnails/45335022.jpg,Sales Kredit Tanpa Agunan (KTA),PT. HARDA ESA RAKSA,"Jakarta Utara, DKI Jakarta",0,0,,"Persyaratan Kualifikasi :  
 
 
 Laki2 dan Perempuan 
 Usia Maximal 35 tahun 
 Pendidikan minimal SMA 
 Memiliki kendaraan bermotor 
 Komunikatif 
 Orientasi target 
 Memiliki Motifasi kerja yang besar 
 Penempatan Jabodetabek 
 
 Benefit:  
 
 Gaji Pokok UMR 
 Uang Bensin 
 Insentif 
 Extra Insentif 
 Asuransi",,,0,2,SLTA/Sederajat ,,0,0,24/03/2016 17:31:00,https://jobindo.com/Lowongan-Pekerjaan-sales-kredit-tanpa-3892.html
https://jobindo.com/mobile/thumbnails/90660639.jpg,IT Support,PT. Graha Karya Informasi,DKI Jakarta,0,0,,"Persyaratan 
 Pengalaman bekerja sebagai IT Support minimal 1 tahun akan lebih disukai, namun fresh graduate dipersilahkan untuk melamar 
 Familiar dengan EDC (Electronic Data Capture), pengalaman melakukan troubleshoot hardware, software, dan jaringan 
 Memiliki pengetahuan yang baik mengani desktop dan server support tools(WinPE, sardu, Northon ghost, recovery, virtual, dll) 
 Memiliki pribadi yang mandiri, berinisiatif, mampu bekerja di bawah tekanan, dan memiliki sikap yang positif 
 Mampu melakukan komunikasi dan terbiasa bekerja dalam tim. 
 Memiliki kendaraan pribadi (karena sifat tugas yang mobile)",,"
 Deskripsi Pekerjaan
Melakukan troubleshoot pada hardware, software, dan jaringan.
Pengalaman dalam meng-handle Electronic Data Capture (EDC) merupakan nilai tambah untuk mendukung Anda ketika bekerja.
Anda juga akan melakukan mobilitas dari satu store/cabang ke store/cabang lain, terutama ketika ada troubleshoot sehingga dibutuhkan pribadi yang responsif dan terbiasa menghadapi kondisi menekan.

",0,0,Diploma 3 ,,0,0,20/12/2016 16:47:00,https://jobindo.com/Lowongan-Pekerjaan-it-support-13657.html
,MARKETING EXECUTIVE,VOLKSWAGEN ADAM MALIK,Sumatera Utara,0,0,Penuh Waktu,"Penjualan / Pemasaran ,  Pemasaran/Pengembangan Bisnis",,DIBUTUHKAN SEGERA CODE : HENDRIKZHU SPV1 DI BIDANG OTOMOTIF MOBIL BARU SYARAT: HARUS MEMILIKI KENDARAAN SENDIRI SYARAT LULUSAN SMA DAN SEDERAJAT USIA 20-30TH BERPENGALAMAN DI BIDANG OTOMOTIF 1-2TH BERPENAMPILAN MENARIK MAMPU BEKERJA DI BAWAH TEKANAN ATASAN BONUS YANG CUKUP MENARIK~~,0,0,,IDR,2.000.000 , 4.000.000 ,22/12/2022 04:43:53,https://www.jobstreet.co.id/id/job/marketing-executive-4153507?jobId=jobstreet-id-job-4153507&sectionRank=25956&token=0~314e2053-e269-4ed0-8b9d-3f5fd72d3450&fr=SRP%20Job%20Listing
https://image-service-cdn.seek.com.au/abcd2b8b83880438fc2baa55c273eafe9cab698d/a868bcb8fbb284f4e8301904535744d488ea93c1,Sales Executive,PT. Aneka Gas Industri Tbk.,,2001,5000,Penuh Waktu,"Sales/Marketing ,  Retail Sales",Pegawai (non-manajemen & non-supervisor),"Kualifikasi: S1 Semua jurusan, diutamakan teknik Memiliki pengalaman sales dibidang medis, konstruksi, otomotif, mining/energy/gas, FnB, chemical, manufaktur Diutamakan pengalaman menggunakan sistem ERP, seperti SAP SIM A / SIM C Penempatan Jakarta, Pulogadung, CIlegon, CIkampek, Bogor, Batulicin, dan Makassar, Kupang, Bojonegoro, Ternate",1,0,Sarjana (S1),,0,0,16/12/2022 04:27:19,https://www.jobstreet.co.id/id/job/sales-executive-4146921?jobId=jobstreet-id-job-4146921&sectionRank=22934&token=0~eb904315-dbbc-4ddf-b1c9-319f59fc42e2&fr=SRP%20Job%20Listing
https://image-service-cdn.seek.com.au/cf3b92545b3810428340a9ee6bc2de52c4f5b615/ee4dce1061f3f616224767ad58cb2fc751b8d2dc,General Affair Staff,PT Seafood Inspection Laboratory,Denpasar,51,200,,,,,0,0,,,0,0,13/12/2022 01:24:44,https://www.jobstreet.co.id/id/job/general-affair-staff-4141415?jobId=jobstreet-id-job-4141415&sectionRank=25337&token=0~70370e4f-6871-49fa-9f06-121542f74079&fr=SRP%20Job%20Listing
https://image-service-cdn.seek.com.au/ab370be6dd3eedadf13eaede64e2750743c1c26b/ee4dce1061f3f616224767ad58cb2fc751b8d2dc,Recruitment & Training Driver,PT Pancaran Darat Transport,,0,0,,,,,0,0,,,0,0,22/12/2022 20:00:35,https://www.jobstreet.co.id/id/job/recruitment-training-driver-4142821?jobId=jobstreet-id-job-4142821&sectionRank=19215&token=0~3db0fca9-647b-4d6b-bf8b-7c297b29731a&fr=SRP%20Job%20Listing
https://jobindo.com/mobile/thumbnails/935591254.jpg,Internal Sales,PT. DAYACIPTA KEMASINDO,"Karawang, Jawa Barat",0,0,,"Persyaratan 
 Usia antara 18 - 27 Tahun 
 Pendidkan minimal SMK/D3 Pemasaran, Bisnis Administrasi 
 Dapat menggunakan komputer minimal Microsoft Office 
 Dapat melakukan negosiasi 
 Berpenampilan menarik 
 Memiliki kemampuan berbahasa Inggris minimal pasif 
 Penempatan di  Karawang",,,0,2,Diploma 3 ,,0,0,08/12/2016 10:56:00,https://jobindo.com/Lowongan-Pekerjaan-internal-sales-13108.html
https://jobindo.com/mobile/thumbnails/no-logo.gif,Waiter/ Waitres,PT. HARUM WIRA BAHAGIA,"Surabaya, Jawa Timur",0,0,,"Persyaratan 
 Laki2 / Perempuan 
 Min. SLTA Pariwisata/Perhotelan 
 Umur max. 27 th 
 Jujur, Ulet 
 Komunikasi lancar",,"
 Deskripsi Pekerjaan
served and handle customer

",0,2,SLTA/Sederajat ,,0,0,01/01/1970 00:00:00,https://jobindo.com/Lowongan-Pekerjaan-waiter-waitres-35785.html
https://images.glints.com/unsafe/glints-dashboard.s3.amazonaws.com/company-logo/1ff0e8445bf99a8e495f5dc6e7518777.png,Teknisi,PT ASIA MAJU MANDIRI,Banda Aceh,0,0,Penuh Waktu,Marketing | Skills Mechanical industry~customer-service Problem Solving And Time Management Good Communication Familiar With Sanitary Products Manage sanitation Teamwork And Interpersonal Skills,,"Deskripsi pekerjaan Teknisi PT ASIA MAJU MANDIRI Berpendidikan Diploma ataupun Sarjana Teknik Bertanggungjawab, disiplin, memiliki etos kerja yang tinggi Familiar dengan tool set/perkakas Kemampuan melaksanakan tindakan preventif dan tindakan korektif Memahami dan mengerti hal maintenance dan instalasi produk (closet, bathup, wastafel, shower, etc..) Bersedia menjalani training selama 1 bulan di Kota Medan Dapat segera bergabung",1,3,,IDR,2.500.000,3.000.000,01/01/1970 00:00:00,https://glints.com/id/opportunities/jobs/teknisi/d51acbe3-4582-4358-9e1b-47bdc1bcd1b4
https://jobindo.com/mobile/thumbnails/2358464.jpg,Staff HRD,BSR Indonesia,DKI Jakarta,0,0,,"Persyaratan 
 Usia maksimal 30 tahun 
 Pendidikan minimal D3 
 Pengalaman minimal 1 tahun 
 Domisili di Jakarta 
 Menguasai MS Office dan Internet 
 Memiliki kemampuan interpersonal dan komunikasi yang baik 
 Memiliki motivasi yang tinggi dalam bekerja 
 Jujur, tekun, dan sabar 
 Bersedia ditempatkan di Jakarta Pusat 
 DAPAT BERGABUNG SECEPATNYA",,,0,2,Diploma 3 ,,0,0,01/01/1970 00:00:00,https://jobindo.com/Lowongan-Pekerjaan-staff-hrd-21176.html
https://images.glints.com/unsafe/glints-dashboard.s3.amazonaws.com/company-logo/adb8b0c0c010a8e0637d2fe97e544994.jpg,Helper (Branch Surabaya),PT Importa Jaya Abadi,Surabaya,0,0,Penuh Waktu,Other | Skills Warehouse Management Helper gudang Helper,,"Deskripsi pekerjaan Helper (Branch Surabaya) PT Importa Jaya Abadi Melakukan proses penataan barang mulai dari penerimaan, penyimpanan, hingga pengiriman
Membantu driiver pengiriman ke customer dan menjaga keadaan barang sampai ke customer dengan kondisi baik",1,3,,,0,0,01/01/1970 00:00:00,https://glints.com/id/opportunities/jobs/helper-branch-surabaya/a03bac58-4622-44ea-ab58-227ba304d136
https://images.glints.com/unsafe/glints-dashboard.s3.amazonaws.com/company-logo/default-company-logo.png,VideoGrapher / Editor,Tumbuh Selaras Gunajaya,"Cengkareng, Jakarta",0,0,Magang,Media & Communications | Skills Photo & Video Editing Video Animation Photography Videography Video Production,,"Deskripsi pekerjaan VideoGrapher / Editor Tumbuh Selaras Gunajaya Here at PEXIO we are looking for the right candidate with great skills as videographer and aligning with the company's core values which are Professional & Responsible Enthusiasm & Fun Xtra miles Improvement to Grow Open communication & open minded Also we treat people equally, there is no seniority where everyone work together for the same vision, mission, and purpose. Responsibilities Setting up production equipment Planning storyboard Video editing / post-production editing Filming video productions using associated production equipments Proficiency using video editing software (Adobe Premiere Pro, DaVinci, Adobe After Effect, Adobe Photoshop) Maintaining equipment inventory Collaborating with creative / production team Adding computer graphics, special effects, and closed captioning Qualification Bachelor Degree in Photography or Design field Relative fitness and stamina for long hours work Proficiency with camera equipment Understand photoshoot and videography techniques",1,3,,,0,0,01/01/1970 00:00:00,https://glints.com/id/opportunities/jobs/videographer-editor/9023cd4f-4aab-44a1-bd6e-c25a9a36b12f
https://jobindo.com/mobile/thumbnails/337071.jpg,Account Officer (Bandung),PT Otomas Multifinance,"Bandung, Jawa Barat",0,0,,"Persyaratan 
 Pendidikan min.SMU. 
 Pengalaman sebagai Account Officer sebagai di Perusahaan Pembiayaan, minimum 2 tahun 
 Orientasi pada target. 
 Memiliki jaringan yang luas dalam dunia lembaga keuangan 
 Memiliki kemampuan membangun relasi yang baik dengan nasabah 
 Komunikasif, dapat bernegoisasi 
 Memiliki kendaraan bermotor dan SIM C",,,0,2,SLTA/Sederajat ,,0,0,28/02/2018 16:27:00,https://jobindo.com/Lowongan-Pekerjaan-account-officer-bandung-30507.html
https://image-service-cdn.seek.com.au/45b996bcec32eba6a9d7df28f70b46928a6d5cd3/a868bcb8fbb284f4e8301904535744d488ea93c1,Spv Finance,PT Jankos Karya Indonesia,Jakarta Barat,1,50,Penuh Waktu,"Akuntansi / Keuangan ,  Akuntansi Umum / Pembiayaan",Supervisor/Koordinator,Mempersiapkan Financial Statements. Rekonsiliasi financial data Melakukan check pembayaran ke vendors Menyiapkan dan mengontrol penagihan invoice Memastikan data-data keuangan tekelola dengan baik Budgeting dan analisa keuangan Mendata pengeluaran petty cash Memiliki kemampuan menganalisa piutang yang baik (AR & AP) Memeriksa keseluruhan invoice customer yang akan jatuh tempo dan sudah jatuh tempo dari tanggal yang ditentukan Filling data finance Melakukan pengelolaan uang masuk dan uang keluar Mengetahui dasar perpajakan seperti PPH dan PPN,2,0,"Sertifikat Professional, D3 (Diploma), D4 (Diploma), Sarjana (S1)",,0,0,14/12/2022 07:53:15,https://www.jobstreet.co.id/id/job/spv-finance-4141835?jobId=jobstreet-id-job-4141835&sectionRank=25575&token=0~f0c385cf-f14b-48d5-bef7-7a654bfb3a0b&fr=SRP%20Job%20Listing
https://images.glints.com/unsafe/glints-dashboard.s3.amazonaws.com/company-logo/64de18d1c689d973c418433543a4a5cb.png,Sales Executive - Yogyakarta,Pt. Agri Pintar Asia (semaai),Yogyakarta,0,0,Penuh Waktu,Business Development / Sales | Skills Berorientasi Pada Target Komunikatif Customer Acquisition,,"Deskripsi pekerjaan Sales Executive - Yogyakarta Pt. Agri Pintar Asia (semaai) Ringkasan Posisi : Kami mencari seorang Sales Executive yang bermotivasi tinggi , terinspirasi oleh misi kami dan berkeinginan untuk bekerja di start-up agri-tech. Tanggung jawab utama ialah Mencapai target penjualan cabang dengan menarik customer baru dan menjual produk pertanian melalui aplikasi. Bagaimana Kamu Berkontribusi: Bertanggung jawab untuk melakukan akuisisi customer baru untuk menjadi pengguna aplikasi Bertanggung jawab menjaga kepuasan customer dan memberikan pelayanan yang terbaik bagi mereka Memberikan edukasi dan support kepada customer terkait penggunaan aplikasi Melakukan promosi transaksi penjualan sarana produksi pertanian melalui aplikasi Melakukan monitoring dan evaluasi terhadap aktivitas promosi dan memastikan semua program dijalankan dengan baik Kamu Mungkin Seseorang yang Kami Cari: Pendidikan minimal SMA/Sederajat Diutamakan memiliki pengalaman sebagai Customer Acquisition / Sales / Marketing Memiliki pengalaman dibidang pertanian merupakan nilai plus Mampu berkomunikasi dengan baik Bersedia bekerja mobile di wilayah operational Gunung Kidul / Sleman (Jogja) Bersedia hadir di kantor Colomadu, Solo (bagi penempatan Gunung Kidul) / di kantor Secang, Magelang (bagi penempatan Sleman) untuk rapat mingguan 2x seminggu Informasi Tambahan",1,3,,,0,0,01/01/1970 00:00:00,https://glints.com/id/opportunities/jobs/sales-executive-yogyakarta/df5add1d-a45c-424a-b839-eb2c9907b6e8
https://jobindo.com/mobile/thumbnails/44861124.jpg,DIGITAL MARKETING,SCB International Consulting,DKI Jakarta,0,0,,"Persyaratan 
 Berpengalaman digital marketing di bidang pemasaran JASA 2 - 5 tahun 
 Pria / Wanita max. 25 tahun 
 Menguasai SEO / SEM, mampu mengelola database, email, media sosial dan / atau kampanye iklan online 
 Memiliki kreativitas tinggi dengan kemampuan mengidentifikasi target dan merancang kampanye digital 
 Berpengalaman merancang dan mengoptimalkan landing pages 
 Memiliki pengetahuan yang kuat pada analisis situs Web (misalnya, Google Analytics, NetInsight dll)",,"
 Deskripsi Pekerjaan
Merencanakan dan melaksanakan pengembangan semua web yang terkait dengan perusahaan, SEO / SEM, email, media sosial dan iklan online
Mendesain, mengembangkan dan mempertahankan kontinyuitas aktivitas media sosial perusahaan
Mengukur dan melaporkan kinerja semua aktivitas pemasaran digital, dan membadingkannya terhadap target (ROI dan KPI)
Mengidentifikasi tren dan insights, serta mengoptimalkan aktivitas channel pemasaran online berdasarkan data pada insights
 ",2,5,SLTA/Sederajat ,,0,0,01/10/2020 07:08:00,https://jobindo.com/Lowongan-Pekerjaan-digital-marketing-55138.html
https://jobindo.com/mobile/thumbnails/86032223.jpg,Educational Consultant,PT Wahana Semesta Ilmu,DKI Jakarta,0,0,,"Persyaratan 
 Bersemangat untuk dapat mencapai target penjualan dan memberikan konsultasi pelayanan pasca penjualan. 
 Memiliki kemampuan berbahasa Inggris yang baik serta memiliki keterampilan menelpon dengan baik. 
 Mampu bekerja dibawah tekanan dan pencapaian target. 
 Mampu berkomunikasi dengan baik, mengobservasi dan terampil melakukan presentasi,serta dapat dengan cepat mendapatkan kepercayaan dari klien. 
 Memiliki kepercayaan diri dengan berpenampilan profesional dan sopan. 
 Dapat diandalkan, disiplin dan terorganisir, terbiasa mengelola waktu dengan baik. 
 Berpengalaman 3 tahun di wajibkan, Berpengalaman dalam bidang penjualan (Lebih diutamakan). 
 Positif, antusias dan enerjik. 
 Bersedia bekerja dengan sistem shift dan bekerja pada akhir pekan. 
 Memiliki pengetahuan tentang penggunaan Ms. Office.",,"
 Deskripsi PekerjaanEducational Consultant bertanggung jawab memberikan saran kursus yang disesuaikan dengan kebutuhan masing–masing siswa dan akan menghasilkan penjualan kontrak, serta memelihara dan meninindaklanjuti kebutuhan para siswa lain.
Tanggung Jawab:

Bertanggung jawab kepada penjualan pribadi.
Menangani calon siswa dan membantu mereka untuk menemukan rencana kursus yang tepat bagi mereka.
Memantau kemajuan belajar siswa dan kebiasaan belajar mereka yang baik.
Menangani permasalahan yang mungkin timbul dan memastikan hal ini ditujukan untuk kepuasan siswa.
Menangani tugas-tugas administrasi dan laporan - laporan.

Benefit: Gaji Pokok,Komisi Besar (>6%),Insentif tambahan, BPJS, Asuransi, Kursus Gratis.
",0,2,Diploma 3 ,,0,0,01/01/1970 00:00:00,https://jobindo.com/Lowongan-Pekerjaan-educational-consultant-12131.html
,KASIR,Foodcourt Pondok 4 & Mini Sooccer,Banjarbaru,0,0,Penuh Waktu,"Penjualan / Pemasaran ,  Penjualan Ritel",Pegawai (non-manajemen & non-supervisor),"Kualifikasi Pekerjaan Usia 19-25 tahun Berpengalaman/bisa membuat aneka minuman lebih disukai Bisa bekerja Shift Domisili Banjarbaru- Mtp lebih diutamakan Lulusan SLTA atau SMK Boga/Perhotelan Fresh Graduate dipersilahkan melamar Deskripsi pekerjaan Menangani semua transaksi dengan mesin kasir. Memastikan bahwa harga makanan di masukan dengan benar. Merekap semua transaksi saat tutup operasional. Berkoordinasi dengan atasan untuk segala bentuk laporan keuangan. Menghitung uang (sales, petty cash, dll) pada saat opening dan closing.",0,0,"SMA, SMU/SMK/STM, Sertifikat Professional, D3 (Diploma), D4 (Diploma)",,0,0,28/12/2022 11:08:34,https://www.jobstreet.co.id/id/job/kasir-4160266?jobId=jobstreet-id-job-4160266&sectionRank=17915&token=0~fe1a9804-4f5f-40eb-aabd-add63cab3686&fr=SRP%20Job%20Listing
https://jobindo.com/mobile/thumbnails/14251212.jpg,SPG,Quick & Easy,Seluruh Indonesia,0,0,,"Persyaratan 
 Wanita, Max 30 tahun 
 Berpenampilan menarik 
 Berat badan proporsional 
 Punya pengalaman SPG (Diutamakan)",,,0,2,Diploma 3 ,,0,0,01/01/1970 00:00:00,https://jobindo.com/Lowongan-Pekerjaan-spg-31722.html
https://jobindo.com/mobile/thumbnails/81286911.jpg,Staff Desk Collection,PT.PANGU,"Tangerang, Banten",0,0,,"Persyaratan 
 Pria / Wanita 
 Min.Lulusan SMU / SMK 
 Berkomunikasi dengan baik 
 Menyukai pekerjaan yang berorientasi pada target",,"
 Deskripsi Pekerjaan
Melakukan Penagihan Tunggakan Pinjaman Customer melalui Telepon

",0,2,SLTA/Sederajat ,,0,0,26/11/2018 16:05:00,https://jobindo.com/Lowongan-Pekerjaan-staff-desk-collection-40915.html
https://jobindo.com/mobile/thumbnails/40302125.jpg,Marketing,PT Pangan Indo Laras,"Jakarta Selatan, DKI Jakarta",0,0,,"Persyaratan 
 Pria/Wanita 
 Usia 18 - 30 thn 
 Min Diploma 
 Diutamakan aktif berbahasa inggris 
 Menarik 
 Energic, Smart, Hobi Jualan, pintar komunikasi, jujur& SIAP Mengikuti seluruh peraturan yang ada 
 Sangat berpengalaman di sales/marketing dan Berhasil 
 Siap dengan Target & Tekanan 
 Punya kendaraan pribadi minimal motor 
 Pribadi yg baik, supel & senang bertemu orang 
 Kreatif dalam berpromosi di sosial media atau lainnya 
 Senang bekerja dilapangan",,,0,2,Diploma 3 ,,0,0,17/02/2018 14:12:00,https://jobindo.com/Lowongan-Pekerjaan-marketing-29993.html
https://jobindo.com/mobile/thumbnails/15222821.jpg,Admin Operational,PT. Mitra Insan Sejahtera,Seluruh Indonesia,0,0,,"Persyaratan 
 Wanita 
 Max. 26 tahun 
 Min D3 Segala Jurusan.",,"
 Deskripsi Pekerjaan
Memberikan konsultasi kepada customer tentang produk kesehatan : obat, vitamin/ suplemen, alat kesehatan
Mencapai komitmen sales yg disepakati dg atasan supaya mencapai Growth24 yg positif
Memperhatikan ketersediaan stok barang dan melakukan retur barang selama masih dalam periode yg bisa diterima oleh gudang atau supplier.
 ",0,2,Diploma 3 ,,0,0,21/01/2020 11:35:00,https://jobindo.com/Lowongan-Pekerjaan-admin-operational-51683.html
https://image-service-cdn.seek.com.au/8ea4c0858271e82c429aa916e1f583796272e32d/a868bcb8fbb284f4e8301904535744d488ea93c1,Accounting & Tax Consultant Staff,PT. PHOENIX STRATEGY INDONESIA,Jakarta Selatan,51,200,Penuh Waktu,"Akuntansi / Keuangan ,  Audit & Pajak",Pegawai (non-manajemen & non-supervisor),"Record journal all daily transactions to system. Control and follow up all data receiving from clients. Prepare general ledger. Prepare financial statement (balance sheet, profit, and loss, statement of equity). Analyze financial statements and review. Preparing calculation income tax for corporate and individual. General Requirements: Bachelor degree (S1) in Accounting-Tax from a fully accredited university. At least 1 Year(s) of working experience in the related field is required for this position. Required Skill(s): Accurate, MYOB, ESPT Application. Preferably Staff (non-management & non-supervisor) specialized in Finance - Audit/Taxation or equivalent. Fluent in English, both oral and written. Able to work under deadline and result-oriented. Critical, have strong analytical thinking, and good dedication. Perform for Submission Tax Report and annual Report Income Tax.",1,0,Sarjana (S1),,0,0,13/12/2022 06:30:48,https://www.jobstreet.co.id/id/job/accounting-tax-consultant-staff-4142168?jobId=jobstreet-id-job-4142168&sectionRank=26924&token=0~6c315a98-6bbf-49bc-a855-618398ccc438&fr=SRP%20Job%20Listing
https://jobindo.com/mobile/thumbnails/34852002.jpg,Sales HCO,PT TIRTA AMARTA,"Jakarta Utara, DKI Jakarta",0,0,,"Persyaratan 
 Laki-Laki 
 Usia minimal 25 tahun 
 Pendidikan S1 semua jurusan 
 Pengalaman dibidangnya min 2 tahun 
 Komunikatif 
 Energik dan menguasai wilayah Jakarta Raya",,"
 Deskripsi Pekerjaan
Menjual dan memasarkan produk
Memaintenance Customer dengan baik

",2,5,Sarjana ,,0,0,02/03/2017 16:59:00,https://jobindo.com/Lowongan-Pekerjaan-sales-hco-17067.html
https://images.glints.com/unsafe/glints-dashboard.s3.amazonaws.com/company-logo/59747b239c9df224efcf38dd12f111ae.jpg,SPV PURCASHING ,PT Cobas Perkakas Jaya (CobasStore),Jakarta,0,0,Penuh Waktu,Finance | Skills Supervisory Skills Berkomunikasi Dengan Baik Koordinasi Tim,,"Deskripsi pekerjaan SPV PURCASHING  PT Cobas Perkakas Jaya (CobasStore) Melakukan pengecekan terhadap pembelian barang sesuai dengan kebutuhan yang tepat dengan anggaran yang sudah di anggarkan bagi Perusahaan. Mengadakan pengecheckan seluruh request atau orderan atas permohonan barang yang di ajukan dari beberapa Divisi atau Departement. Melaksanakan proses pembelian, permintaan, negosiasi harga barang, menyediakan perlengkapan adminstrasi & mengontriol akurasi pembelian barang itu. Membukukan keadaan Supplier Barang seperti nilai barang, kecakapan Supplier di dalam bekerja sama, metode pengiriman yang tepat atau tidak, kualitas barang yang di jual, dan lain sebagainya. Mengadakan pendataan untuk melakukan pengecheckan & rekap pembelian barang setiap bulan untuk di lakukan penganalisaan apakah mungkin budget pembelian peralatan nyambung dengan perkiraan perusahaan. Melaksanakan pembayaran atas barang yang di belanjakan dan setiap pengeluaran budget selalu di lakukan inventarisasi. Melaksanakan harmonisasi dan hubungan dengan Divisi lainnya yang menjalankan Order barang mengenai kesesuain perincian barang yang mungkin di order, harga produk dan waktu pengangkutan dari Vendor. Mengadakan pengecheckan instruksi lainnya yang bersinggungan dengan permasalah yang terdapat pada adminsitrasi Purchasing",1,3,,,0,0,01/01/1970 00:00:00,https://glints.com/id/opportunities/jobs/spv-purcashing/33aa8903-a360-4955-b1ba-a4836b049446
https://jobindo.com/mobile/thumbnails/35868468.jpg,Customer Service,PT. Home System Indonesia,"Surabaya, Jawa Timur",0,0,,"Persyaratan 
 Pria / Wanita Min. 22 thn 
 Pendidikan Min. D1 
 Pengalaman Mn. 2 th 
 Mampu mengoperasikan komputer (Ms. Word/excel) 
 Memiliki kemampuan komunikasi yang baik 
 Mempunyai integritas dan interpersonal skill yang bagus",,"
 Deskripsi Pekerjaan
Melakukan komunikasi yang baik dan sopan dengan customer
Menjaga nama baik perusahaan dalam bekerja dan berhubungan dengan custome
Melayani telepon masuk dan permintaan pelanggan secara online.
Mampu menyelesaikan semua administrasi yang diperlukan sesuai target yg telah ditentukan
Mampu mengembangkan kemampuan diri dan menerima masukan yg diberikan oleh atasan
Mampu mengontrol pending pekerjaan yg ada hingga tuntas dan tepat waktu
Mampu membuat laporan aktivitas yg telah dikerjakan setiap hari, sehingga bisa terukur produktivitasnya
Mampu melayani customer sesuai SOP yang berlaku, sehingga kepuasan customer bisa tercapai.
 ",0,2,Diploma 3 ,,0,0,22/08/2017 15:28:00,https://jobindo.com/Lowongan-Pekerjaan-customer-service-23159.html
https://jobindo.com/mobile/thumbnails/67229066.jpg,Bancassurance Officer - Bekasi,PT.Panin Dai-Ichi Life,"Bekasi, Jawa Barat",0,0,,"Persyaratan Tugas dan Tanggung Jawab 
 
 Melakukan aktivitas pemasaran produk asuransi jiwa di dalam industri Bancassuarace 
 Membina dan melakukan hubungan profesional denhan karyawan dan nasabah bank 
 Melakukan kegiatan after selling (follow up nasabah , reporting, submit case, kelengkapan data nasabah ,medical,dan lainya) 
 
 Persyaratan 
 
 Pria /Wanita ,Usia maksimal 30 tahun 
 Memiliki minimal 1 tahun pengalaman sebagai tenaga pemasaran 
 Lulusan D3/S1 semua jurusan 
 fresh graduates dengan memiliki jiwa pemasaran/sales 
 Komunikatif 
 Berpenampilan menarik",,,0,2,Sarjana ,,0,0,01/01/1970 00:00:00,https://jobindo.com/Lowongan-Pekerjaan-bancassurance-officer-bekasi-4259.html
https://images.glints.com/unsafe/glints-dashboard.s3.amazonaws.com/company-logo/44efe28592d56d332b346654703e94de.png,Management  Trainee for Sales,Pt. Quadra Dinamika Internasional,"Kembangan, Jakarta",0,0,Penuh Waktu,Business Development / Sales | Skills Sales and Marketing Sales Presentations Good Communication Skills,,"Deskripsi pekerjaan Management  Trainee for Sales Pt. Quadra Dinamika Internasional Requirements: Maximum age 25 years old Fresh Graduate with a Bachelor Degree majoring in Engineering, Architect/Interior Design, Economic/Management, or related background from reputable Universities (1-2 years experience are welcomed) Minimum GPA: 3.25 Excellent in oral and written English Have a good communication skill and conceptual thinking to create breakthrough Proven leadership and organizational experience Exhibit good interpersonal skills Willing to follow a mentoring and comprehensive leadership program Willing to be located all over Indonesia Program will start at March 2023",0,1,,,0,0,01/01/1970 00:00:00,https://glints.com/id/opportunities/jobs/management-trainee-for-sales/bca7c4a4-2309-4090-b148-92a35ce615b9
https://jobindo.com/mobile/thumbnails/10564617.jpg,Sales Alat Kesehatan (Nusa Tenggara),PT Home Credit Indonesia,"Bima, Nusa Tenggara Barat",0,0,,"Persyaratan 
 Pria 
 Usia Maksimal 30 tahun 
 Pendidikan Minimal SMA/D3/S1 
 untuk lulusan SMA wajib memiliki pengalaman di bidan sales minimal 1 tahun 
 untuk lulusan D3/S1 freshgraduate bisa melamar 
 Memiliki kendaraan pribadi 
 memiliki passion di bidang sales dan medis",,"
 Deskripsi Pekerjaan
Mengunjungi rumah sakit untuk menjalin kerja sama dalam pengadaan alat kesehatan
menjalin hubungan yang baik dengan para petugas kesehatan
membuka ruang kepada tim teknisi untuk menjelaskan medical engine kepada para petugas kesehatan
menjalin relasi yang luas di bidang kesehatan

",0,0,Sarjana ,,0,0,11/12/2017 14:38:00,https://jobindo.com/Lowongan-Pekerjaan-sales-alat-kesehatan-27497.html
https://images.glints.com/unsafe/glints-dashboard.s3.amazonaws.com/company-logo/015351df5070a685e3475ee006050eda.png,Marketing Event Coordinator,PT Alpha Gemilang Makmur,Tangerang,0,0,Penuh Waktu,Marketing | Skills Networking Familiar With Gmeet Negotiation Skills Familiar With Zoom Microsoft Office Good Communication Skills Flexibility/adaptability,,Deskripsi pekerjaan Marketing Event Coordinator PT Alpha Gemilang Makmur 1. Membuat ide kreatif untuk perencanaan event dan implementasi event. 2. Membuat laporan event. 3. Mengeksplorasi dan mengidentifikasi peluang-peluang baru untuk event marketing baik online maupun offline sesuai brand. 4. Mengindentifikasi dan melakukan networking dengan brand tertentu dan vendor untuk keperluan event. 5. Menjalin hubungan baik dengan peserta event 6. Penempatan di Cikupa Tangerang. 7. Diutamakan dapat memilki kendaraan (mobil) menjadi nilai tambah,0,1,,IDR,6.000.000,8.000.000,01/01/1970 00:00:00,https://glints.com/id/opportunities/jobs/marketing-event-coordinator/0292fb87-e888-452c-b95a-b98cf002f6b4
https://images.glints.com/unsafe/glints-dashboard.s3.amazonaws.com/company-logo/0183bc6b65804fcbb9f4ffec3dc7997b.jpg,Frontend Engineer,PT Tricada Intronik,Bandung,0,0,Penuh Waktu,Software Engineering | Skills JavaScript ReactJS React Native,,"Deskripsi pekerjaan Frontend Engineer PT Tricada Intronik What will you do: Design and implement user interface components for JavaScript-based web and mobile applications using React ecosystem Coordinate with cross-functional teams (i.e., Product Solution Architect, Senior Frontend Engineer, Busines Analyst, Data Engineering, and QA) on project and product planning and execution Research and adapt to evolving technology trends in web engineering to enhance product quality Ensure the technical feasibility of UI/UX designs Work with native modules as and when required Create front-end modules with maximum code re-usability and efficiency Implement clean, smooth animations to provide an excellent user interface Work with third-party dependencies and APIs Work with Redux architecture to improve the performance of the websites/mobile apps Requirements: Bachelor’s degree in computer science, information technology, or a similar field Significant experience working with React web and mobile along with tools like Flux, Flow, Redux, etc. At least one year of experience in software development as a react native developer and a react.js developer In-depth knowledge of JavaScript, CSS, HTML, functional programming, and front-end languages Strong understanding of React fundamentals such as Virtual DOM, component lifecycle, and component state A complete understanding of the entire mobile app development life-cycle right from prototyping Knowledge of type checking, unit testing, typescript, prop types, and code debugging Experience working with REST APIs, document request models, offline storage, and third-party libraries Knowledge of user interface design and responsive designs Well-versed in a variety of React Native software and technologies such as Jest, Enzyme, ESLint, and so on Familiar with CI/CD tooling and infrastructure (Jenkins, Gitlab CI) is a plus A plus is familiar with virtualization, containerization, and orchestration technologies (Docker, Kubernetes). Placement : Onsite working in Bandung.",0,1,,,0,0,01/01/1970 00:00:00,https://glints.com/id/opportunities/jobs/frontend-engineer/7a3a5c41-50cd-457b-9ef7-78db8d5f1273
,Crew Cafe,Jawara Cafe Trenggalek,Jawa Timur,0,0,Penuh Waktu,"Hotel/Restoran ,  Makanan/Minuman/Pelayanan Restoran",Pegawai (non-manajemen & non-supervisor),"Kualifikasi : Pendidikan minimal SMA atau SMK Minimal usia 19 s/d maksimal usia 30 tahun Bertanggung jawab, jujur dan niat bekerja Bisa mengaji (jika belum bisa maka akan di ajari sampai bisa) Memiliki niat bekerja dengan sungguh-sungguh Domisili Tulungagung",0,0,"SMA, SMU/SMK/STM, Sertifikat Professional, D3 (Diploma), D4 (Diploma), Sarjana (S1)",,0,0,26/12/2022 03:47:46,https://www.jobstreet.co.id/id/job/crew-cafe-4156462?jobId=jobstreet-id-job-4156462&sectionRank=22595&token=0~b2705621-4edc-404b-a7ff-7f3ad6d09e2c&fr=SRP%20Job%20Listing
https://jobindo.com/mobile/thumbnails/43933381.jpg,Office Boy (Surabaya),PT. Estetika Dermato Center,"Surabaya, Jawa Timur",0,0,,"Persyaratan 
 Laki-laki usia max. 40 thn 
 Pendidikan minimal SMA / Sederajat 
 Pengalaman minimal 1 tahun sebagai Office Boy / Cleaning Service 
 Diutamakan berdomisili di Surabaya 
 Mampu berkomunikasi dengan baik, jujur, dan loyalitas tinggi 
 Mengerti tata cara membersihkan dan membersihkan ruangan kantor 
 Mampu menggunakan komputer dan menguasai Microsoft Office menjadi nilai tambah",,"
 Deskripsi Pekerjaan
Menjaga kebersihan dan kerapihan kantor
Memelihara peralatan dan perlengkapan yang ada di dalam kantor

",0,2,SLTA/Sederajat ,,0,0,24/02/2018 16:05:00,https://jobindo.com/Lowongan-Pekerjaan-office-boy-surabaya-30357.html
https://jobindo.com/mobile/thumbnails/15222821.jpg,Health Advisor,PT. Mitra Insan Sejahtera,Seluruh Indonesia,0,0,,"Persyaratan 
 Wanita usia maks 26 tahun 
 Pendidikan min D3 Segala Jurusan,",,"
 Deskripsi Pekerjaan
memberikan konsultasi kepada customer tentang produk kesehatan: obat, vitamin/ suplemen, alat kesehatan,
mencapai komitmen sales yg disepakati dg atasan supaya mencapai Growth24 yg positif,
memperhatikan ketersediaan stok barang: order barang ke gudang atau melakukan retur barang selama masih dalam periode yg bisa diterima oleh gudang atau supplier
 ",0,0,SLTA/Sederajat ,,0,0,13/11/2019 14:26:00,https://jobindo.com/Lowongan-Pekerjaan-health-advisor-50007.html
https://images.glints.com/unsafe/glints-dashboard.s3.amazonaws.com/company-logo/1c6af191c1b1c87c412444aa60c221b0.jpg,HSE Staff,PT Nexcom Indonesia,"Cilandak, Jakarta",0,0,Penuh Waktu,Other | Skills English Environmental & Occupational Health > HSE Field Work Microsoft Office,,Deskripsi pekerjaan HSE Staff PT Nexcom Indonesia Assessing risk and possible safety hazards of all aspects of operation Creating analytical reports of safety data Responsible for emergency response situation Coordinate with external parties in resolving issues related safety Analyzing inspection result and follow up Ensure all safety officers are carry out their duties properly,0,1,,IDR,4.901.798,5.000.000,01/01/1970 00:00:00,https://glints.com/id/opportunities/jobs/hse-staff/aa55e91e-1060-4cf1-a4d4-1656936e6953
https://images.glints.com/unsafe/glints-dashboard.s3.amazonaws.com/company-logo/455675512417b5a481df4260fedffdcf.jpg,Full Stack Engineer,Bookandlink,Denpasar,0,0,Penuh Waktu,Software Engineering | Skills JavaScript Mysql Database Php Programming Rest Api & Json iOS Development Php Codeigniter Rest Api Android Development Php Laravel,,"Deskripsi pekerjaan Full Stack Engineer Bookandlink Project Manager with at least 8 Years of Software Development Experience Located in Bali Languages: PHP, JAVA Frontend: VueJS, Angular, HTML5, Javascript Database: MySQL Framework: Code Igniter , Laravel System: AWS REST API, CURL Monitoring Tools",5,10,,IDR,8.000.000,15.000.000,01/01/1970 00:00:00,https://glints.com/id/opportunities/jobs/full-stack-engineer/5f88f68d-dfa8-4c21-9b9c-783c7ad73e47
https://jobindo.com/mobile/thumbnails/46255429.jpg,"Vacancy at IOM – Programme Assistant I (Operations), Pekanbaru",International Organization for Migration,"Pekanbaru, Riau",0,0,,"Persyaratan 
 
 University Degree in Law, Economics, Psychology, Counselling, Social Science, Communications, Journalism or other related field from an accredited academic institution with minimum 2 (two) years relevant work experience; or 
 Completed High School degree with at least 4 (four) years in relevant work experience. 
 Indonesian National with good knowledge of, and experience in project implementation and operational. 
 Has work experience in any of these fields, particularly in dealing with migrants. 
 Familiarity with IOM’s administration and project coordination functions. 
 Knowledge in assisting emergency operations activities; 
 Proven ability and experience in liaising with UN, Government Departments/Authorities and other international organizations; 
 Experience in preparing official documentation relating to project document, donor report, administration, procurement, finance and security. 
 Proficient in computer applications: Ms-Office. 
 Fluency inEnglishandBahasa Indonesiais required, both written and spoken.",,"
 Deskripsi PekerjaanUnder direct supervision of the Head of Sub-Office in Pekanbaru, in close coordination with National Programme Officer of Western Region Indonesia for technical guidance and under the overall supervision of HOSO / Programme Coordinator of Western Region Indonesia in Medan, the incumbent will be responsible in performing operations support functions, including assisting the movements and the interceptions or self-report cases in the project site, and other relevant project activities in the Area of Responsibility.
Provide assistance in coordination with local authorities on migrant’s activities in the area of responsibility and inform the Head of Office of any issue of concern that may arise.
Responsible for the care and maintenance of IMs under IOM auspices in his/her area of responsibility and in strict compliance of the agreed IOM Operational Guidelines. Coordinate changes on the migrant’s status with supervisor and colleagues within the unit, handling resettlement and voluntary repatriation on migrant movements to ensure accurate and updated migrants statistics into RAMS
Assist in the monitoring of the migrant’s activities through regular visit in Community Housing and AND-SRS and verify all basic services (accommodation facilities, basic personal supplies and toiletries, water and sanitation, identification cards, transportation requirements) are provided. Coordinate with the Health Care and MHPSS Unit teams to provide to all migrants adequate and appropriate medical services, education, including psychosocial counselling.
Provide counselling to the migrants on their options to enable them to make informed decisions in relation to continued stay in Indonesia or voluntary return to the country of origin. In close coordination with Head of Sub offices, assist in handling resettlement and inform refugees on the AVR Assisted Voluntary Return under regular basis.
Undertake regular visits to accommodation owners and relevant accommodation staff to verify that accommodation for migrants are within the agreed standard. Inform the management of any disputes that may arise between accommodation owners and migrants. Process the payments for accommodation and other service providers used by migrants.
Provide assistance in conducting Migrants community empowerment through community management, voluntary activity, events, capacity building, awareness raising and other possible activities.
Arrange local and international movement for migrants in close coordination with RMM Unit in Jakarta and Head of Sub office
In close coordination with Finance Unit, process cash allowances distribution is done in a timely manner and manage the operational expenses and ensure IOM expenditure is based on IOM regulations;
Provide ad hoc activity report to the supervisors.
Perform other duties as may be assigned.
",2,5,Sarjana ,,0,0,21/03/2021 08:50:00,https://jobindo.com/Lowongan-Pekerjaan-vacancy-at-iom-56922.html
https://image-service-cdn.seek.com.au/fb99ecba97dda69ab25087f6011d9b054b64bd26/a868bcb8fbb284f4e8301904535744d488ea93c1,Site Engineer (Civil or Electrical),PT Alam Sutera Realty Tbk,,0,0,,,,,0,0,,,0,0,20/12/2022 03:59:08,https://www.jobstreet.co.id/id/job/site-engineer-civil-or-electrical-4150289?jobId=jobstreet-id-job-4150289&sectionRank=20529&token=0~52cac820-ad68-4430-a56a-615bac55c2e7&fr=SRP%20Job%20Listing
https://jobindo.com/mobile/thumbnails/15222821.jpg,Store Manager (Jabodetabek),PT. Mitra Insan Sejahtera,Seluruh Indonesia,0,0,,"Persyaratan 
 Wanita usia maks.26th 
 Pendidikan min D3 Segala Jurusan",,"
 Deskripsi Pekerjaan
memberikan konsultasi kepada customer tentang produk kesehatan: obat, vitamin/ suplemen, alat kesehatan
mencapai komitmen sales yg disepakati dg atasan supaya mencapai Growth24 yg positif
memperhatikan ketersediaan stok barang dan melakukan retur barang selama masih dalam periode yg bisa diterima oleh gudang atau supplier
 ",2,5,Diploma 3 ,,0,0,24/04/2019 14:40:00,https://jobindo.com/Lowongan-Pekerjaan-store-manager-jabodetabek-45189.html
https://jobindo.com/mobile/thumbnails/463423714.jpg,Finance Administration Senior Staff (Purwakarta dan Sukabumi),PT. Blue Gas Indonesia,"Purwakarta, Jawa Barat",0,0,,"Persyaratan 
 
 Tugas : 
 
 Melakukan pelaksanaan administrasi operasional (Direct Sales dan Collection) 
 Melakukan kontrol biaya terhadap aktivitas operational 
 Mensupport tim operational untuk pengadaan barang dan aset yang dibutuhkan tim operational 
 Melakukan maintance dan pencatatan terhadap stock barang yang ada di gudang 
 
 Kualifikasi : 
 
 Pria, Usia Maksimal 30 tahun 
 Minimal pendidikan D3 Segala jurusan (Diutamakan Accounting dan Management) 
 Berpengalaman staff finance operational sekurang-kurang 1 tahun 
 Berpengalaman menangani bagian gudang 
 Self started, attention to detail, mampu bekerja mandiri dengan minimum supervisi. 
 Penempatan di Purwakarta dan Sukabumi",,,2,5,Diploma 3 ,,0,0,28/03/2016 09:15:00,https://jobindo.com/Lowongan-Pekerjaan-finance-administration-senior-2600.html
https://jobindo.com/mobile/thumbnails/84576865.jpg,Driver Sim A,PT. VICTORIA CARE INDONESIA,"Denpasar, Bali",0,0,,"Persyaratan 
 Pria 
 Berpenampilan menarik 
 Mampu mengendarai kendaraan baik Manual maupun Matic 
 Pendidikan Minimal SMA / SMK 
 Usia maksimal 30 Tahun 
 Wajib memiliki Sim A aktif 
 lebih disukai apabila memiliki SIM B1 
 Memahami wilayah Denpasar - Bali",,,0,2,SLTA/Sederajat ,,0,0,09/06/2018 12:14:00,https://jobindo.com/Lowongan-Pekerjaan-driver-sim-a-34132.html
,"Land Resources, GIS and Mapping Head",Perusahaan Dirahasiakan,Jakarta Pusat,0,0,Penuh Waktu,"Sains ,  Geologi/Geofisika",CEO/GM/Direktur/Manajer Senior,"Kualifikasi: Pendidikan minimal S1 Geografi, Geologi, Geodesi, Kehutanan Memiliki pengalaman minimal 5 tahun sebagai Land Resources, GIS & Mapping Senior Manager dalam bidang perkebunan Memiliki kemampuan dalam menganalisa yang kuat dalam bidang perubahan lahan Mengerti konsep dan menguasai pengolahan data GIS dan Remote Sensing Data Memahami dan menguasai Software UAV Aerial Mapping/Photogrammetry Bersedia ditempatkan di Jakarta Tugas dan Tanggung Jawab Utama: Memeriksa dan menganalisa hasil survey dan pemetaan secara keseluruhan di perusahaa, baik yang terkait pengembangan (pendataan, GRTT, LC dan Tanam) Berkoordinasi dengan departemen GR dalam penyusunan data GRTT, LC, dan Penanaman Mengontroldata GRTT, LC, dan penanaman dan melaporkan kepada Departemen Plantation dan Planning apabila terdapat masalah Menganalisa data pengembangan lahan dan aerial photo mosaicking satellite image pre processing",5,0,Sarjana (S1),,0,0,12/12/2022 07:14:24,https://www.jobstreet.co.id/id/job/land-resources-gis-and-mapping-head-4140560?jobId=jobstreet-id-job-4140560&sectionRank=29324&token=0~a382c650-d973-447a-88da-2a2ef8053181&fr=SRP%20Job%20Listing
https://jobindo.com/mobile/thumbnails/68378458.jpg,Greeter,Karniv.012 Bandung,"Bandung, Jawa Barat",0,0,,"Persyaratan 
 Wanita, 
 umur antara 20 tahun s/d 25 Tahun. 
 Berani berbicara dan berkomunikasi dengan tamu. 
 Memiliki penampilan yang baik dan bisa berdandan.",,"
 Deskripsi Pekerjaan
Menyapa tamu, escorting tamu, personal intouch dan dapat meng-handle reservasi dengan baik.

",0,2,SLTA/Sederajat ,,0,0,19/01/2019 12:54:00,https://jobindo.com/Lowongan-Pekerjaan-greeter-42423.html
https://images.glints.com/unsafe/glints-dashboard.s3.amazonaws.com/company-logo/5f150c758905ecdff72b5515b49f41b3.jpg,SALES ONLINE,CV. DWI KRAFI,Bekasi,0,0,Penuh Waktu,Business Development / Sales | Skills Direct Sales Sales Presentations Sales Marketing,,"Deskripsi pekerjaan SALES ONLINE CV. DWI KRAFI KUALIFIKASI : Laki-laki / Perempuan, Maksimal usia 30 tahun Familiar atau memiliki pengalaman min. 1 tahun dalam menangani E-Commerce / penjualan online (Shopee, Tokopedia, Tiktok, Lazada, dll) / Fresh Graduate dipersilahkan melamar. Dapat menggunakan komputer minimal Microsoft Office, Excel & Internet Memiliki kemampuan komunikasi yang baik dan mampu menjalin hubungan dengan customer/pembeli SALES ORIENTED, CUSTOMER ORIENTED & DETAIL ORIENTED dan memiliki teknik Closing dan Cross Selling yang baik Memiliki kemampuan mengetik secara cepat Siap bekerja di akhir pekan dan libur nasional Seorang yang detil dan sabar jika menghadapi komplain dari customer/pembeli Diutamakan berdomisili di Bekasi, Jakarta Timur & Jakarta Pusat JOBDESC Membalas Chat dari Customer melalui platform - platform yang sudah menjadi standar perusahaan  Memastikan Customer mendapatkan pelayanan terbaik dari Customer Service  Follow Up Customer yang masih belum memberikan keputusan untuk belanja",1,3,,IDR,3.000.000,3.500.000,01/01/1970 00:00:00,https://glints.com/id/opportunities/jobs/sales-online/20091adb-1563-4d95-9e25-1cf852834a17
https://jobindo.com/mobile/thumbnails/6973525.jpg,Super Mobile Apps Developer,PT. Varnion Technology Semesta,"Yogyakarta, DI Yogyakarta",0,0,,"Persyaratan 
 Candidate must possess at least a Bachelor's Degree, Computer Science/Information Technology or equivalent. 
 Understanding and proficient knowledge of mobile apps programming. 
 Understanding of mobile apps development environment. 
 Differentiate multiple delivery platforms from optimizing output to match the specific platform. 
 Understanding of code versioning tools. 
 Work in agile environment. 
 Great adaptability for new knowledge. 
 Pro-active learner. 
 Work under pressure. 
 Willing to stayed in Yogyakarta",,"
 Deskripsi Pekerjaan
Create mobile apps (iOS and Android).
Build re-usable code and library for future use.
Oprimize the apps for max speed and scalability.

",0,2,Sarjana ,,0,0,01/01/1970 00:00:00,https://jobindo.com/Lowongan-Pekerjaan-super-mobile-apps-8451.html
https://images.glints.com/unsafe/glints-dashboard.s3.amazonaws.com/company-logo/dbe0e143b4ba202f9291c0b4b952163d.png,Purchasing Officer,The Republic Of Svarga,Surabaya,0,0,Penuh Waktu,Administrative | Skills Budgeting/planning Negotiation forcasting analysis Fluent In English Both Oral And Written,,"Deskripsi pekerjaan Purchasing Officer The Republic Of Svarga Melakukan riset produk dan mencari pemasok dan vendor baru Melakukan inspeksi inventaris dan memesan ulang persediaan dan stok sesuai kebutuhan Memperbarui dan memelihara catatan semua pesanan, pembayaran, dan stok yang diterima Berkoordinasi dengan tim pengiriman dan menindaklanjuti keterlambatan atau pesanan yang telah dijadwal ulang Membangun hubungan profesional dengan klien serta vendor dan pemasok Menyiapkan laporan pembelian, termasuk analisis biaya Berkoordinasi dengan staf gudang untuk memastikan penyimpanan yang tepat Persyaratan : Gelar sarjana dalam bisnis, logistik, atau bidang terkait Pengalaman kerja yang terbukti sebagai Purchasing Officer, Procurement atau peran serupa Memiliki pengalaman sebagai Purchasing Exim adalah keuntungan Kemampuan untuk mengidentifikasi tren pasar dan membuat keputusan dalam lingkungan stres tinggi Keterampilan negosiasi Mampu bekerja dengan tenggat waktu yang ketat & di bawah tekanan Menyenangkan, energik dan teliti paham pengurusan izin impor dapat berbicara bahasa mandarin adalah nilai tambah dapat berbicara bahasa inggris adalah nilai tambah",1,3,,IDR,3.000.000,6.000.000,01/01/1970 00:00:00,https://glints.com/id/opportunities/jobs/purchasing-officer/76159eed-77df-449c-9962-534e3e48e495
https://image-service-cdn.seek.com.au/01efa7724d47642e728e4c5e22bea9815e837985/ee4dce1061f3f616224767ad58cb2fc751b8d2dc,Crew Outlet,Mr. Ollie,Jakarta Selatan,0,0,Penuh Waktu,"Hotel/Restoran ,  Makanan/Minuman/Pelayanan Restoran",Pegawai (non-manajemen & non-supervisor),"-Memberikan pelayanan yang sopan dan ramah -Mampu bekerja sama dengan team -Menerima , mengecek dan menyimpanstock bahan -Mengecek produk sesuai pesanan -Membuat Laporan penjualan harian Kualifikasi : -Berpenampilan bersih dan rapi -Pendidikan minimal SMA /MA / SMK Sederajat -Memiliki komunikasi & attitude baik, rajin dan disiplin -Bersedia bekerjashift termasuk hari libur -Bersedia ditempatkan di seluruh cabang Mr. Ollie -Diutamakan domisili : *Jakarta Barat – Mall Ciputra *Jakarta Selatan - Mall Ambassador",1,0,"SMA, SMU/SMK/STM, Sertifikat Professional, D3 (Diploma), D4 (Diploma)",,0,0,20/12/2022 18:00:00,https://www.jobstreet.co.id/id/job/crew-outlet-4150564?jobId=jobstreet-id-job-4150564&sectionRank=26298&token=0~38cc4728-c1e1-4673-b48b-60a7b2ca3b56&fr=SRP%20Job%20Listing
https://images.glints.com/unsafe/glints-dashboard.s3.amazonaws.com/company-logo/e23298f9bff651a0ca800346d5c4364c.png,Area Sales and Collection,PT Sekaya Indonesia,Bogor,0,0,Penuh Waktu,Business Development / Sales | Skills Sales and Marketing Direct Sales Sales Good Communication Skills,,"Deskripsi pekerjaan Area Sales and Collection PT Sekaya Indonesia Jobdesc : - Bertanggung jawab atas area/wilayah sesuai assignment yang diberikan management - Melakukan proses pengecekan jumlah nominal transaksi secara acak - Melayani proses transaksi harian - Memberikan informasi kepada konsumen mengenai produk perusahaan - Bertanggung jawab atas kualitas portofolio produk perusahaan - Membuat laporan harian, mingguan, dan bulanan Requirements : - Berpengalaman mengetahui bidang Fintech - Mampu mengoperasikan MS. Office - Memiliki kendaraan bermotor dan SIM C - Mampu bekerjasama dalam tim dan individual - Mampu berkomunikasi dan membangun relasi - Mampu membuat laporan aktivitas harian - Tanggap terhadap hal yang berhubungan dengan konsumen Benefit 1. Gaji pokok UMK 2. BPJS TK + Kesehatan 3. Jenjang Karir",0,1,,,0,0,01/01/1970 00:00:00,https://glints.com/id/opportunities/jobs/area-sales-and-collection/81361161-4899-45ca-ad85-b4ea07b8818c
https://image-service-cdn.seek.com.au/5e4b31062e3ae54cc293ff754040c3218a2510fa/ee4dce1061f3f616224767ad58cb2fc751b8d2dc,General Driver (DS Jakarta 1),PT. Yakult Indonesia Persada,Jakarta Timur,2001,5000,Penuh Waktu,"Lainnya ,  Pekerjaan Umum",Pegawai (non-manajemen & non-supervisor),"Kualifikasi : Usia  19 - 27 tahun Pendidikan minimal SMA/SMK Sederajat (semua jurusan) Memiliki kemampuan komunikasi dan negosiasi yang baik Memiliki kemampuan berhitung dan logika yang baik Memiliki sikap dan penampilan yang baik Bisa bekerja di bawah tekanan dan berorientasi target Dapat melakukan administrasi, pemeliharaan kendaraan, bongkar muat barang dan merawat sarana penjualan Memiliki  SIM C & SIM A  (Minimal 1 tahun) /  SIM B1 Pengalaman kerja tidak mutlak (lebih diutamakan yang memiliki pengalaman 1- 2 tahun sebagai Driver untuk mendistribusikan produk) Penempatan kerja di  Jakarta Tugas-tugas Pokok : Mendistribusikan produk Mengontrol Kualitas Produk Fasilitas : Gaji pokok, uang makan, uang transport Tunjangan Hari Raya, bonus, pelatihan dan jenjang karir",1,0,"SMA, SMU/SMK/STM, Sertifikat Professional, D3 (Diploma), D4 (Diploma), Sarjana (S1)",,0,0,14/12/2022 09:13:19,https://www.jobstreet.co.id/id/job/general-driver-ds-jakarta-1-4144489?jobId=jobstreet-id-job-4144489&sectionRank=25525&token=0~2858a612-3186-4273-806d-b1ac85f6827e&fr=SRP%20Job%20Listing
https://jobindo.com/mobile/thumbnails/56439921.jpg,Guest Relation Officer,Phintraco Group,"Jakarta Utara, DKI Jakarta",0,0,,"Persyaratan 
 Perempuan 
 Usia Max 25 tahun 
 Pendidikan minimal SMK 
 Memiliki pengalaman dibidangnya minimal 1 tahun (terbuka untuk fresh graduate) 
 Berpenampilan menarik 
 Berkomunikasi dengan baik 
 Cekatan, Jujur, Rajin, Disiplin, Bisa Kerja Shift 
 Lokasi penempatan di Kelapa Gading",,"
 Deskripsi Pekerjaan
Menyapa ramah tamu yang datang ataupun yang hendak pergi dari restaurant
Melakukan Handling Complaint atau penanganan atas keluhan pengunjung restoran
Menjaga hubungan baik dengan customer yang sudah ada
Mencatat semua aktivitas yang dilakukan pada log book
Mempromosikan semua fasilitas dan menu-menu yang ada di outlet
Membantu dan menerima telpon dari customer

",0,2,SLTP/Sederajat ,,0,0,06/09/2016 12:17:00,https://jobindo.com/Lowongan-Pekerjaan-guest-relation-officer-9340.html
https://images.glints.com/unsafe/glints-dashboard.s3.amazonaws.com/company-logo/4a36b4a4a11a8cfec25e856d5be5d748.png,Administration,PT. Stella Mode Indonesia,"Tambora, Jakarta",0,0,Penuh Waktu,Administrative | Skills Customer Relations Fast Respone Administration,,"Deskripsi pekerjaan Administration PT. Stella Mode Indonesia Responsibilities: Handling the company's calls, messages, and client administration. Attending client appointments, taking notes to ensure all relevant information about their requirements are taken, and following up on any action points. Develop and maintain excellent relationships, whilst managing the end to end client relationship process. Be able to take our clients through an exceptional journey, offering them a personal one-to-one personal shopping experience. Driving sales through offering a unique approach to customer service, contributing to the store reaching its sales targets. Be knowledgable and aware of market trends, and competitors. Keeping up the production schedule, QC, until shipment. Requirements: Diploma/Bachelor Degree in any major, preferably in  communications, marketing, fashion business, or any relevant fields. Experience working in the wedding industry. Excellent communicator and ability to build solid relationships. Good negotiation skills. Adaptable. Works well within a small team. Fluent in English. Excel in Ms. Office. Motivation and Commitment. ",1,3,,IDR,3.000.000,4.000.000,01/01/1970 00:00:00,https://glints.com/id/opportunities/jobs/administration/d7e0380b-26fd-48a5-934b-c91f21ab4735
https://karir-production.nos.jkt-1.neo.id/logos/54/1134954/Logo_SMS.JPG,Remedial Officer Collector,PT Sejahtera Mitra Solusi,Magelang - Magelang,0,0,,"Persyaratan Pengalaman sebagai collector di perusahaan pembiayaan min 1 tahun
 Pendidikan minimal D3
 Pria/wanita usia 21 - 35 tahun
 Integritas tinggi & pantang menyerah
 Memahami proses bisnis multifinance
 Berorientasi pada target
 Memiliki motor dan sim c yang masih aktif
 Bersedia bekerja di lapangan
 Penempatan di seluruh kantor Adira Finance
 
",Pemula / Staf,Tanggung Jawab Mengelola dan bertanggung jawab atas terlaksananya kegiatan penagihan secara tepat waktu,1,0,"Diploma, Sarjana/S1",,0,0,23/12/2022 02:08:19,https://www.karir.com/opportunities/1354055
https://image-service-cdn.seek.com.au/36a2feaca71ed37bd63769225373ce9c5cab5eea/ee4dce1061f3f616224767ad58cb2fc751b8d2dc,IT Project & Governance Specialist,ASIA PULP AND PAPER,Tangerang,5000,10000,Penuh Waktu,"Komputer/Teknologi Informasi ,  IT-Admin Jaringan/Sistem/Database",Supervisor/Koordinator,"Job Requirements : D3 with Experience / Bachelor Degree in Information Technology, Computing, Electrical Engineering or related. Fresh graduate with proper skill are welcomed; having 2 years experience or more is preferred. Good communication skill, analytical thinking and team work. Capable to deploy application using .net or php, in windows or linux environment. Skilled in Project Management, or IT Infrastructure/Network/System. Having knowledge or willing to learn DevSecOps. Willing to travel as needed by project or relevant activities. Willing to work in Serang, Banten.",2,0,"Sertifikat Professional, D3 (Diploma), D4 (Diploma), Sarjana (S1), Diploma Pascasarjana, Gelar Professional, Magister (S2)",,0,0,12/12/2022 04:18:49,https://www.jobstreet.co.id/id/job/it-project-governance-specialist-4140172?jobId=jobstreet-id-job-4140172&sectionRank=28591&token=0~18183eae-9b3b-4de2-aee4-12e7d0ad0919&fr=SRP%20Job%20Listing
https://image-service-cdn.seek.com.au/a8c88aa809f828b2bd2df4fa571da200f519b585/ee4dce1061f3f616224767ad58cb2fc751b8d2dc,HR Planning Specialist,PT Eka Bogainti,,0,0,,,,,0,0,,,0,0,20/12/2022 08:18:33,https://www.jobstreet.co.id/id/job/hr-planning-specialist-4150890?jobId=jobstreet-id-job-4150890&sectionRank=20355&token=0~6abd5634-0517-472b-9f11-ada4c724db97&fr=SRP%20Job%20Listing
https://image-service-cdn.seek.com.au/028c0f66ae7a7fa45f4f8eaa314978901b1dd211/ee4dce1061f3f616224767ad58cb2fc751b8d2dc,Sales & Product Promotion,Klinik Bamed Healthcare (Tomang - Jakarta Barat)),,0,0,,,,,0,0,,,0,0,29/12/2022 04:24:35,https://www.jobstreet.co.id/id/job/sales-product-promotion-4160788?jobId=jobstreet-id-job-4160788&sectionRank=20009&token=0~db01e41e-d764-4398-9fbd-a9322c5a9d47&fr=SRP%20Job%20Listing
https://jobindo.com/mobile/thumbnails/85987182.jpg,Admin & GA,PT IBNU AUF GLOBAL INVESTAMA,"Surabaya, Jawa Timur",0,0,,"Persyaratan 
 Mampu Mengoperasikan komputer ( Microsoft Excell terutama) 
 Memiliki kemampuan Negosiasi yang baik 
 Pria/Wanita max 25 tahun 
 Memiliki kemampuan komunikasi yang baik 
 Jujur, cekatan, dan pekerja keras 
 Mampu bekerja secara mandiri maupun team 
 Mampu mengelola kegiatan operasional kantor 
 Bersedia menerima tantangan dan bekerja di bawah tekanan dan deadline",,"
 Deskripsi Pekerjaan
Mengurus semua kegiatan kantor
Bertanggungjawab atas kegiatan operasional kantor
Absensi Karyawan
Inventaris Kantor

",0,2,Sarjana ,,0,0,01/01/1970 00:00:00,https://jobindo.com/Lowongan-Pekerjaan-admin-ga-18344.html
,Guru Fisika,SMA Taman Harapan,Malang,0,0,Kontrak,"Pendidikan/Pelatihan ,  Pendidikan",Pegawai (non-manajemen & non-supervisor),"Kualifikasi Pekerjaan : Usia maksimal 30 tahun Pendidikan minimal S1 Pendidikan Fisika Mempunyai loyalitas dan komitmen Kreatif, inovatif dan komunikatif Deskripsi Pekerjaan : Mempersiapkan materi pembelajaran Mengajarkan dan mendidik peserta didik Memandu siswa dalam memecahkan permasalahan dalam materi pembelajaran Mengevalusi pembelajaran peserta didik Menjadi figur teladan bagi peserta didik baik secara etika perilaku, berpakaian, hingga tutur kata",1,0,Sarjana (S1),,0,0,14/12/2022 05:01:48,https://www.jobstreet.co.id/id/job/guru-fisika-4143801?jobId=jobstreet-id-job-4143801&sectionRank=31550&token=0~419b0a03-9e0e-4e2f-a1f6-1a2a15aa0991&fr=SRP%20Job%20Listing
https://jobindo.com/mobile/thumbnails/19463445.jpg,QC & Kepala Produksi Body Repair Mobil (Jakarta),Jakarta Teknologi Utama,"Jakarta Timur, DKI Jakarta",0,0,,"Persyaratan 
 Pria, Usia Maks 40 Thn 
 Pendidikan minimal SMKTeknik (diutamakan jurusan Otomotif) 
 Lebih diutamakan pengalaman kerja di bidang body repair maupun engine mobil 
 Memiliki minat di bidang Otomotif 
 Teliti 
 Punya jiwa kepemimpinan dan integritas 
 Mampu bekerja dibawah tekanan",,,0,2,Diploma 3 ,,0,0,01/01/1970 00:00:00,https://jobindo.com/Lowongan-Pekerjaan-qc-kepala-produksi-24014.html
https://jobindo.com/mobile/thumbnails/15222821.jpg,Purchasing Staff,PT. Mitra Insan Sejahtera,"Jakarta Selatan, DKI Jakarta",0,0,,"Persyaratan 
 Max.26 th. 
 Min S1 Segala Jurusan.",,"
 Deskripsi Pekerjaan
Memproses PO kepada supplier.
Koordinasi dg pihak gudang untuk memastikan barang dari supplier tiba di gudang.
Memastikan ketersediaan stok produk yg bermargin besar tidak terputus dari supplier supaya bisa dialokasikan dari gudang kepada outlet2.
Melakukan koordinasi dan negosiasi dengan supplier terkait kebutuhan barang atau jasa yang dibutuhkan perusahaan.
Membuat laporan terhadap pembelian dari masing-masing departemen di perusahaan.
 ",0,2,Sarjana ,,0,0,26/04/2018 16:13:00,https://jobindo.com/Lowongan-Pekerjaan-purchasing-staff-23878.html
https://image-service-cdn.seek.com.au/55bf139ef5ba8e0097b2cf7649db94ce49f02b5c/a868bcb8fbb284f4e8301904535744d488ea93c1,Assistant Region Manager East Java (Mandarin Speaker) - TECNO Mobile,PT Carlcare Service Ila,,0,0,,,,,0,0,,,0,0,27/12/2022 20:00:45,https://www.jobstreet.co.id/id/job/assistant-region-manager-east-java-mandarin-speaker-tecno-mobile-4139897?jobId=jobstreet-id-job-4139897&sectionRank=18569&token=0~97ca5f1b-e78b-49af-9c6a-bc3e7cd5d12f&fr=SRP%20Job%20Listing
https://jobindo.com/mobile/thumbnails/59021879.jpg,Sales Manager,PT. CITA BAJA AUTOTRUCK,"Jakarta Utara, DKI Jakarta",0,0,,"Persyaratan 
 Pria 
 Usia maksimal 40th 
 Pendidikan minimal D3/S1 (semua jurusan) 
 Pengalaman dibidang terkait minimal 5th 
 IPK minimal 3.00 
 Mampu berbahasa inggris lisan & tulisan (nilai plus) 
 Memiliki jenjang karir yang baik dibidang Sales 
 Memiliki kendaraan 
 Memiliki pengetahuan & profesional dalam management penjualan 
 Dapat membina hubungan yang baik dengan Customer 
 Mempunyai kemampuan Manajerial dan Leadership yang baik 
 Memiliki integritas yang tinggi, serta Disiplin yang tinggi 
 Berpribadian matang dan mampu bekerja di bawah tekanan 
 Hasil psikotest (IQ) minimal 120 
 Melampirkan pas foto terbaru 
 Melampirkan SKCK (Surat Keterangan Kelakuan Baik)",,"
 Deskripsi Pekerjaan
Berorentasi pada pencapaian target
Melakukan analisa data trend Sales dan Market
Membuat program penjualan dan mapping area
Bertanggung jawab membentuk Tim
Bertanggung jawab untuk memonitor kinerja Tim Sales

",5,10,Sarjana ,,0,0,27/03/2018 10:52:00,https://jobindo.com/Lowongan-Pekerjaan-sales-manager-31571.html
https://images.glints.com/unsafe/glints-dashboard.s3.amazonaws.com/company-logo/0a64e205151cc528ff6684b278c6de10.jpeg,Freelance Project Executive,Famous Allstars,Senayan,0,0,Freelance,Business Development / Sales | Skills Discipline Data Analyst Good Attitude Good Teamwork Good Communication Skills KOL Management KOL Communication,,"Deskripsi pekerjaan Freelance Project Executive Famous Allstars Job Descriptions : Bertanggung jawab menghubungi dan memberikan brief kepada KOL yang sudah disepakati Memastikan dan membuatkan jadwal untuk KOL supaya memposting tepat waktu Bertanggung jawab mengumpulkan insight dari KOL lalu dilaporkan kepada tim analyst

 Requirements : berpengalaman dalam handle KOL Campaign memiliki komunikasi yang baik, time management yang baik mampu menjalani planning dan eksekusi project sesuai target Lebih disukai yang memiliki skill bahasa inggris yang aktif (berbicara atau menulis) Memiliki pengetahuan di bidang digital advertisement  Memiliki attitude yang baik",0,1,,IDR,100,200,01/01/1970 00:00:00,https://glints.com/id/opportunities/jobs/freelance-project-executive/5966e17d-ff44-4ece-8e59-04b2a7f4c074
https://image-service-cdn.seek.com.au/821442f47e11d3446cbdd8a6cd3e13139e404dcf/ee4dce1061f3f616224767ad58cb2fc751b8d2dc,Software Test Engineer (QA),PT JULO Teknologi Finansial,Jakarta Selatan,501,1000,Penuh Waktu,"Komputer/Teknologi Informasi ,  IT-Perangkat Lunak",Pegawai (non-manajemen & non-supervisor),"Responsibilities Manually identify and report bugs early. Fully understand all of product requirements and technical implementations of all of JULO’s apps, services, and tools. Report bugs clearly with all the relevant information to make it easier to fix. Maintain test cases such that they have good test coverage, informative, and easy to execute. Analyze and systematically approach bugs reported, always coming up with practical short term and long term process improvements to avoid them. Creating test case, execute it then do the regression. Identify things that can go wrong early but also quick to investigate bugs reported in production. Work closely with other JULO engineers, products, data scientists, operations. Requirements Pay attention to detail, expect high quality, and care about user experience. Have deep knowledge on web services and mobile applications. Great team player, have excellent work ethics, and have solid technical communication skills (Indonesian and English) Meticulous in following processes and highly organized. Fast adapt, fast learner. Have experience in all kinds of development, testing, and deployment tools. Experience in agile development process and applications such as Trello and JIRA. Engineering/Computer/IT degree with 2 years of diverse software development experience and teams.  Nice to have: Have some experience in coding, testing, debugging, and troubleshooting with a programming language, especially in Python. Have good knowledge automated test, including writing test script. Have deep knowledge on CI/CD, including the tools and the implementation.",2,0,Sarjana (S1),,0,0,12/12/2022 04:08:09,https://www.jobstreet.co.id/id/job/software-test-engineer-qa-4140135?jobId=jobstreet-id-job-4140135&sectionRank=29735&token=0~9d9b576a-3694-490f-a3ce-1e237b14f81c&fr=SRP%20Job%20Listing
https://jobindo.com/mobile/thumbnails/15222821.jpg,General Affair Supervisor,PT. Mitra Insan Sejahtera,"Jakarta Selatan, DKI Jakarta",0,0,,"Persyaratan 
 Max. 35 tahun 
 Min. S1 Segala Jurusan.",,"
 Deskripsi Pekerjaan
Menerima permintaan perbaikan yang bersifat teknis
Memperbaiki serta membuat laporan setiap pelaksanaan perbaikan
Memonitoring pelaksanaan pekerjaan sipil
Membuat Laporan hasil pekerjaan.
 ",2,5,Sarjana ,,0,0,01/01/1970 00:00:00,https://jobindo.com/Lowongan-Pekerjaan-general-affair-supervisor-19628.html
,Bartender,Seminyak Square,Badung,0,0,Penuh Waktu,"Hotel/Restoran ,  Makanan/Minuman/Pelayanan Restoran",Pegawai (non-manajemen & non-supervisor),Seminyak Square Hotel We are hiring for position : Bartender / Bartenders Requirement Details: - Having Experience in the same position - Able to speak English - Can make cocktail's - Can join immediately Will be place in Seminyak Bali,1,0,"SMA, SMU/SMK/STM, Sertifikat Professional, D3 (Diploma), D4 (Diploma)",,0,0,23/12/2022 07:24:20,https://www.jobstreet.co.id/id/job/bartender-4155171?jobId=jobstreet-id-job-4155171&sectionRank=24169&token=0~511956dc-7cea-4f34-8d85-d955e1d6c371&fr=SRP%20Job%20Listing
https://image-service-cdn.seek.com.au/a01061ca8a24cadb65625621e6f76dacf2a2988b/ee4dce1061f3f616224767ad58cb2fc751b8d2dc,Analyst- Workforce Transformation - ID,Imelda & Rekan,Jakarta Raya,1001,2000,,"Penjualan / Pemasaran ,  Pemasaran/Pengembangan Bisnis",,"What impact will you make? At Deloitte, we offer a unique and exceptional career experience to inspire and empower talents like you to make an impact that matters for our clients, people and community. Deloitte offers you a highly inclusive, collaborative workplace and unrivalled opportunities to realize your full potential. We are always looking for people with the relentless energy to push themselves further, and to find new avenues and unique ways to reach our shared goals. Work you’ll do The Workforce Transformation offering delivers solutions to transform our clients’ workforces and workplaces for business success in this era of technology disruption. We enable our clients’ success in creating the very best workforce to achieve their business aspirations -providing end-to-end workforce lifecycle solutions. Role Description Build, shape and own a central repository of assets for Workforce Transformation Standardize and develop an approach to more efficiently execute our Leadership Development Program execution (delivery ecosystems, logistics, process, checklists, materials and templates) Create an internal and external eminence campaign and assets for Workforce Transformation (Including social media campaign, internal Deloitte campaign etc) Work with Project Managers to support the build out of program materials for client projects including on screen content for workshops, participant workbooks, and program artefacts Manage a small, curated list of vendors (guest speakers, creatives, venues etc) Enough about us, let's talk about you If you are someone with: A good university degree or MBA 1-3 years working experience You have excellent social skills and enjoy working in a diverse environment Project experience in ASEAN region Excellent oral and written communication skills in English, be self-motivated, and be able to work in stressful situations with changing priorities Strong data analytics skills, familiar with PowerBI or other data analytics tools Excellent problem solving skills, ability to think out-of-the-box, work under pressure and tight project timelines Drive, tenacity, client focused and results oriented Next Steps So what are you waiting for? Join the winning team now. Due to volume of applications, we regret only shortlisted candidates will be notified. -",0,0,,,0,0,23/12/2022 15:35:21,https://www.jobstreet.co.id/id/job/analyst-workforce-transformation-id-1034045000?jobId=jobstreet-id-job-1034045000&sectionRank=34974&token=0~5853034f-08f3-4f03-92de-cb7c145aa36c&fr=SRP%20Job%20Listing
https://image-service-cdn.seek.com.au/c364e62151dd7fa67fffdd9f06b1ed3a5e3e1c47/a868bcb8fbb284f4e8301904535744d488ea93c1,Lead Interior Designer,PT ARKADIA SINERGI INDONESIA (Arkadia Works),Jakarta Selatan,51,200,Penuh Waktu,"Bangunan/Konstruksi ,  Arsitek/Desain Interior",CEO/GM/Direktur/Manajer Senior,"Requirements : Bachelor degree or equivalent in Interior Design/Architecture. At least 7 years experiences in handling office design A strong background in Interior Architecture, a high standard of technical ability and broad knowledge of materiality. Have vast knowledge of suppliers, product, and specialist finishes. Experience working on all aspects of projects, through all stages of work, from concept to completion. An understanding of project programs and deadlines. Financial understanding of project costs and budget awareness. An exceptional eye for scale and balance, detail, and, color. Impeccable and concise communication and presentation skills, verbal and written. They must be  fluent in spoken and written English .",7,0,Sarjana (S1),,0,0,27/12/2022 04:02:12,https://www.jobstreet.co.id/id/job/lead-interior-designer-4157998?jobId=jobstreet-id-job-4157998&sectionRank=17321&token=0~69a6a240-f995-41d0-a731-9ca035d9e839&fr=SRP%20Job%20Listing
,Waiter,Seafood 15 Pandu Raya,Bogor,0,0,Kontrak,"Hotel/Restoran ,  Makanan/Minuman/Pelayanan Restoran",Pegawai (non-manajemen & non-supervisor),"Kualifikasi: Usia maksimal 27 tahun Rajin, ulet, cekatan, dan inisiatif tinggi Pendidikan minimal SMA/SMK Sederajat Disediakan tempat istirahat/ tempat tinggal bagi yang domisili jauh atau tidak punya kendaraan Disiploin dan Bertanggung Jawab Tugas dan Tanggung Jawab: Membantu untuk melayani customer dengan ramah dan Sopan Membantu untuk menyiapkan pesanan customer",1,0,,IDR,1.000.000 , 1.400.000 ,21/12/2022 09:03:03,https://www.jobstreet.co.id/id/job/waiter-4152603?jobId=jobstreet-id-job-4152603&sectionRank=26400&token=0~19d962af-4ec8-4d22-98a2-9775a63403fc&fr=SRP%20Job%20Listing
,Instructor,Digikidz Indonesia (Palembang),Palembang,0,0,Penuh Waktu,"Pendidikan/Pelatihan ,  Pendidikan",Pegawai (non-manajemen & non-supervisor),"Kualifikasi Pekerjaan Maksimal usia 30 Tahun Bisa berbahasa inggris IPK minimal 3.00 Jurusan: Sistem informasi, Teknik Informatika, DKV, Multimedia, Sistem Komputer dan Keguruan (Paham coding, desain serta animasi) Memiliki Jiwa Kreatif & Inovatif Aktif dalam kegiatan organisasi Penempatan Palembang Deskripsi Pekerjaan Menyusun rencana pelaksanaan kegiatan belajar mengajar; Melaksanakan kegiatan mengajar multimedia komputer Melaksanakan pelatihan (teori dan praktek)",1,0,,,0,0,10/12/2022 03:37:42,https://www.jobstreet.co.id/id/job/instructor-4139288?jobId=jobstreet-id-job-4139288&sectionRank=31596&token=0~af78ca0b-fe08-4a0e-b888-58360b782ccf&fr=SRP%20Job%20Listing
https://jobindo.com/mobile/thumbnails/120673.jpg,Apoteker,PT Duta Intidaya Tbk,"Jakarta Selatan, DKI Jakarta",0,0,,"Persyaratan 
 Lulusan profesi Apoteker 
 Memiliki STRA 
 Memiliki minat atau berpengalaman di bidang ritel 
 Bersedia bekerja dalam shift.",,"
 Deskripsi Pekerjaan
Melayani kebutuhan customer
Menjaga ketersediaan stok barang
Mencegah kehilangan barang
Membantu penjualan produk lain di luar obat

",0,2,Sarjana ,,0,0,21/07/2016 12:45:00,https://jobindo.com/Lowongan-Pekerjaan-apoteker-7647.html
https://jobindo.com/mobile/thumbnails/92116913.jpg,CAD OPERATOR / DRAFTER,PT. Sahabat Agritama,"Jakarta Pusat, DKI Jakarta",0,0,,"Persyaratan  
 Requirements 
  
 
 Associate degree in drafting 
 Additional course in CAD software 
 Practical experience with CAD software 
 Knowledge of engineering and construction 
 A completed apprenticeship would be advantages 
 Strong communication skills and attention to detail 
 Superb work ethic and ability to accept feedback 
 Willingness to work overtime when required 
 1 to 2 experience",,"
 Deskripsi Pekerjaan
Job Responsibilities


Interpreting project briefs and meeting with clients, engineers and architects to ensure technical drawings are completed to specifications
Producing rough sketches and using CAD software to prepare detailed drawing and plans
Visiting sites to gather information for the design
Ensuring drawings are complient to engineering regulation
Communicating potential design issues to engineers and architect
Conducting research when required


 ",0,2,Sarjana ,,0,0,04/06/2021 16:06:00,https://jobindo.com/Lowongan-Pekerjaan-cad-operator-drafter-58270.html
https://jobindo.com/mobile/thumbnails/5397341.jpg,SPG Butik,PT The Clothes,"Jakarta Pusat, DKI Jakarta",0,0,,"Persyaratan 
 WANITA 
 Lulusan SMA atau sederajat 
 Cantik, Menarik, Rapi, Bersih dan Sopan 
 Smart, Energic 
 Berat dan tinggi badan ideal 
 Pengalaman minimal 1 thn dibidang fashion 
 Usia max 28thn 
 Aktif bahasa Inggris",,"
 Deskripsi Pekerjaan
Melayani pembeli dan memahami sistem penjualan dan mencapai target
Bekerja dibawah tekanan
Memahami product knowledge yang akan ditawarkan ke customer.
Bersedia lembur jika dibutuhkan.
Berkomunikasi dengan baik dan sopan terhadap customer
Jujur, Cekatan dan gesit.
 ",0,2,SLTA/Sederajat ,,0,0,23/07/2018 11:07:00,https://jobindo.com/Lowongan-Pekerjaan-spg-butik-35502.html
https://jobindo.com/mobile/thumbnails/88868354.jpg,Product Specialist dan Marketing / Sales (Madiun),PT. ENDO Indonesia,"Madiun, Jawa Timur",0,0,,"Persyaratan 
 Pendidikan min. D3 
 Memiliki kemampuan komunikasi dan negosiasi yang baik 
 Berpenampilan menarik dan percaya diri 
 Jujur dan disiplin 
 Memiliki motivasi tinggi untuk belajar dan mencapai target 
 Memiliki SIM C 
 Catatan: Penempatan sesuai domisili pelamar",,"
 Deskripsi Pekerjaan
Melakukan kunjungan rutin ke Rumah Sakit, Klinik dan Laboratorium sesuai domisili.
Mencari pelanggan dan mengenalkan produk-produk yang didistribusikan oleh PT. Endo indonesia.
Memberikan informasi produk dan spesifikasi produk sesuai dengan kebutuhan pelanggan.
Memastikan produk diterima oleh klien hingga pemantauan pelunasan pembayaran.

Kompensasi & Benefit:

Gaji dan insentif yang menarik
Tunjangan trasnportasi

",0,2,Diploma 3 ,,0,0,30/04/2019 12:54:00,https://jobindo.com/Lowongan-Pekerjaan-product-specialist-dan-45282.html
https://images.glints.com/unsafe/glints-dashboard.s3.amazonaws.com/company-logo/4b5664329d9a9572db335fe6a1fff1f9.png,Staf Marketing KSM,PT BCA Multifinance,Pasuruan,0,0,Penuh Waktu,Marketing | Skills Memiliki SIM C Berkomunikasi Dengan Baik memiliki kendaraan bermotor,,Deskripsi pekerjaan Staf Marketing KSM PT BCA Multifinance Melakukan   aktifitas   penjualan   sesuai target serta   menjalin   relasi yang baik   dengan dealer rekanan dan Nasabah BCA Multi Finance,0,1,,,0,0,01/01/1970 00:00:00,https://glints.com/id/opportunities/jobs/staf-marketing-ksm/8de1bda6-fd75-4702-9cc6-2fb3b4b92c28
https://jobindo.com/mobile/thumbnails/56697493.jpg,Fashion Designer,PT Pondasindo Jaya,"Cianjur, Jawa Barat",0,0,,"Persyaratan 
 Pria/Wanita 
 Usia Minimal 23-28 Tahun 
 Pendidikan minimal D3 Design 
 Menguasai seluruh aplikasi professional Desain (Adobe Photo Shop,Corel Draw) 
 Profesional dibidang design sajadah & tekstile design 
 Rajin, Jujur, Uket, Disiplin, komunikatif, Bertanggungjawab 
 Mampu bekerja dengan team 
 Memiliki latar belakang sekolah mode atau tat busana upi 
 Bekerja dengan deadline 
 Diutamakan yang berdomisili Di Cianjur",,,0,2,Diploma 3 ,,0,0,13/12/2016 16:14:00,https://jobindo.com/Lowongan-Pekerjaan-fashion-designer-13247.html
https://images.glints.com/unsafe/glints-dashboard.s3.amazonaws.com/company-logo/fa9251b7ba645fbdcbe07beba2771e83.jpeg,Market Place Operation,Pt Waktu Cipta Dimensi,"Cengkareng, Jakarta",0,0,Penuh Waktu,Business Development / Sales | Skills Search Engine Optimization (SEO) eCommerce Topads Google Ads Admin Ecommerce Shopee Ads tiktok ads,,"Deskripsi pekerjaan Market Place Operation Pt Waktu Cipta Dimensi Kualifikasi: Umur 25-30 tahun Pendidikan minimal SMA/ S1 Pengalaman minimal 2-3 tahun berjualan di market place seperti Shopee, Tokopedia, Lazada, Bukalapak dll Pengalaman minimal 2-3 tahun berjualan di social media seperti Instagram, Tiktok, Facebook dll Terbuka untuk Fresh Graduate Deskripsi Pekerjaan: Mencapai KPI target penjualan yang ditentukan oleh perusahaan Mencari ide untuk menaikkan penjualan di market place seperti iklan, promo, discon dll Mengembangkan ide-ide kreatif untuk aktifitas yang menaikkan penjualan di social media",1,3,,IDR,4.600.000,6.000.000,01/01/1970 00:00:00,https://glints.com/id/opportunities/jobs/market-place-operation/7fbe765b-e2ca-4b19-aa1a-c32921a1fdb5
https://jobindo.com/mobile/thumbnails/17906295.jpg,Staff Apotek,Apotek Inti Farma,"Surabaya, Jawa Timur",0,0,,"Persyaratan 
 Wanita 
 Minimal pendidikan: SMA / D3 
 Memiliki pengalaman kerja di bidang farmasi (nilai plus) 
 Rajin dan ulet 
 Jujur 
 Bertanggung jawab dalam pekerjaan",,"
 Deskripsi Pekerjaan
Melayani customer dalam bidang farmasi

",0,2,Diploma 3 ,,0,0,20/01/2018 11:22:00,https://jobindo.com/Lowongan-Pekerjaan-staff-apotek-28949.html
https://jobindo.com/mobile/thumbnails/544955514.jpg,Kepala Produksi,PT. Kristalindo Karunia Internasional,"Indramayu, Jawa Barat",0,0,,"Persyaratan 
 Memiliki ijasah min. S1 terutama jurusan Teknik Industri 
 Ahli dibidang Teknik Industri 
 Bersedia ditempatkan di Indramayu",,"
 Deskripsi Pekerjaan
Mengatur dan mendesain alur produksi
Membuat permintaan pembelian bahan baku dan kemasan
Mengatur pola kerja karyawan produksi
Mengatur administrasi pabrik (stok dan produksi)
Mengurus ijin pabrik
Menjaga keamanan aset perusahaan

",2,5,Sarjana ,,0,0,05/01/2019 12:40:00,https://jobindo.com/Lowongan-Pekerjaan-kepala-produksi-41993.html
https://jobindo.com/mobile/thumbnails/15222821.jpg,Apoteker (Semarang),PT. Mitra Insan Sejahtera,"Semarang, Jawa Tengah",0,0,,"Persyaratan 
 Wanita. 
 Max. 40th. 
 Min Apoteker.",,"
 Deskripsi Pekerjaan
Memberikan konsultasi kepada customer tentang produk kesehatan: obat, vitamin/ suplemen, alat kesehatan.
Mencapai komitmen sales yg disepakati dg atasan supaya mencapai Growth 24 yg positif.
Memperhatikan ketersediaan stok barang dan melakukan retur barang selama masih dalam periode yg bisa diterima oleh gudang atau supplier.
 ",0,2,SLTA/Sederajat ,,0,0,01/01/1970 00:00:00,https://jobindo.com/Lowongan-Pekerjaan-apoteker-semarang-38876.html
,Social Media Manager,SULTAN CIANJUR CAFE,Cianjur,0,0,Penuh Waktu,"Penjualan / Pemasaran ,  Digital Marketing",Supervisor/Koordinator,"Kualifikasi: Berusia antara 17 - 30 tahun Menguasai Instagram, TikTok dan Facebook Dapat mengedit konten untuk sosial media Dapat membuat caption untuk seluruh media sosial Dapat membuat konten fotografi dan videografi Lokasi kerja,  Cianjur - Jawa Barat",2,0,,,0,0,13/12/2022 08:56:38,https://www.jobstreet.co.id/id/job/social-media-manager-4142669?jobId=jobstreet-id-job-4142669&sectionRank=31115&token=0~24069155-c8f7-4aac-ac50-1251edbc0697&fr=SRP%20Job%20Listing
https://image-service-cdn.seek.com.au/7f56b8ef795143c4ad40d7540f92f5908b1f333a/a868bcb8fbb284f4e8301904535744d488ea93c1,Human Resources Manager,PT Nusautama Medicalindo,Medan,501,1000,Penuh Waktu,"Sumber Daya Manusia/Personalia ,  Sumber Daya Manusia / HR",CEO/GM/Direktur/Manajer Senior,"Requirement : Candidate must possess at least Bachelor’s Degree, in Human Resources or a related field such a Psychology, Law or Management At least 5 (five) years of working experience in hospitality Strong knowledge of HR function & labor law (recruitment & hiring, training & Development, Industrial relation, compensation & employee benefit, disciplinary action.) Excellent leadership, Good interpersonal and communication skills Good analytical, problem-solving and ability to manage a team Understand multicultural and working in the fast-paced environment Active English communication Able to understand business needs and able to integrate the comprehensive HR program and strategies as well as providing advises to the management Responsibilities Developing and driving HR strategies to be aligned with Company’s business goals across the organization Manage and oversee all Human Resources functions including recruitment, Compensation & benefits, employee relations, performance management and training Manage and controlling on the overall process of Human Resources Plan and liaise with the key positions in the organization and management to enhance the Department performance. on time to submission ofHR Monthly report to GM and management office Analyze employee indicators, such as payroll, absenteeism, rotation, work accidents, vacation, overtime, etc. in order to make timely decisions to the benefit of the company and employees, avoiding labor contingencies. Supervising all HR activities, communications, reports and documents created and received by HR team Attending daily interdepartmental meetings with other manager Conduct performance appraisal and salary review Managing and preparation HR division budget yearly (HR employee cost) Coordinating all administrative activities, include developing recruitment strategies, implementing system for managing staff benefits, payroll and onboarding new employee",5,0,,IDR,12.000.000 , 18.000.000 ,13/12/2022 10:43:34,https://www.jobstreet.co.id/id/job/human-resources-manager-4142979?jobId=jobstreet-id-job-4142979&sectionRank=27156&token=0~cde75a2a-2546-4908-901f-1615dfc41dda&fr=SRP%20Job%20Listing
https://images.glints.com/unsafe/glints-dashboard.s3.amazonaws.com/company-logo/4e5d8d795706d335b19c12a1d4fe550c.jpg,Host Live Streaming,Pt. Cahaya Sumber Sari,Jakarta,0,0,Freelance,Marketing | Skills Marketing Communications Marketing Social Media Marketing Marketing Campaign Content Marketing Sales Marketing,,"Deskripsi pekerjaan Host Live Streaming Pt. Cahaya Sumber Sari Host Live Streaming produk Baju Muslimah (Facebook + Tiktok) Kualifikasi: 1. Wanita (berhijab) 2. Umur 22-35th 3. Domisili Jabodetabek 4. Pengalaman marketing/ Publik Speaking (pernah jadi host live streaming jadi prioritas) 5. Good Looking dan tidak canggung depan kamera 6. Tinggi badan minimal 160cm (tidak kurus / tidak gendut) 7. Dapat berbahasa Inggris (opsional khusus channel Singapore) System Kerja: 1. 5 Jam durasi Live per-hari 2. 6 Hari kerja 3. Fleksibel Shift Pagi / Malam 4. Kontrak Kerja 6bln (1th prioritas) 5. Target Penjualan di Live Streaming Benefit: 1. Gaji Pokok 4-6jt 2. Komisis Penjualan (Target tidak tercapai komisi di potong 50%, Gaji pokok tetap utuh) 3. Subsidi uang Kost 700rb (jika domisili jauh dari kantor)",1,3,,IDR,4.000.000,6.000.000,01/01/1970 00:00:00,https://glints.com/id/opportunities/jobs/host-live-streaming/442db2ab-1b1f-42c3-b758-a1d414e5e6cc
https://jobindo.com/mobile/thumbnails/45913514.jpg,Staf Administrasi,"Kantor Notaris Mursalin, SH. M. Kn.","Bandar Lampung, Lampung",0,0,,"Persyaratan 
 pria/wanita 
 pendidikan min. D1 komputer 
 usia maks. 35 tahun 
 mahir mengoperasilan komputer terutama word. exel 
 pengalaman adm mini. 1 tahun 
 berdomisili di kota bandar lampung 
 pengalaman drafting lebih diutamakan",,"
 Deskripsi Pekerjaan
membuat/mengetik surat menyurat , akta dan membuat drafting akta,

",0,2,SLTA/Sederajat ,,0,0,15/07/2019 15:42:00,https://jobindo.com/Lowongan-Pekerjaan-staf-administrasi-46985.html
https://jobindo.com/mobile/thumbnails/22843379.jpg,Baker (Yogyakarta),Han-Ji Cheesecake,"Yogyakarta, DI Yogyakarta",0,0,,"Persyaratan 
 Usia maksimal 25 tahun 
 Pendidikan minimal SMU/SMK atau Diploma jurusan Tata Boga, Perhotelan & Pariwisata 
 Freshgraduate atau berpengalaman sebagai baker 
 Dapat menggunakan mesin oven 
 Berpenampilan menarik 
 Dapat berkomunikasi dengan baik kepada customer 
 Dapat bekerja sama dengan tim 
 Bersedia bekerja shift",,"
 Deskripsi Pekerjaan
Melakukan pekerjaan sebagai baker (di bidang bakery/ roti), seperti : membuat adonan, mengoven, dll
Menjaga konsistensi kualitas dan kebersihan Produk
Menjaga kebersihan dapur serta alat-alat dapur

",0,2,SLTA/Sederajat ,,0,0,25/04/2017 14:36:00,https://jobindo.com/Lowongan-Pekerjaan-baker-yogyakarta-19061.html
https://image-service-cdn.seek.com.au/3db4fe974ccf5535c5b04c7040e2f58e60945503/ee4dce1061f3f616224767ad58cb2fc751b8d2dc,Visual Merchandiser,PT Mitra Adiperkasa Tbk (MAP Fashion1),,1001,2000,Penuh Waktu,"Seni/Media/Komunikasi ,  Seni / Desain Kreatif",Supervisor/Koordinator,"Requirements Candidate must possess at least a Bachelor's Degree, preferably majoring in Visual Communication Design or Architecture/Interior. Preferably Staff or Senior Staff specializing in Merchandising/Visual Merchandising or equivalent. Excellence Graphic Design Software, 3D and Autocad. Familiar with Excel or MS Office Programs. Have knowledge about Visual Merchandising industry Having experience in beauty retail would be an advantage. Creative and attention to detail. Attractive and representative performance. Willing to mobile work and travel",2,0,Sarjana (S1),,0,0,16/12/2022 02:29:01,https://www.jobstreet.co.id/id/job/visual-merchandiser-4146629?jobId=jobstreet-id-job-4146629&sectionRank=24768&token=0~b59e7330-906d-437c-86ed-4af565eda7c3&fr=SRP%20Job%20Listing
https://jobindo.com/mobile/thumbnails/18895573.jpg,Junior Recruitment Consultant,Execrute Consulting,"Jakarta Selatan, DKI Jakarta",0,0,,"Persyaratan 
 Female, A recent graduate in any discipline. 
 Ideally 1+ years' experience of working within a business environment. 
 The willingness to learn and develop skills. 
 Extremely career driven and focused on delivering results and succeeding. 
 Confident with strong communications skills and the ability to work off own initiative. 
 The ability to work within a small business environment. 
 A quick learner who ideally has an interest in people skill. 
 A team player who is motivated and has a flexible and creative approach to work. 
 Proficiency in English is a must, due to our working environment on dealing with Local and Multinational Clients. 
 The ability to work in a fun environment is a MUST! :)",,,0,2,Sarjana ,,0,0,01/01/1970 00:00:00,https://jobindo.com/Lowongan-Pekerjaan-junior-recruitment-consultant-43669.html
https://image-service-cdn.seek.com.au/760ebdd89cb97e83e634d749e9a6eefd3ad2c34b/ee4dce1061f3f616224767ad58cb2fc751b8d2dc,Staff Tax Accounting,PT Yobelindo Graha Mandiri (Brighton Real Estate),Surabaya,201,500,Penuh Waktu,"Akuntansi / Keuangan ,  Audit & Pajak",Pegawai (non-manajemen & non-supervisor),"Requirements: - Max. 27 years old - Hold Bachelor's Degree in Accounting/Tax from a reputable university - Having working experience in the related position is an advantage - Fresh graduates are welcome - Advanced MS Excel skill - Have strong analytical thinking Job Description: - Ensure accurate commutation of all the tax liabilities - Prepare an annual tax report for the Tax Directorate General - Provide information for external audits and tax investigations - Responsible for filing important documents relating to the tax and accounting department, etc",1,0,Sarjana (S1),,0,0,22/12/2022 02:34:17,https://www.jobstreet.co.id/id/job/staff-tax-accounting-4153154?jobId=jobstreet-id-job-4153154&sectionRank=18973&token=0~3306b02b-c118-4f95-84cb-a41736cceaca&fr=SRP%20Job%20Listing
https://jobindo.com/mobile/thumbnails/466603020.jpg,Account Officer,PT. Mutualplus Global Resources,"Jakarta Selatan, DKI Jakarta",0,0,,"Persyaratan 
 Wanita, Usia maks 27th 
 Pendidikan Min. SMK (Pengalaman) 
 Berpenampilan Menarik 
 Menguasai MS. Office min. Word & Excel 
 Dapat bekerja dibawah target 
 Penempatan Menara Mulia - Gatot Subroto (Jakarta Selatan)",,,0,2,SLTA/Sederajat ,,0,0,28/09/2016 11:27:00,https://jobindo.com/Lowongan-Pekerjaan-account-officer-10327.html
https://jobindo.com/mobile/thumbnails/66360805.jpg,Staff Perpajakan,PT Kebon Agung,Jawa Timur,0,0,,"Persyaratan 
 Laki-laki, 
 Usia maks 27 tahun 
 S1 Akuntansi/Perpajakan 
 Pengalaman Kantor Pajak/KAP lebih diutamakan 
 Bersedia ditugaskan di wilayah PT Kebon Agung",,,0,2,Sarjana ,,0,0,01/01/1970 00:00:00,https://jobindo.com/Lowongan-Pekerjaan-staff-perpajakan-46597.html
https://jobindo.com/mobile/thumbnails/15222821.jpg,Purchasing Staff,PT. Mitra Insan Sejahtera,"Jakarta Selatan, DKI Jakarta",0,0,,"Persyaratan 
 Max.26 th. 
 Min S1 Segala Jurusan.",,"
 Deskripsi Pekerjaan
Memproses PO kepada supplier.
Koordinasi dg pihak gudang untuk memastikan barang dari supplier tiba di gudang.
Memastikan ketersediaan stok produk yg bermargin besar tidak terputus dari supplier supaya bisa dialokasikan dari gudang kepada outlet2.
Melakukan koordinasi dan negosiasi dengan supplier terkait kebutuhan barang atau jasa yang dibutuhkan perusahaan.
Membuat laporan terhadap pembelian dari masing-masing departemen di perusahaan.
 ",0,2,Sarjana ,,0,0,11/07/2018 12:11:00,https://jobindo.com/Lowongan-Pekerjaan-purchasing-staff-35040.html
https://jobindo.com/mobile/thumbnails/5524744.jpg,IT & SOSIAL MEDIA STAFF,PT. WAHANA REZEKI SEMPURNA,"Jakarta Barat, DKI Jakarta",0,0,,"Persyaratan 
 Usia maks pria/ wanita 30th 
 Menguasai aplikasi adobe, tiktok, instagram, facebook, dan sosmed lainnya 
 Kreatif dalam konten promosi, baik, jujur & bertanggung jawab",,"
 Deskripsi Pekerjaan
Membuat konten dan script untuk design grafis maupun video.
Tanggung jawab untuk video production, content creation, graphic design dan pekerjaan yang akan supporting product sales, marketing dan promotion activities.
Selain basic graphic design, illustrator dll, kandidat bisa memikirkan dan menjalankan video recording, editing and motion graphics.
Mengembangkan dan meningkatkan sosial media perusahaan ( instagram, facebook, tik-tok, youtube ).
Membuat dan mencari hastags terbaru dan relevant untuk account sosial media.
Membuat report untuk setiap rencana pada setiap konten

",2,5,SLTA/Sederajat ,,0,0,07/09/2021 06:31:00,https://jobindo.com/Lowongan-Pekerjaan-it-sosial-media-59161.html
https://jobindo.com/mobile/thumbnails/44983154.jpg,Kepala Tempat Penampungan (Distribusi FMCG) penempatan SAMARINDA,PT Mitraniagabahari,"Banjarmasin, Kalimantan Selatan",0,0,,"Persyaratan 
 Pendidikan minimal SMU/sederajat, lebih diutamakan D3, menguasai program microsoft office, khususnya excel 
 Berpengalaman 2-3 tahun di bidang distribusi fmcg 
 Berpengalaman memimpin > 10 orang tenaga penjual 
 Berpengalaman supervisi penjualan 
 25-30 tahun 
 Berat dan tinggi badan proporsional 
 Sehat jasmani dan rohani (dibuktikan dengan surat keterangan dokter) 
 Memiliki:
 
 Ketrampilan menjual 
 Hubungan inter personal 
 Pengetahuan tentang produk 
 Pengetahuan tentang kompetitor 
 Ketrampilan negosiasi 
 Ketrampilan presentasi 
 Ketrampilan memimpin 
 Pengetahuan pasar ritel",,"
 Deskripsi Pekerjaan
Memastikan Seluruh lingkup kegiatan terkait penjualan di Tempat Penampungan di Area berjalan dengan baik
Melakukan supervisi dan penilaian untuk tim MSR (Marketing Sales Respresintative) dan petugas Kanvaser secara periodik
Melakukan pendampingan kunjungan (Join Visit) dengan MSR dan Kanvaser
Melakukan kunjungan rutin ke grosir
Melakukan NOA dan Mengajukan data prospek pelanggan baru
Melakukan pertemuan koordinasi rutin untuk mengembangkan timnya
Melakukan evaluasi penjualan, menyelesaikan masalah (problem solving)
Membuat proposal program yang berkaitan dengan penjualan
Mencari informasi kegiatan kompetitor
Membantu kegiatan launching produk baru

 ",2,5,SLTA/Sederajat ,,0,0,22/12/2018 14:48:00,https://jobindo.com/Lowongan-Pekerjaan-kepala-tempat-penampungan-41765.html
https://jobindo.com/mobile/thumbnails/6973525.jpg,Creative Design,PT. Varnion Technology Semesta,"Jakarta Selatan, DKI Jakarta",0,0,,"Persyaratan 
 Candidate must possess at least Bachelor’s Degree in Art/Design/Creative Multimedia or equivalent 
 More than 1 year experience in related field 
 Advanced for Adobe Creative Suite: InDesign, Photoshop, Illustrator 
 Preferable have Hand drawing, Sketch and After Effects knowledge 
 Excellent creative and innovative skills 
 Ability to handle multiple projects and prioritize different tasks 
 Knowledge of interactive design including best practices in technology, usability and user experience",,"
 Deskripsi Pekerjaan
Transform concepts and ideas into effective design solutions at advanced level
Ensure that job deadlines are met and the results are nothing short of the best
Creates and designs technical drawings and illustrations.

",0,2,Sarjana ,,0,0,22/03/2019 16:02:00,https://jobindo.com/Lowongan-Pekerjaan-creative-design-44396.html
https://images.glints.com/unsafe/glints-dashboard.s3.amazonaws.com/company-logo/348e560bf8920785cfb59aad032ab914.jpeg,Area Sales Supervisor,Pt Dua Sigma Nusantara,Makassar,0,0,Penuh Waktu,Business Development / Sales | Skills Sales B2b Sales Sales Marketing,,"Deskripsi pekerjaan Area Sales Supervisor Pt Dua Sigma Nusantara DESKRIPSI PEKERJAAN: Mencapai target penjualan dan penagihan yang ditentukan. Membuka pasar/distribusi baru di area yang telah ditentukan Membuat laporan kunjungan harian, laporan sales mingguan dan bulanan. Area penempatan: Sumatera, Sulawesi, Kalimantan. KUALIFIKASI : Pengalaman minimal 3 tahun di bidang Sales pada Industri Pakan Hewan: Burung, Kucing & Anjing (Pet Food & Poultry) Menyenangi hewan peliharaan (Burung, Kucing, Anjing) lebih disukai Pendidikan Minimal S1 Usia Maksimal 35 Tahun Bersedia melakukan perjalanan dinas ke luar kota Dapat Menggunakan Komputer Minimal MS Office Memiliki SIM A & C Memiliki kemampuan komunikasi, negosiasi, dan interpersonal yang baik. Memiliki relasi yang luas dan berorientasi pada target. Menguasai Area Penempatan Benefit: Gaji pokok Insentif bulanan BPJS Ketenagakerjaan dan BPJS Kesehatan Tunjangan BBM Tunjangan Komunikasi",3,5,,IDR,5.000.000,7.000.000,01/01/1970 00:00:00,https://glints.com/id/opportunities/jobs/area-sales-supervisor/50f3dfd4-236e-4cc6-b8b4-0f837e3141ea
https://jobindo.com/mobile/thumbnails/22483014.jpg,Staff Kolektor (Tuban),PT Mega Auto Central Finance,"Tuban, Jawa Timur",0,0,,"Persyaratan 
 Pria 
 Usia Maksimal 35 tahun 
 Pendidikan SMA Sederajat 
 Memiliki kendaraan sendiri dan memiliki SIM C 
 Jujur dan Bertanggung Jawab 
 Komunikatif dan Pandi bernegosiasi 
 Penempatan cabang Tuban (Jatim)",,"
 Deskripsi Pekerjaan
Melakukan penagihan kepada konsumen yang mengalami penunggakan (Overdue)

",0,2,SLTA/Sederajat ,,0,0,13/12/2016 10:25:00,https://jobindo.com/Lowongan-Pekerjaan-staff-kolektor-tuban-13159.html
https://jobindo.com/mobile/thumbnails/50425324.jpg,Tenaga Humas dan Dana,Yayasan Sayap Ibu Cabang Jakarta,"Jakarta Selatan, DKI Jakarta",0,0,,"Persyaratan 
 Usia maks 30 tahun, 
 pendidikan min Diploma, 
 supel, aktif dan menarik, 
 menguasai fotografi, 
 dapat membuat tulisan dan desain sederhana utk medsos.",,"
 Deskripsi Pekerjaan
Aktif membuat foto dan tulisan untuk website, instagram maupun medsos lainnya.
Membuat program/event untuk pencarian dana.
Menerima tamu dan membina hubungan baik dengan donatur maupun partner kerja yayasan.

",0,2,Diploma 3 ,,0,0,01/01/1970 00:00:00,https://jobindo.com/Lowongan-Pekerjaan-tenaga-humas-dan-24102.html
https://jobindo.com/mobile/thumbnails/267563.jpg,Akunting dan Administrasi,PT. Citra Jasa Andalan,"Jakarta Utara, DKI Jakarta",0,0,,"Persyaratan 
 Pria / Wanita 
 Lokasi rumah tinggal di Kelapa Gading dan sekitarnya 
 Minimal D3, segala jurusan atau SMA yg telah berpengalaman 1-2 tahun. 
 bisa menggunakan excel, word, power point 
 memiliki semangat kerja. 
 banyak mendapatkan pengalaman yang bagus. 
 bertempat tinggal di Kelapa Gading dan sekitarnya.",,"
 Deskripsi Pekerjaan
melakukan administrasi pengeluaran, penjualan, perhitungan komisi marketing
melakukan jurnal ke program komputer
support dan follow up administrasi penjualan
perarsipan
setoran pajak
belajar dan membuat SOP
Marketing Support

Kami akan mengajarinya semua dan akan banyak pengetahuan yang baru. ",0,2,Diploma 3 ,,0,0,13/02/2020 19:22:00,https://jobindo.com/Lowongan-Pekerjaan-akunting-dan-administrasi-52502.html
https://jobindo.com/mobile/thumbnails/58556536.jpg,SPG REGULER,PT Merpati Mahardika,"Jakarta Barat, DKI Jakarta",0,0,,"Persyaratan 
 Wanita max 28 tahun 
 Pendidikan min smk 
 Pengalaman spg min 2 tahun 
 penempatan : jakarta barat, utara, selatan dan pusat 
 Dapat bergabung segera",,,0,2,SLTA/Sederajat ,,0,0,19/05/2021 06:54:00,https://jobindo.com/Lowongan-Pekerjaan-spg-reguler-58023.html
https://images.glints.com/unsafe/glints-dashboard.s3.amazonaws.com/company-logo/c6caf6e65401afba7cd9e40f735d87c6.jpeg,Staf Accounting,PT Adi Makmur Sentosa (Orang Tua Group),Bandung,0,0,Penuh Waktu,Finance | Skills Bookkeeping Finance Accounting Accounting Financial Reporting,,"Deskripsi pekerjaan Staf Accounting PT Adi Makmur Sentosa (Orang Tua Group) Job Description: Membuat jurnal bulanan Membuat laporan keuangan keluar masuk kas Setiap awal bulan posting laporan bulan sebelumnya Memeriksa kelengkapan dokumen transaksi penjualan dan biaya di depo-depo Melakukan penagihan laporan Job Specification: Berusia maksimal 28 tahun Pendidikan S1 Akuntansi, IPK minimal 3.00 Sudah divaksin ke-2",0,1,,,0,0,01/01/1970 00:00:00,https://glints.com/id/opportunities/jobs/staf-accounting/fbd8f6b2-4557-467b-87c4-1e285f2e3781
https://jobindo.com/mobile/thumbnails/77207081.jpg,Assistant Apoteker,PT Brawijaya Medikatama,"Jakarta Selatan, DKI Jakarta",0,0,,"Persyaratan 
 Usia Maksimal 30 tahun 
 Pendidikan minimal D3 Jurusan Farmasi 
 Berpengalaman Minimal 1 tahun di Rumah sakit, lebih diutamakan 
 Memiliki STRTTK (Surat Tanda Registrasi Tenaga Teknis Kefarmasian) yang masih berlaku 
 Fresh Graduate dipersilahkan melamar 
 Mampu mengoperasikan computer dan dapat bekerja dalam team 
 Memiliki kemampuan komunikasi yang efektif dan memberikan layanan prima 
 Cekatan,jujur dan teliti 
 Bersedia bekerja shifting 
 Sehat jasmani & rohani 
 Dapat segera join",,"
 Deskripsi Pekerjaan
Menyiapkan sediaan farmasi sesuai dengan resep dokter termasuk meracik obat
Menyerahkan obat dan melakukan konseling / edukasi obat kepada pasien
Menjamin kelancaran pelayanan farmasi untuk dokter dan pasien.
Mengawasi Ketepatan dan kebenaran pelaksanaan pelayanan kegiatan di unit farmasi sesuai dengan SPO.
Bertanggung jawab atas kebenaran dan ketepatan kegiatan pelayanan farmasi.
Bertanggung jawab atas ketersediaan stock perbekalan farmasi.
Bertanggunggjawab atas kebenaran dan ketepatan laporan kegiatan pelayanan farmasi.

",0,2,Sarjana ,,0,0,01/01/1970 00:00:00,https://jobindo.com/Lowongan-Pekerjaan-assistant-apoteker-33268.html
https://image-service-cdn.seek.com.au/5ca1ca32faee2ba4e644d03db9f8b8c078ef1652/a868bcb8fbb284f4e8301904535744d488ea93c1,Sales Executive,Abadi Jaya Guangzhou Kosmetik,,1001,2000,Penuh Waktu,"Penjualan / Pemasaran ,  Penjualan Ritel",Pegawai (non-manajemen & non-supervisor),"Pekerjaan Melakukan survey lapangan, melihat dan mengidentifikasi prospek (calon pembeli) Melakukan pendekatan dengan calon pembeli Memberikan pelayanan pada pembeli Menawarkan barang pada calon pembeli Menjual pada calon pembeli dan pembeli lama Syarat Lulusan SMA (minimum) Mempunyai SIM C Pekerja keras Jujur Kompensasi Gaji tetap Uang makan dan transport Komisi dan bonus",1,0,"SMA, SMU/SMK/STM",IDR,5.000.000 , 10.000.000 ,28/12/2022 18:41:32,https://www.jobstreet.co.id/id/job/sales-executive-4160384?jobId=jobstreet-id-job-4160384&sectionRank=13721&token=0~b4910f02-9dba-4b09-afae-614e73469e4e&fr=SRP%20Job%20Listing
https://jobindo.com/mobile/thumbnails/84963490.jpg,FINANCE ACCOUNTING STAFF,PT KERATON AGUNG SEJAHTERA,"Jakarta Barat, DKI Jakarta",0,0,,"Persyaratan 
 Requirements: 
 Female under 45 years old 
 2 – 5 years experiences in Finance and Accounting 
 Min. Bachelor degree 
 Strong understanding in Finance and Accounting principles 
 Familiar with book keeping, financial journal and accounting system 
 Good attention to detail 
 Highly motivated with a desire to learn 
 Willing to be placed in Cengkareng",,"
 Deskripsi Pekerjaan
Responsibilities:
Handing daily accounting transactions
Maintain accurate records of all financial transactions
Manage AP and AR Verified documents related to payment
Prepare and analyses financial statement
Performing general ledger and bank reconciliation
Preparation of monthly reports
Provide necessary documents related to Bank & Tax Authority's facilities when required
Assist month-end and year-end closing

",2,5,Sarjana ,,0,0,03/05/2022 06:47:00,https://jobindo.com/Lowongan-Pekerjaan-finance-accounting-staff-61904.html
https://images.glints.com/unsafe/glints-dashboard.s3.amazonaws.com/company-logo/fd498c691bf34f19c853f5e1e95d699a.jpg,Sales Representative,Lagii! Indonesia,Sidoarjo,0,0,Penuh Waktu,Business Development / Sales | Skills Interpersonal Skills Negotiation Self Confidence & Control Communication Microsoft Office Sales Presentations Presentation Skills,,Deskripsi pekerjaan Sales Representative Lagii! Indonesia Dibutuhkan: Sales Representative untuk Makanan Ringan area Jawa Timur & Bali Kriteria: 1. Umur maksimal 35 tahun. 2. Memliki pengalaman dalam bidang sales makanan ringan dan memiliki relasi dengan supermarket besar akan lebih diutamakan. 3. Bersikap sopan. 4. Berpenampilan menarik. 5. Memiliki kemampuan komunikasi dan negosiasi yang baik. Tugas & Tanggungjawab: 1. Membangun relasi yang baik dengan customer. 2. Mengambil orderan (TO) & melaporkan ke atasan. 3. Keliling toko yang potensial.,1,3,,IDR,4.300.000,4.500.000,01/01/1970 00:00:00,https://glints.com/id/opportunities/jobs/sales-representative/463fb14e-d9d8-4665-b256-52e6ddae296c
https://images.glints.com/unsafe/glints-dashboard.s3.amazonaws.com/company-logo/default-company-logo.png,Backend Developer,PT Mitra Integrasi Informatika,Jakarta,0,0,Freelance,Software Engineering | Skills NodeJS Developer Node Js Nodejs,,"Deskripsi pekerjaan Backend Developer PT Mitra Integrasi Informatika Develop Backend side using NodeJS for one of MII's client in Pharmacy field Persyaratan wajib menjadi Backend Developer di PT Mitra Integrasi Informatika Minimal 1 year experience as a Backend Developer &  using NodeJS, minimal bachelor degree",1,3,,,0,0,01/01/1970 00:00:00,https://glints.com/id/opportunities/jobs/source/spwd/backend-developer/154e0065-cb86-4ba7-bef5-16947bbb2eb3
https://jobindo.com/mobile/thumbnails/83654043.jpg,Manager Operasional,Sahid Jaya Foundation,"Bogor, Jawa Barat",0,0,,"Persyaratan 
 Perempuan 
 Usia Max 25 Tahun 
 Minimal D3 Perhotelan 
 Menguasai bidang perhotelan (Front Office, House Keeping dan F&B) 
 Siap ditempatkan di Rancamaya Bogor 
 Disiplin, Jujur, Mau bekerja keras dan memiliki jiwak kepemimpinan 
 Mampu bekerja secara individual dan tim 
 Fasilitas Gaji, Tunjangan dan Asuransi Kesehatan",,"
 Deskripsi Pekerjaan
Melakukan operasional terhadap Penginapan Villa Mewah didaerah Rancamaya Bogor

",2,5,Diploma 3 ,,0,0,18/12/2020 06:43:00,https://jobindo.com/Lowongan-Pekerjaan-manager-operasional-56198.html
https://jobindo.com/mobile/thumbnails/52758835.jpg,Accounting,PT. Citra Asia Raya,"Batam, Kepulauan Riau",0,0,,"Persyaratan 
 Male/Female Max. 35th years old 
 Able to speak English & Mandarin 
 Min. S1/D3 
 Would be place in PT. CAR Jakarta 
 Willing to do training to China 
 Can operate computer (Min. Microsoft Office) & can operate accounting software (Min. MYOB) 
 Good attitude and have teamwork 
 Hard working, self independent and ready to work under pressure 
 Good personality",,"
 Deskripsi Pekerjaan
Make monthly financial reports.
Controlling costs, prevent waste / surplus budget, lower costs, the savings in spending in every department.
Personnel: In reporting BPJS and wages of new employees.
Commercial: In entering invoice to the customer, check and check.
Payroll: In monitoring wages and overtime.
Head of Warehouse: In the inventory report include the end of each month.

",0,2,Diploma 3 ,,0,0,01/01/1970 00:00:00,https://jobindo.com/Lowongan-Pekerjaan-accounting-9716.html
https://images.glints.com/unsafe/glints-dashboard.s3.amazonaws.com/company-logo/1d57effa197b432ef62045a87d3104e2.png,TEAM OPERATOR PRINTING MACHINE ,PT. DASH GARMENT INDONESIA,Bandung,0,0,Penuh Waktu,Operations | Skills Digital Printing Graphic Design Mengoprasikan Komputer,,Deskripsi pekerjaan TEAM OPERATOR PRINTING MACHINE  PT. DASH GARMENT INDONESIA Mengoperasikan mesin printing,0,1,,IDR,2.000,3.500,01/01/1970 00:00:00,https://glints.com/id/opportunities/jobs/team-operator-printing-machine/7daa970b-14fd-4f4e-aca0-fb2fab6969b3
https://image-service-cdn.seek.com.au/e22ca03e56455b4a58f1b73eebb34426fed76fcb/ee4dce1061f3f616224767ad58cb2fc751b8d2dc,E-Commerce Buyer,PT Asta Bumi Cipta,,0,0,,,,,0,0,,,0,0,20/12/2022 07:43:43,https://www.jobstreet.co.id/id/job/e-commerce-buyer-4150781?jobId=jobstreet-id-job-4150781&sectionRank=21243&token=0~7401be40-7e6e-43e8-b685-6aac1b7ba644&fr=SRP%20Job%20Listing
https://image-service-cdn.seek.com.au/835ebd28e409ac2194dcd63340cc4fdc90127779/ee4dce1061f3f616224767ad58cb2fc751b8d2dc,ADMIN ONLINE SHOP,Cadel Bikers Shop,Bandung,0,0,Penuh Waktu,"Sumber Daya Manusia/Personalia ,  Staf / Administrasi umum",Pegawai (non-manajemen & non-supervisor),"Kualifikasi : Berpengalaman minimal 1 tahun di bidang admin Pendidikan minimal SMA / Sederajat Mengelola marketplace seperti; LAZADA SHOPEE TIKTOK Mengelola iklan di sosial media Lokasi kerja di Margaasih, Bandung",1,0,"SMA, SMU/SMK/STM",,0,0,26/12/2022 03:45:50,https://www.jobstreet.co.id/id/job/admin-online-shop-4156459?jobId=jobstreet-id-job-4156459&sectionRank=19394&token=0~c0ef8d34-3204-4540-99a3-8e7b37c87d23&fr=SRP%20Job%20Listing
https://jobindo.com/mobile/thumbnails/21655348.jpg,Branch Manager,Miracle Aesthetic Clinic,"Surabaya, Jawa Timur",0,0,,"Persyaratan 
 Wanita, usia max 38 tahun 
 Min lulusan S1 Segala Jurusan, IPK min 3.00 
 Well groomed, komunikatif, detil, leadership, able to handle operational, terbiasa bekerja dengan target 
 Berpengalaman dalam menghandle operasional di perusahaan sejenis /bidang jasa /service min 2 tahun 
 Memiliki kemampuan dan pengalaman di marketing adalah merupakan nilai tambah 
 Penempatan Surabaya",,"
 Deskripsi Pekerjaan

Merencanakan langkah strategis clinic untuk pencapaian target penjualan secara maksimal


",0,2,Sarjana ,,0,0,02/05/2016 16:04:00,https://jobindo.com/Lowongan-Pekerjaan-branch-manager-5369.html
https://images.glints.com/unsafe/glints-dashboard.s3.amazonaws.com/company-logo/default-company-logo.png,Dokter IHC,Laboratorium Klinik Westerindo,"Tanjung Priok, Jakarta",0,0,Penuh Waktu,Healthcare | Skills Medical Doctor Clinic Doctor Medical Care,,"Deskripsi pekerjaan Dokter IHC Laboratorium Klinik Westerindo Minimal Pendidikan Profesi Dokter Bahasa Inggris Aktif, Berpenampilan Menarik Memiliki STR Aktif, ACLS, ATLS, HIPERKES IPK > 3 6. Usia maksimal 30 tahun",3,5,,IDR,8.000.000,9.000.000,01/01/1970 00:00:00,https://glints.com/id/opportunities/jobs/dokter-ihc/25bf5b55-373b-4360-8255-043241212b84
https://jobindo.com/mobile/thumbnails/99378082.jpg,Teknisi Komputer Dinas Luar,PT Pericom Nusantara,DKI Jakarta,0,0,,"Persyaratan 
 Pria 
 STM atau sederajat 
 SIM C 
 Bisa rakit PC dan instalasi OS 
 Rajin dan tekun 
 Berbadan sehat",,"
 Deskripsi Pekerjaan
Rakit PC dan kirim barang
Trouble shooting
Diutamakan yg menguasai jalan di Jakarta
 ",2,5,SLTA/Sederajat ,,0,0,20/11/2019 22:19:00,https://jobindo.com/Lowongan-Pekerjaan-teknisi-komputer-dinas-50184.html
https://jobindo.com/mobile/thumbnails/78530070.jpg,Graphic Design,Elquds Management Consulting,"Bandung, Jawa Barat",0,0,,"Persyaratan 
 Pria/Wanita 
 Usia maksimal 27 tahun 
 Pendidikan minimal SMA/SMK sederajat 
 Menguasai software CorelDraw/Photoshop/Illustrator 
 Memiliki kemampuan layout desain 
 Kreatif dan berinisiatif tinggi",,,0,2,SLTA/Sederajat ,,0,0,21/02/2020 15:26:00,https://jobindo.com/Lowongan-Pekerjaan-graphic-design-52649.html
https://image-service-cdn.seek.com.au/52d9812d10cfb9172d7a3b8d479e68b262428741/a868bcb8fbb284f4e8301904535744d488ea93c1,Staff Marketing,PT Mulia Gunung Mas,Tangerang,1,50,Kontrak,"Penjualan / Pemasaran ,  Pemasaran/Pengembangan Bisnis",Pegawai (non-manajemen & non-supervisor),"Deskripsi Pekerjaan : Merencanakan secara bersama strategi penjualan sesuai dengan target yang telah ditentukan oleh perusahaan Melakukan analisa dan merencanakan pengembangan service, solution dan nilai tambah Melakukan pencarian konsumen baru dari berbagai sumber dan melalui berbagai media Melakukan koordinasi persiapan penawaran kepada calon customer potensial Kualifikasi : Berpenampilan rapih Usia antara 25 tahun sampai 35 tahun Pendidikan minimal S1 (marketing/komunikasi) Pengalaman diposisi yang sama lebih dari 2 tahun (diutamakan cold chain logistik) Memiliki Base Customer Memilikikemampuan interpersonal skill Bisa mengemudi (Memiliki SIM) Dapat menggunakan komputer & mampu berbahasa inggris dengan baik (Aktif) Memiliki Kemampuan berkomunikasi dengan baik, memiliki networking yg luas, memiliki tata bahasa yang baik dalam surat - menyurat Diutamakan pengalaman di bidang logistik Menyukai tantangan dan pencapaian target Bersedia ditempatkan di Tangerang Dapat Segera Bergabung",1,0,Sarjana (S1),,0,0,14/12/2022 07:21:56,https://www.jobstreet.co.id/id/job/staff-marketing-4144102?jobId=jobstreet-id-job-4144102&sectionRank=24911&token=0~4737cdfe-3193-486b-9c78-d4c00f74df13&fr=SRP%20Job%20Listing
https://images.glints.com/unsafe/glints-dashboard.s3.amazonaws.com/company-logo/d6e22df4db1653ca7ed2e8b6b05fa9af.png,Quality Assurance (QA Automation),Avows Technologies,Jakarta,0,0,Penuh Waktu,Software Engineering | Skills Software Testing Quality Assurance QA Automation,,"Deskripsi pekerjaan Quality Assurance (QA Automation) Avows Technologies QA Automation Engineer Job Description We are seeking a talented QA automation engineer to design testing procedures for our software applications. In this role, will be responsible for analyzing the functionality of applications and designing automated tests to validate their performance. You will also be required to identify bugs, install databases, and collaborate with the software design team. To ensure success as a QA automation engineer, you should have advanced programming skills, a keen eye for detail, and excellent project management skills. A skilled QA automation engineer can design and write efficient test procedures for every software application. QA Automation Engineer Responsibilities: Meeting with the software design team to discuss verification protocols. Identifying software application weaknesses and target areas. Sketching out ideas for automated software test procedures. Reviewing software bug reports and highlighting problem areas. Writing automation scripts and implementing software applications. Designing and installing software databases. Troubleshooting automation software and finalizing system procedures. Identifying quality issues and creating test reports. Collaborating with the design team to solve application faults. QA Automation Engineer Requirements: Bachelor’s degree in computer science, software engineering, or a similar field. Previous experience working as a QA automation engineer. Advanced programming skills including automation systems and databases. Familiarity with programming script languages including Java and VBScript. Excellent analytical skills. Detailed knowledge of application functions, bug fixing, and testing protocols. Good written and verbal communication skills. Strong attention to detail. Good project management skills.",1,3,,IDR,5.000.000,10.000.000,01/01/1970 00:00:00,https://glints.com/id/opportunities/jobs/quality-assurance-qa-automation/214b9bf0-113f-4313-b6ed-a387732e699b
https://karir-production.nos.jkt-1.neo.id/logos/17/8996417/g.png,Credit Marketing Officer Motor - Luwu Timur,PT Mega Central Finance,Luwu Timur -,0,0,,"Persyaratan Kualifikasi:
 •	Usia maksimal 35 tahun
 •	Minimal pendidikan SMA untuk D3/S1 lebih di senangi
 •	Memiliki pengalaman dibidang yang serupa min. 1 Tahun
 •	Wajib Memiliki Kendaraan Bermotor dan SIM C (Aktif)
 •	Terbiasa bekerja dengan target
 •	Bersedia ditempatkan di seluruh AREA Luwu Timur Fasilitas:
 •	Gaji (UMK)
 •	Insentif bulanan
 •	Tunjangan
 •	THR
 •	Jenjang Karir
",Pemula / Staf,"Tanggung Jawab Uraian Pekerjaan: 
 •	Melakukan aktifitas penjualan produk kredit sepeda motor atau pinjaman dana.
 •	Survey kelayakan calon konsumen untuk mencapai target yang ditentukan perusahaan.
 •	Menjaga hubungan baik dengan customer dan dealer.",1,0,SMA/SMK/Sederajat,,0,0,24/12/2022 02:04:00,https://www.karir.com/opportunities/1350900
https://jobindo.com/mobile/thumbnails/88153787.jpg,Sekretaris Direktur,PT MITRA MAKMUR SAHABAT,"Jakarta Barat, DKI Jakarta",0,0,,"Persyaratan 
 Wanita 21 tahun-27 tahun 
 Tinggi badan minimal 168 cm kulit putih dan bersih 
 Single atau tidak pernah status menikah 
 berpenampilan menarik 
 aktif komunikasi 
 berpendidikan minimal Sma sederajat 
 berpengalaman minimal 2 tahun 
 detail, cekatan, ramah 
 aktif bahasa inggris",,,0,2,Diploma 3 ,,0,0,27/01/2018 13:00:00,https://jobindo.com/Lowongan-Pekerjaan-sekretaris-direktur-29316.html
https://images.glints.com/unsafe/glints-dashboard.s3.amazonaws.com/company-logo/03bc744dfdf0cd116eea5f3b64f40838.png,Marketing,CV Budi Jaya Sentosa,Sidoarjo,0,0,Penuh Waktu,Marketing | Skills Memiliki Kemampuan Komunikasi Yang Baik mampu bekerja dibawah tekanan Presentation Skills,,"Deskripsi pekerjaan Marketing CV Budi Jaya Sentosa ""Wanita / pria umur 24 sd 29 thn ""Pengalaman dibidang telemarketing 1 thn ""Pendidikan SMK sederajat ""Style penampilan menarik  ""Menguasai skill komunikasi bagus  "" mampu bekerja dengan team ""Bertanggung jawab & disiplin  ""Bisa mengoprasikan komputer "" tidak sedang kuliah ""Penempatan sidoarjo ",1,3,,IDR,3.000.000,4.000.000,01/01/1970 00:00:00,https://glints.com/id/opportunities/jobs/marketing/8bb84692-f1f7-4a24-91bc-8d095107d900
https://images.glints.com/unsafe/glints-dashboard.s3.amazonaws.com/company-logo/default-company-logo.png,Software and Data Engineer,PT Maxmar Akuakultur 1st,Tangerang,0,0,Penuh Waktu,Software Engineering | Skills Cloud Infrastructure Engineer Kotlin Programming JavaScript MySQL SQL/NoSQL Cassandra Google Data Studio Data Engineering Kubernetes Python (Programming Language) Software Engineering PHP Metabase,,"Deskripsi pekerjaan Software and Data Engineer PT Maxmar Akuakultur 1st The software and data engineer will be responsible for the successful implementation of aquaculture technology solution including support services with goal to give positive impact to aqua-culturist by improving their productivity and profitability.

Key responsibilities include:
- Executing full software development lifecycle (SDLC)
- Build analytical tools that utilize the data pipeline to provide actionable insights into operational efficiency and other key business performance metrics.
- Comply with project plan and industry standard to ensure our application environment and data are secure Persyaratan wajib menjadi Software and Data Engineer di PT Maxmar Akuakultur 1st 1. Bachelor's degree in computer science, engineering or relevant field.
2. Have 2-3 years working experience as Software and data engineer.
3. Ability to develop software in Kotlin, PHP or other software
4. Ability to develop web or mobile applications
5. Experience with Object-Oriented / Object function scripting languages: Python and Java
6. Experience with SQL and NoSQL databases, including MySQL, Postgres and Cassandra
7. Experience on deploying application on cloud infrastructure with Kubernetes
8. Experience with data visualization tools: Metabase, Google Data Studio and other",1,3,,IDR,12.000.000,16.000.000,01/01/1970 00:00:00,https://glints.com/id/opportunities/jobs/source/spwd/software-and-data-engineer/68d5b5f7-8a23-46fe-98ad-d0006d3db3ae
https://jobindo.com/mobile/thumbnails/74854548.jpg,CSR dan K3 Staff,PT. Niramas Utama (INACO),"Bekasi, Jawa Barat",0,0,,"Persyaratan 
 Pendidikan minimal S1 (Kesehatan Masyarakat / Hukum) 
 Pengalaman 2-3 tahun sebagai staff K3 / HSE 
 Ahli K3 Umum 
 Memahami tentang UU No.1 th.1970 dan peraturan terkait tentang K3 
 Menguasai program komputer 
 Terbiasa membuat rencana kerja safety team dan follow up 
 Jujur, displin, bertanggung jawab terhadap pekerjaan 
 Penempatan: Tambun - Bekasi",,,2,5,Sarjana ,,0,0,19/02/2018 15:59:00,https://jobindo.com/Lowongan-Pekerjaan-csr-dan-k-30104.html
https://jobindo.com/mobile/thumbnails/21518074.jpg,Customer Service & Admin (Full Time & Part Time),PT. Dinarway,"Malang, Jawa Timur",0,0,,"Persyaratan 
 Mampu mengoperasikan excel, words, internet. 
 Berkemauan kuat untuk belajar 
 Sedang kuliah / tidak sedang bekerja di tempat lain 
 WANITA, usia 17 - 21 tahun, Lulusan SMK, Diutamakan jurusan Akuntansi / Desain Grafis. 
 FULLTIME : Senin sd sabtu jam 08:00 sd 16:30 
 PARTTIME : Senin - Jumat (16.30 sd 20.30) & sabtu minggu fulltime ( hari libur menyesuaikan jadwal kuliah untuk mahasiswi)",,,0,0,SLTA/Sederajat ,,0,0,09/02/2019 15:22:00,https://jobindo.com/Lowongan-Pekerjaan-customer-service-admin-43124.html
https://jobindo.com/mobile/thumbnails/42959425.jpg,Student Recruitment Advisor For Top Canadian University - Indonesia,Foreign Staffing Inc.,"Jakarta Barat, DKI Jakarta",0,0,,"Persyaratan Top Canadian University – Seeks Remote Recruitment Advisor – Jakarta, Indonesia 
  Position Overview: 
 
 A Canadian University ranked among the best universities in the world is seeking an experienced International Recruitment Advisor to provide student recruiter support and business development in  Jakarta, Indonesia  and the surrounding regions. 
  Key Responsibilities: 
 
 Supports and builds relationships with strong secondary schools in  Jakarta, Indonesia  and the surrounding regions 
 Plans and organizes recruiting and outreach events for prospective students, their parents and counsellors",,,2,5,Sarjana ,,0,0,10/02/2016 22:33:00,https://jobindo.com/Lowongan-Pekerjaan-student-recruitment-advisor-2398.html
https://jobindo.com/mobile/thumbnails/15222821.jpg,Kepala Cabang,PT. Mitra Insan Sejahtera,"Jakarta Selatan, DKI Jakarta",0,0,,"Persyaratan 
 Pria. Max. 41 th. 
 Min S1 Segala Jurusan.",,"
 Deskripsi Pekerjaan
Memastikan outlet2 dideptnya mencapai target sales bulanan supaya bisa capai Growth24 bulanan yg diharapkan,
Berkoordinasi dengan semua dept di HO untuk membantu kelancaran operasional outlet yg diluar wewenang store manager dan area manager

",5,10,Sarjana ,,0,0,15/09/2021 08:05:00,https://jobindo.com/Lowongan-Pekerjaan-kepala-cabang-59256.html
,Bidan,Klinik PKU Muhammadiyah,,0,0,,,,,0,0,,,0,0,29/12/2022 04:57:18,https://www.jobstreet.co.id/id/job/bidan-4160856?jobId=jobstreet-id-job-4160856&sectionRank=22322&token=0~bb2e4b36-7191-45ae-81df-34d096f9612b&fr=SRP%20Job%20Listing
https://jobindo.com/mobile/thumbnails/48754280.jpg,Human Resources Manager,Sandyculinaire,Jawa Barat,0,0,,"Persyaratan 
 Pria / Wanita 
 Usia 25 - 40 Tahun 
 Berpenampilan menarik",,"
 Deskripsi Pekerjaan
Bertanggung jawab mengelola dan mengembangkan sumber daya manusia. Dalam hal ini termasuk perencanaan, pelaksanaan dan pengawasan sumber daya manusia dan pengembangan kualitas sumber daya manusia.
Membuat sistem HR yang efektif dan efisien, misalnya dengan membuat SOP, job description, training and development system dll.
Bertanggung jawab penuh dalam proses rekrutmen karyawan, mulai dari mencari calon karyawan, wawancara hingga seleksi.
Melakukan seleksi, promosi, transfering dan demosi pada karyawan yang dianggap perlu.
Melakukan kegiatan pembinaan, pelatihan dan kegiatan-kegiatan yang berhubungan dengan pengembangan kemampuan, potensi, mental, keterampilan dan pengetahuan karyawan yang sesuai dengan standar perusahaan.
Bertangggung jawab pada hal yang berhubungan dengan absensi karyawan, perhitungan gaji, bonus dan tunjangan.
Membuat kontrak kerja karyawan serta memperbaharui masa berlakunya kontrak kerja.
Melakukan tindakan disipliner pada karyawan yang melanggar peraturan atau kebijakan perusahaan.
Bertanggung jawab atas semua bentuk perijinan dan perpajakan yang dibutuhkan oleh perusahaan.

",0,2,Diploma 3 ,,0,0,01/01/1970 00:00:00,https://jobindo.com/Lowongan-Pekerjaan-human-resources-manager-49090.html
https://jobindo.com/mobile/thumbnails/73202730.jpg,Supervisor Sales,PT. Total Bisnis Indonusa,"Jakarta Pusat, DKI Jakarta",0,0,,"Persyaratan 
 Pria 
 Usia maks 40 tahun 
 Berpengalaman min 5 tahun di bidang Sales 
 Mampu memimpin tim 
 Mampu presentasi 
 Mampu negosiasi 
 Inggris - Pasif 
 Punya kendaraan pribadi",,"
 Deskripsi Pekerjaan
Memimpin tim Sales untuk melakukan Penjualan & mencapai target yang ditentukan
Menyusun rencana kerja & target penjualan tim Sales
Membuka wilayah pemasaran baru

",2,5,Diploma 3 ,,0,0,15/02/2020 15:53:00,https://jobindo.com/Lowongan-Pekerjaan-supervisor-sales-52482.html
https://jobindo.com/mobile/thumbnails/59697075.jpg,Sales Support,CK HELMER,"Jakarta Pusat, DKI Jakarta",0,0,,"Persyaratan 
 Usia maksimal 28 tahun 
 Pendidikan min. D3 / Sederajat 
 Experienced / Fresh Graduate dipersilahkan melamar 
 Terbiasa kerja lapangan dan mampu berkoordinasi dengan baik 
 Siap bekerja lembur 
 Dapat bekerjasama dengan team 
 Mampu membaca gambar kerja, mengawasi di tim lapangan",,"
 Deskripsi Pekerjaan
Berkoordinasi dengan Bagian Produksi maupun dengan Vendor
Melakukan supervise pada saat loading, acara berlangsung, sampai dengan acara selesai
Membantu persiapan loading event
Mengumpulkan database klien

",0,2,Diploma 3 ,,0,0,01/01/1970 00:00:00,https://jobindo.com/Lowongan-Pekerjaan-sales-support-26372.html
https://images.glints.com/unsafe/glints-dashboard.s3.amazonaws.com/company-logo/c6aa9867130aab6870dad5c7becda6d6.jpeg,KOL Specialist ( Social Media Specialist ),PT Pesona Kemilau Kreasi,"Kalideres, Jakarta",0,0,Penuh Waktu,Marketing | Skills Social Media Marketing Digital Marketing Social Media Management Content Creation KOL Influencer Marketing KOL Management,,"Deskripsi pekerjaan KOL Specialist ( Social Media Specialist ) PT Pesona Kemilau Kreasi Job Description: Proposing endorsement options, making list, and executing for micro, macro, mega and even celebrity KOL for brands Making script and KOL guidance for project purposes according to marketing and branding team needs Manage the client relations and have worked with digital agencies whilst negotiating & closing deals. Making letter of agreement corresponding to project details Coordinate with KOL for making User Generated Content by photographs or videos Do collaboration & campaign, and coordinate with creative marketing team and E-commerce team to meet endorsement and marketing synergy need and process, and to manage contents which are given by clients for marketing contents. Maintain relationship and partnership with third parties. Job Requirements: Has minimum 1 years working experience in KOL to coordinating and briefing with lots of Micro, Macro, or Mega KOL Beauty Enthusiast and have strong sense of beauty content. Deep knowledge about influencer Having a good understanding of e-commerce industry Experienced in making new ideas and content details for Tiktok, Instagram, Youtube are preferable Willing to join shootings with KOL for project purposes Aggressive in growing internal and client’s brands further Capable of coordinating in teams and executing projects (Design, Video, and Marketing teams) Have the initiative to try and exploring new contents and KOL Excellent copywriting skills, negotiating skills, and communication skills. You are open minded, curious and a strong problem solver.",1,3,,IDR,4.500.000,10.000.000,01/01/1970 00:00:00,https://glints.com/id/opportunities/jobs/kol-specialist-social-media-specialist/8ee6678b-59ca-4022-99fa-46e2dbb7eb36
https://jobindo.com/mobile/thumbnails/13105369.jpg,Executive Marketing & Business Development,PT. Indo Globex Worldwide,"Jakarta Selatan, DKI Jakarta",0,0,,"Persyaratan 
 1-2 Years working experience a must 
 Female Candidates would be preferred 
 Business undergraduate degree from reputable school 
 Good Communication skill 
 Basic background in COAL / SHIPPING or BANKING is preferred 
 Fluent in English and Bahasa 
 Presentable",,"
 Deskripsi Pekerjaan
Basic understanding for thermal coal
Develop new relationships with buyers and suppliers
Maintain existing relationships with buyers and suppliers
Assist to prepare confirmed trade agreements
Coordinate to monitor ongoing shipments
Prepare periodical marketing reports and other competitors data compiling
Meeting with Customers/suppliers

",0,2,Sarjana ,,0,0,01/01/1970 00:00:00,https://jobindo.com/Lowongan-Pekerjaan-executive-marketing-business-45538.html
https://images.glints.com/unsafe/glints-dashboard.s3.amazonaws.com/company-logo/578b9760683474bc146b0392c56f285d.png,CUSTOMER SERVICE SUPPORT (INTERN),Gotosovie Indonesia,Sleman,0,0,Magang,Operations | Skills Customer Service Public Speaking Ms Office Telecommunications,,"Deskripsi pekerjaan CUSTOMER SERVICE SUPPORT (INTERN) Gotosovie Indonesia Jobdesc :

a. Melayani customer yang datang di store
b. Membuat laporan penjualan harian

Kualifikasi :

a. SMK/D3/S1 (freshgraduate/sedang kuliah dipersilahkan)
b. Familiar dengan sosial media dan marketplace
c. Pernah berjualan (menjadi poin plus)
d. Familiar dengan Ms Office dan Spreadsheet
e. Ceria, memiliki skill public speaking/host live (menjadi poin plus) f. Domisili Yogyakarta

Jam kerja : Shifting & Libur Sabtu/Minggu",0,1,,IDR,750.000,750.100,01/01/1970 00:00:00,https://glints.com/id/opportunities/jobs/customer-service-support-intern/aca1bccd-3325-47a0-ad89-a1c388cf36e4
https://image-service-cdn.seek.com.au/51229c552c412678edbadc747a00ae3dba7f8b02/a868bcb8fbb284f4e8301904535744d488ea93c1,Human Resources and General Affairs Manager,PT BlueWater Safaris,Denpasar,51,200,Penuh Waktu,"Sumber Daya Manusia/Personalia ,  Sumber Daya Manusia / HR",CEO/GM/Direktur/Manajer Senior,"Established in 2005, the British-owned and operated BlueWater Express is a rapidly expanding company specializing in high-speed boat transport and boat private charter. We pioneered the fast boat service from Bali to the Gili Islands in 2006 and are consequently the longest-running operator in this field, with a 100% safety record. We put the emphasis on safety, professionalism, and guest satisfaction in all our services. BlueWater Express is looking for a full-time Human Resources and General Affairs Manager Bachelor degree in Psychology,law, Human Resources Management or another related field Experience in Human Resource or related fields for at least 3 Years Ability to build and maintain positive relationships with colleagues Growth mindset,teamwork,self -starter,can do attitude,assertive passionate with people UP-to-date and detailed Knowledge of latest labour laws Have vaccination certificate",3,0,,,0,0,12/12/2022 00:53:14,https://www.jobstreet.co.id/id/job/human-resources-and-general-affairs-manager-4139650?jobId=jobstreet-id-job-4139650&sectionRank=28653&token=0~fa6412a7-72e5-42fe-b9c4-ebf918e2c628&fr=SRP%20Job%20Listing
https://jobindo.com/mobile/thumbnails/66497066.jpg,Beauty Therapist,Profira Aesthetic & Antiaging Clinic,"Surabaya, Jawa Timur",0,0,,"Persyaratan 
 Wanita 
 Usia maksimal 30 tahun 
 Pendidikan min. SMK Kecantikan Kulit 
 Berpenampilan menarik dan komunikatif 
 Bersedia bekerja dalam shift 
 Berorientasi pada pelayanan terhadap customer 
 Berpengalaman di bidang kecantikan lebih diutamakan (fresh graduate dipersilahkan melamar)",,"
 Deskripsi Pekerjaan
Memberikan pelayanan non medis kepada Customer
Memberikan informasi yang berkaitan dengan tindakan non-medis kepada customer
Mengarahkan customer mengenai treatmen non-medis dan produk yang sesuai dengan kebutuhan customer

",0,2,SLTA/Sederajat ,,0,0,20/02/2018 15:26:00,https://jobindo.com/Lowongan-Pekerjaan-beauty-therapist-30151.html
https://image-service-cdn.seek.com.au/d5868152525c083dcbedb1aa22a408e592bdf7d2/ee4dce1061f3f616224767ad58cb2fc751b8d2dc,Marketing Leader - Automotive Parts Manufacture - Cikarang (B-83749),RGF HR Agent Indonesia,Cikarang,1,50,Penuh Waktu,"Penjualan / Pemasaran ,  Pemasaran/Pengembangan Bisnis",Supervisor/Koordinator,"About The Company: The working venue is in Cikarang. Our client is a Japanese Automotive Part Manufacture company. Currently, they are looking for Marketing Leader . Job Responsibilities: Make quotation. Price negotiation with customer. Communicate with customer for new item/new projects. Coordinate with internal team and other departments regarding customer request. Support team. Provide support in making report activity, customer audit, and internal ISO audit. Other tasks as assigned. Job Requirements: Hold minimum Diploma's degree. Have 2 years work experience as Sales Marketing Supervisor in Automotive Manufacturing industry (tier 1). Business level English. [Only CV in English will be processed]",2,0,"Sertifikat Professional, D3 (Diploma), D4 (Diploma), Sarjana (S1), Diploma Pascasarjana, Gelar Professional, Magister (S2)",IDR,6.000.000 , 7.000.000 ,13/12/2022 09:06:27,https://www.jobstreet.co.id/id/job/marketing-leader-automotive-parts-manufacture-cikarang-b-83749-4142707?jobId=jobstreet-id-job-4142707&sectionRank=29337&token=0~a382c650-d973-447a-88da-2a2ef8053181&fr=SRP%20Job%20Listing
https://image-service-cdn.seek.com.au/7c182e4fa68b96484652ca47070698993462d290/ee4dce1061f3f616224767ad58cb2fc751b8d2dc,"Production Operator - Temporary, Plant Sukorejo",PT HM Sampoerna Tbk,Pasuruan,5000,10000,Penuh Waktu,"Hotel/Restoran ,  Hotel/Pariwisata",,"Be a part of a revolutionary change At PMI, we’ve chosen to do something incredible. We’re totally transforming our business and building our future on one clear purpose – to deliver a smoke-free future. With huge change, comes huge opportunity. So, wherever you join us, you’ll enjoy the freedom to dream up and deliver better, brighter solutions and the space to move your career forward in endlessly different directions. We are looking for Production Operators who will be based in Sukorejo. Your ‘day to day’ Ensure continuous and reliable operation of the assigned equipment, accurate Adjustment and fix the minor quality and operational troubles in order to achieve/exceed the planned volume Analyze and resolve basic process and quality problems/breakdown performing root cause analysis using the troubleshooting list Conduct continuous improvement of the quality and productivity standards of your machine or production line Ensure that the process and products meet quality standards and take proper corrective actions if needed, to be in line with QA procedures and to achieve PM specifications Make checks on the line and on products in production as well as providing support and carry out additional quality checks for additional requests by the support services Who we’re looking for Technical school graduate (SMK/D3, majoring in Mechanical engineering, electronic engineering or mechatronic) Experience in industrial environment can be an advantage Good interpersonal and communication skills Fast learner and able to work in minimum guidance and supervision Willing to be placed in Sukorejo What we offer Our success depends on our talented employees who come to work here every single day with a sense of purpose and an appetite for progress. Join PMI and you too can: Seize the freedom to define your future and ours. We’ll empower you to take risks, experiment and explore. Be part of an inclusive, diverse culture, where everyone’s contribution is respected; collaborate with some of the world’s best people and feel like you belong. Pursue your ambitions and develop your skills with a global business – our staggering size and scale provides endless opportunities to progress. Take pride in delivering our promise to society: to deliver a smoke-free future To join our growing team… Apply -",0,0,,,0,0,19/12/2022 16:51:01,https://www.jobstreet.co.id/id/job/production-operator-temporary-plant-sukorejo-1034068003?jobId=jobstreet-id-job-1034068003&sectionRank=35082&token=0~2395c716-ab7a-48b0-8df1-d681739ce732&fr=SRP%20Job%20Listing
https://jobindo.com/mobile/thumbnails/82176662.jpg,Account Recievable,PT. Terang Jaya Lestari,"Jakarta Barat, DKI Jakarta",0,0,,"Persyaratan 
 Mengerti dan mampu menjalankan Program Accurate 
 Mengerti dan mampu menjalankan Program Ms. Office 
 Teliti, kreatif, Inisiatif, mau belajar, bisa bekerja sama dalam team 
 Perempuan, single",,"
 Deskripsi Pekerjaan
Mempersiapkan sales invoice untuk penjualan kas dan kredit untuk memastikan bahwa sales invoice dengan benar dan sesuai
Mempersiapkan Sales Journal dan AR Collection Journal untuk memberikan informasi yang akurat tentang sales dan outstanding AR pada periode tertentu serta melakukan tindak lanjut terhadap pelanggan yang masih memiliki outstanding AR
Mempersiapkan jurnal penjualan, dsb

",2,5,Diploma 3 ,,0,0,24/08/2017 11:03:00,https://jobindo.com/Lowongan-Pekerjaan-account-recievable-23241.html
https://jobindo.com/mobile/thumbnails/32758996.jpg,Guru / Tenaga Pengajar,PT Sakamoto Indonesia Perdana,"Tangerang, Banten",0,0,,"Persyaratan 
 Senang mengajar 
 Suka anak-anak 
 Ramah dan sabar 
 Pria / wanita usia 20 tahun – 35 tahun 
 Diutamakan S1 Pendidikan Matematika / D3 Eksakta 
 Lebih disukai yang sudah pernah mengajar 
 Berpenampilan menarik 
 Bersedia mengikuti training di Lippo Karawaci – Tangerang 
 Siap bekerja dengan minimal masa kerja 2 tahun 
 Diutamakan yang berdomisili di sekitar lokasi kerja 
 Bekerja secara fulltime mengikuti jam kerja",,"
 Deskripsi Pekerjaan
Sebagai Guru / Tenaga Pengajar Center Matematika Sakamoto wilayah Tangerang
 ",0,2,Sarjana ,,0,0,01/01/1970 00:00:00,https://jobindo.com/Lowongan-Pekerjaan-guru-tenaga-pengajar-43649.html
https://image-service-cdn.seek.com.au/d5868152525c083dcbedb1aa22a408e592bdf7d2/ee4dce1061f3f616224767ad58cb2fc751b8d2dc,IT Web Developer - Manufacture (A-83948),RGF HR Agent Indonesia,,0,0,,,,,0,0,,IDR,5.500.000 , 6.000.000 ,20/12/2022 08:48:07,https://www.jobstreet.co.id/id/job/it-web-developer-manufacture-a-83948-4150963?jobId=jobstreet-id-job-4150963&sectionRank=23848&token=0~f3790d7a-2dc4-46cc-97d9-ae84c0c26c0c&fr=SRP%20Job%20Listing
https://image-service-cdn.seek.com.au/1b62e7f31d15db1c2193681671ee99f99b39b276/ee4dce1061f3f616224767ad58cb2fc751b8d2dc,Account Manager,Mega Insurance,Jakarta Selatan,201,500,Penuh Waktu,"Penjualan / Pemasaran ,  Penjualan - Jasa Keuangan",Supervisor/Koordinator,"Job Descriptions : Assess local market conditions and identify current and prospective sales opportunities. Seek out new client by networking to find new customers and generate lists of prospective clients. Perform successful presentation to prospect client & partners. Maintain a good relationship with clients and existing clients. Create all report which related to process of sales & marketing. Job Specification : Candidate must possess at least Bachelor's Degreein any field. At least 2 year(s) of working experience in  general  insurance company (Bank Group, Bank Non-Group, Group Asset). Having remarkable can do attitude, high initiative, and passion to work extra mile to achieve target. Good communication & presentation skill in English and Bahasa Indonesia for both oral and written. Proficient in MS. Word. Able to work as a team or as an individual Mega Insurance is a company that applied Employee Equal Opportunity (EEO). We give same chances to all applicants without seeing their characteristics.",2,0,Sarjana (S1),,0,0,13/12/2022 07:03:08,https://www.jobstreet.co.id/id/job/account-manager-4142277?jobId=jobstreet-id-job-4142277&sectionRank=29009&token=0~10ab7dbb-7546-49e3-ab46-74e70faa6348&fr=SRP%20Job%20Listing
https://image-service-cdn.seek.com.au/f5352a635ba68d21d92018887d6dfa1b39fd6db7/a868bcb8fbb284f4e8301904535744d488ea93c1,Cashier - Finance,PT Bhinneka Mentari Dimensi,Jakarta Pusat,501,1000,Penuh Waktu,"Akuntansi / Keuangan ,  Akuntansi Umum / Pembiayaan",Pegawai (non-manajemen & non-supervisor),"Cashier  merupakan divisi bagian Finance Accounting dan Tax di Bhinneka. Divisi FAT berfokus pada pencairan, pengelolaan dan pengalokasian uang serta melakukan pembayaran yang harus dilakukan oleh perusahaan dan juga berfokus pada penerimaan dan pengeluaran uang yang nantinya akan dicatat dan dilakukan ikhtisar untuk pengelompokkan semua transaksi. Kegiatan yang akan dilakukan seperti apa? Melakukan pembayaran kepada pihak vendor sesuai dengan nilai yang ada guna melunasi hutang Perusahaan kepada eksternal (Vendor). Menerima klaim dari internal sesuai dengan ketentuan yang ada guna diproses pembayaran lebih lanjut. Melakukan proses transaksi pembayaran ataupun pengeluaran sesuai dengan klaim yang masuk guna memenuhi kebutuhan ataupun permintaan dari internal. Melakukan penjurnalan secara berkala sesuai dengan aktivitas pembayaran ataupun pengeluaran dana yang dilakukan guna memonitor pergerakan uang kas Perusahaan. Menerima setoran tunai ataupun bukti pembayaran lain dari Store sesuai dengan jumlah transaksi yang terjadi (pada sistem) guna pembuatan laporan kas masuk Perusahaan. Melakukan dokumentasi terhadap bukti pembayaran dari Store melalui kartu kredit / debit guna mencapai target tertib administrasi yang ditetapkan. Membuat laporan secara berkala penerimaan uang dari Store kepada superior. Memproses setoran tunai ataupun giro dari tim Account Receivable guna disetorkan ke superior. Membuat laporan (report) kas harian ke tim Accounting guna dijurnal oleh tim Accounting. Menyediakan dokumen untuk kepentingan transaksi jual beli dollar sesuai dengan tugas yang diberikan. Menyediakan dana harian tim suply chain guna operational sehari-hari karyawan Supply Chain. Agar sesuai dengan pekerjaannya, syarat yang kami cari: Terbuka untuk  fresh graduate,  tetapi lebih diutamakan pengalaman bekerja di bidang yang sama selama 1 tahun Memahami system kerja kasir pada umumnya Mampu membuat laporan keuangan perusahaan Mampu mengoperasikan Ms.Officer (diutamakan Ms.Excell)",1,0,"Sertifikat Professional, D3 (Diploma), D4 (Diploma)",,0,0,27/12/2022 08:05:41,https://www.jobstreet.co.id/id/job/cashier-finance-4158488?jobId=jobstreet-id-job-4158488&sectionRank=13194&token=0~a8630c1f-5610-4657-bdec-7b84cc216d80&fr=SRP%20Job%20Listing
,Engineer Estimator,Perusahaan Dirahasiakan,Bali,0,0,Penuh Waktu,"Bangunan/Konstruksi ,  Teknik Sipil/Konstruksi Bangunan",Supervisor/Koordinator,"Hello everyone. We are looking for an Engineer Estimator. Only with experience in a similar position! You need to know and be able to do a lot, and be good at multitasking: + Position functions: + Budgeting and + Calculation of the number of materials and work according to the project drawings + Calculation of the number of materials and work according to measurement drawings for reconstruction + Creation of drawings according to object measurements + Modify drawings and drawing subassemblies in a project + Creation of executive schemes + Calculation and creation of a work schedule + Adjustment of work schedule + Making changes and additions to drawings Work experience requirements: ·At least 2 years of experience in this position and performing the required functions ·Work with large industrial projects 1000-100000 m2 ·Working with private villas ·Building from scratch and reconstruction ·Knowledge of modern building systems and materials ·Knowledge of waterproofing systems for foundations, swimming pools, reservoirs, roofs ·Knowledge of modern building systems for interior decoration ·Knowledge and work with exclusive and elite materials ·Knowledge of façade systems ·Knowledge and work with different types of wooden structures and finishing materials made of wood ·Knowledge of special building chemistry ·Road works ·Landscape Knowledge of spoken and technical English is essential. We can offer you the following: ·office in the heart of Bali; ·market salary; ·medical insurance; ·bonuses; ·developing team; ·the best people gathered in one place; ·developmental opportunities and career growth. Welcome to our team!",2,0,,IDR,6.000.000 , 7.000.000 ,23/12/2022 16:23:53,https://www.jobstreet.co.id/id/job/engineer-estimator-4155723?jobId=jobstreet-id-job-4155723&sectionRank=20021&token=0~6e7a6102-00b3-477d-8e74-db36332131f9&fr=SRP%20Job%20Listing
,Content Creator,Panti hafara,Bantul,0,0,Penuh Waktu,"Penjualan / Pemasaran ,  E-commerce",Pegawai (non-manajemen & non-supervisor),"Kualifikasi: Usia maksimal 26 tahun Berpenampilan rapi, percaya diri, ceria, gak moody dan good attitude Memiliki skill copywriting dan public speaking Bersedia menjadi talent Memiliki akun tiktok dan mahir membuat konten tiktok Memiliki kemampuan edit video tiktok Aktif dan update mengenai trend terkini di sosial media Di prioritaskan berpengalaman min 1tahun dalam membuat konten tiktok Deskripsi Pekerjaan: Membuat Konten Menarik Membangun Konsistensi Branding Mengelola dan Membuat Strategi Konten Segera kirimkan CV di alamat: Kantor Sekertariatan Panti Hafara, Gonjen Rt 05, Tamantirto, Kasihan, Bantul Benefit: Bonus target Uang transport Makan siang BPJS Ketenagakerjaan",1,0,"SMA, SMU/SMK/STM, Sertifikat Professional, D3 (Diploma), D4 (Diploma), Sarjana (S1)",,0,0,29/12/2022 10:46:32,https://www.jobstreet.co.id/id/job/content-creator-4161530?jobId=jobstreet-id-job-4161530&sectionRank=14234&token=0~229d343f-b717-4473-8c10-dae8016baa9b&fr=SRP%20Job%20Listing
https://jobindo.com/mobile/thumbnails/83040886.jpg,Staf Desain Grafis,Lidah Buaya Group,"Magelang, Jawa Tengah",0,0,,"Persyaratan 
 Min. Lulusan D3 Desain komunikasi visual 
 Memiliki minat dalam bidang desain 
 Kreatif 
 Memiliki pengalaman dengan aktivitas/pekerjaan desain grafis 
 Memampu mengoperasikan program adobe photoshop, ilustrator, 
 Update terhadap perkembangan trend desain 
 Bersedia ditempatkan di Magelang",,"
 Deskripsi Pekerjaan
Membuat desain banner, brosur, dan media lainnya untuk promosi produk
Mengembangkan desain untuk materi cetak dan digital sesuai dengan kebutuhan perusahaan

",0,2,Diploma 3 ,,0,0,24/11/2018 15:15:00,https://jobindo.com/Lowongan-Pekerjaan-staf-desain-grafis-40858.html
https://jobindo.com/mobile/thumbnails/53222482.jpg,Staff Accounting,DAYCARE ZAMEENA KIDS,"Bogor, Jawa Barat",0,0,,"Persyaratan 
 Wanita Umur 20 - 30 tahun 
 Diutamakan berdomisili di wilayah Bogor 
 Berpengalaman di bidang akunting minimal 3 tahun 
 Minimal D3 jurusan akuntansi di universitas ternama (IP min 3,00) 
 Menguasai program akunting 
 Memiliki pengetahuan mengenai pelaporan pajak dan update terbaru sesuai dengan ketentuan pajak 
 Jujur, loyalitas, teliti, kerja cepat dan kerja cermat 
 Dapat berkomunikasi dengan baik 
 Penempatan di Head office (Karanggan - Bogor)",,,2,5,Diploma 3 ,,0,0,01/01/1970 00:00:00,https://jobindo.com/Lowongan-Pekerjaan-staff-accounting-40697.html
https://jobindo.com/mobile/thumbnails/430080000.jpg,Staff Produksi,Wahana Data,"Surabaya, Jawa Timur",0,0,,"Persyaratan 
 Pria, min. 23 tahun dan maks. 35 tahun 
 Pendidikan min. SMP 
 Punya kendaraan sendiri dan SIM C 
 Komunikasi baik dan lancar 
 Serius dan Niat Kerja serta Tekanan Kerja 
 Siap Kerja hari : SENIN s/d SABTU Pukul 06.00 WIB - 16.00 WIB 
 Hari MINGGU dan HARI BESAR NASIONAL : LIBUR 
 SIAP WAWANCARA DI SURABAYA dan TIDAK ADA MESS 
 SIAP JAMINKAN IJASAH ASLI",,"
 Deskripsi Pekerjaan
Melakukan pemisahan terhadap barang yang baik dan yang buruk
Mencuci sayuran sebelum disimpan
Menjaga kelembaban sayuran
Melakukan pengepakan atau packing sebelum dikirim atau dari orderan yang ada
Membantu melakukan pembelian sayuran
Mau melakukan pekerjaan serabutan
 ",0,2,SLTP/Sederajat ,,0,0,14/12/2016 15:26:00,https://jobindo.com/Lowongan-Pekerjaan-staff-produksi-13279.html
,Accounting  & Tax,PT Dongju Raya Indonesia,Bekasi,0,0,Penuh Waktu,"Akuntansi / Keuangan ,  Akuntansi Umum / Pembiayaan",Pegawai (non-manajemen & non-supervisor),"Kualifikasi : Kami perusahaan yang bergerak di bidang perdagangan dan konsultan membuka lowongan dengan kriteria sebagai berikut : Usia 20 - 35 tahun Minimal lulusan SMK Akuntansi / D3 Akuntansi diutamakan Memahami perpajakan dan dapat membuat Laporan Keuangan dan SPT Masa Jujur, amanah dan mau bekerja keras Penempatan di Bekasi  Deskripsi Pekerjaan : Menjalankan fungsi dan pencatatan Cost Accounting, Cost Control AR , AP, dan penagihan invoice WAJIB mengerti dan terbiasa, mengurusi pajak dan perpajakan Terbiasa dan mengerti fungsi Finance & Accounting and tax paham PPh ps 21,23,22 Manjalankan fungsi General Accounting and Finance: Balance Sheet Reconsiliation, Pembuatan Laporan Keuangan Internal dan report Terbiasa Menjalankan program (ERP System) Rekonsiliasi PPn In dan Out di SPT vs di Sistem Menjalankan fungsi superivisi dan tanggung jawab report harian, bulanan, tahunan",1,0,"SMA, SMU/SMK/STM, Sertifikat Professional, D3 (Diploma), D4 (Diploma)",,0,0,22/12/2022 07:21:08,https://www.jobstreet.co.id/id/job/accounting-tax-4153796?jobId=jobstreet-id-job-4153796&sectionRank=24762&token=0~b59e7330-906d-437c-86ed-4af565eda7c3&fr=SRP%20Job%20Listing
https://jobindo.com/mobile/thumbnails/79342758.jpg,Graphic Designer,Mega Pilar Pictures,"Jakarta Utara, DKI Jakarta",0,0,,"Persyaratan 
 Maximum age : 25 
 Candidate must possess at least Diploma in any field 
 Required language(s) : Bahasa Indonesia and English 
 At least 1 (one) year of woking experience in related field, fresh graduates are welcome 
 Required skill(s) : Adobe Photoshop/ Illustrator/ InDesign",,,0,2,Diploma 3 ,,0,0,01/01/1970 00:00:00,https://jobindo.com/Lowongan-Pekerjaan-graphic-designer-42926.html
https://image-service-cdn.seek.com.au/a1ef2cca5124299b59b3f947f8d9cd2215f4d1ad/a868bcb8fbb284f4e8301904535744d488ea93c1,Field Supervisor (ASKEP KEBUN),PT Rea Kaltim Plantations,Kutai Kartanegara,5000,10000,Penuh Waktu,"Sains ,  Pertanian",Supervisor/Koordinator,"Uraian Pekerjaan Membuat perencanaan kegiatan EstateMain/Sub Division dan penunjangnya dalam rangka memastikan tercapainya target pemenuhan kebutuhan buah sawit. Membuat anggaran tahunan Estate Main/Sub Division dalam rangka memastikan seluruh biaya operasional dapat terakomodasi. Mengkoordinasikan kegiatan Assistant - Assistant dibawahnya dalam rangka memastikan pelaksanaan kerja perkebunan, laporan performance, kebersihan estate dan emplasement serta land aplikasi dapat berjalan dengan lancar. Mengarahkan kegiatan Assistant - Assistant dibawahnya dalam rangka memastikan kesamaan tindakan untuk mencapai target yang ditentukan. Memonitor kegiatan Assistant-Assistantdibawahnya dalam rangka memastikan operasi Estate Main Division sesuai dengan rencana yang ditentukan. Melakukan koordinasi dengan pabrik lain/estate terkait dalam rangka memastikan permasalahan yang timbul dapat diatasi. Menjaga dan memelihara batas dan wilayah estate dalam rangka memastikan keutuhan luas estate tidak bergeser. Etc Kualifikasi : Min D3/D4/S1 Lulusan pertanian/perkebunan Memiliki pengalaman min 3 tahun dibidang yang sama Mengetahui ISO-14000 Memiliki jiwa kepemimpinan Mampu berkomunikasi dengan baik Jujur dan disiplin Bersedia ditempatkan di Site (Kutai Kartanegara)",3,0,Sarjana (S1),,0,0,14/12/2022 09:23:41,https://www.jobstreet.co.id/id/job/field-supervisor-askep-kebun-4144527?jobId=jobstreet-id-job-4144527&sectionRank=26457&token=0~e66c4f2d-c228-4aa9-928a-f5064bc932c9&fr=SRP%20Job%20Listing
https://jobindo.com/mobile/thumbnails/86257650.jpg,Customer Service,PT. MARKAZ JALAN BERSAMA,"Tangerang Selatan, Banten",0,0,,"Persyaratan 
 Pria/Wanita Usia Max. 21 Tahun 
 Lulusan SMA/SMK Sederajat 
 Tidak Sedang Berkuliah 
 Belum Menikah 
 Rapi, Jujur, Teliti 
 Siap Bekerja Dibawah Tekanan",,"
 Deskripsi Pekerjaan
Melayani Member yang terdaftar, berupa komplen teknis dan non teknis menggunakan Media komunikasi Telegram.

",0,0,SLTA/Sederajat ,,0,0,03/03/2022 07:47:00,https://jobindo.com/Lowongan-Pekerjaan-customer-service-61326.html
,HR Staff,Perusahaan Dirahasiakan,Jakarta Selatan,0,0,Penuh Waktu,"Sumber Daya Manusia/Personalia ,  Sumber Daya Manusia / HR",Pegawai (non-manajemen & non-supervisor),"Requirement : Minimum 2 years experience in HR is must Bachelor's degree all major Excellent in excel (pivot, if, vlookup, hlookup, mailmerge) Understand using hris talenta is preferable Multitasking & Honest Job Descriptions: Carry out administrative processes related to HR Handle BPJS Kesehatan, BPJS Ketenagakerjaan & Medical Insurance Update HRIS & database Handle employee agreement Maintain employee evaluation Support payroll process (calculate overtime, incentive, deduction, etc) Maintain attendance & overtime Support all related to HR",2,0,Sarjana (S1),,0,0,21/12/2022 08:39:28,https://www.jobstreet.co.id/id/job/hr-staff-4152532?jobId=jobstreet-id-job-4152532&sectionRank=19809&token=0~bfa792d1-f65f-498a-8c2e-0edb21ae4795&fr=SRP%20Job%20Listing
https://image-service-cdn.seek.com.au/5c80d21a8dbc45a877bda289aa36c955bcefb4c0/a868bcb8fbb284f4e8301904535744d488ea93c1,Sales Cashier,PT Dufrindo Internasional,Badung,501,1000,Penuh Waktu,"Penjualan / Pemasaran ,  Penjualan Ritel",Pegawai (non-manajemen & non-supervisor),"Dufry is the world’s leading travel retailer with operations in 75 countries, 430 + locations,33,000 employees , 2300 + shops located at airports, seaports,cruise liners and other tourist locations worldwide. www.dufry.com We are currently hiring : Sales Cashier for Fashion Please note: CV/ Resume MUST BE IN ENGLISH Key Accountabilities Provide a world class shopping experience for our customers, involving deep product knowledge . Check the stock daily to ensure that all specific products are adequately stocked and available for customers. Ensure that all merchandise (of a particular brand) is displayed nicely and orderly and featured merchandise prominently displayed in each section. Ensure brand promotions are properly set up & performed. Set and achieve goals during each review period. Requirements Good command of English and Mandarin is a plus. Candidate must possess at least Bachelor's Degreein any field. At least 2Year(s) of shop work experience , preferable international brands. Preferably Staff specialized in Sales - Retail/duty free . Minimum knowledge of display and merchandising. Willing to travel outside country for learning & development",2,0,"SMA, SMU/SMK/STM, Sertifikat Professional, D3 (Diploma), D4 (Diploma), Sarjana (S1)",IDR,3.000.000 , 4.200.000 ,28/12/2022 20:00:58,https://www.jobstreet.co.id/id/job/sales-cashier-4141391?jobId=jobstreet-id-job-4141391&sectionRank=14801&token=0~c265b2b8-71b5-40ed-b1ee-69ddb71037eb&fr=SRP%20Job%20Listing
https://jobindo.com/mobile/thumbnails/755178790.jpg,Trainee,PT. Jobindo Sarana Informatika,"Jakarta Barat, DKI Jakarta",0,0,,"Persyaratan Klien kami sebuah Universitas Swasta Terkenal di Jakarta Barat mengadakan kampus hiring untuk sebuah Perusahaan Refinery 
 Kualifikasi : 
 
 Pria / Wanita Usia Antara 22 – 30 Tahun 
 Pendidikan D3 / S1 Jurusan Listrik, Elektro, Mesin & Mekatronika 
 Sehat Jasmani Dan Rohani 
 Ipk Minimal 2,75",,,0,0,Diploma 3 ,,0,0,01/01/1970 00:00:00,https://jobindo.com/Lowongan-Pekerjaan-trainee-3184.html
https://images.glints.com/unsafe/glints-dashboard.s3.amazonaws.com/company-logo/980a56d06397d5197bdf204cfa430e79.jpg,Staff Financing AR,PT. GATRA MAPAN,Malang,0,0,Penuh Waktu,Finance | Skills Finance Accounting Financial Analysis Database Administration Financial Reporting Microsoft Office Data Analysis,,"Deskripsi pekerjaan Staff Financing AR PT. GATRA MAPAN Requirements • Wanita Max 30 tahun • Pendidikan minimal D3 / S1 Jurusan Akuntansi / Management • Pengalaman kerja sebagai AR Financing min 3 tahun • Komunikatif, berpenampilan rapi serta energik. • Skill berhitung yang cermat dan teliti. • Memahami prinsip-prinsip dalam berbisnis. • Mampu menganalisis data. • Pengalaman dengan MS Office dan program data. Jobs Description • Menyusun, memverifikasi keakuratan, dan menyortir informasi sesuai prioritas untuk menyiapkan sumber data • Tinjau data untuk kekurangan atau kesalahan, perbaiki ketidaksesuaian jika memungkinkan dan periksa output. • Teliti dan dapatkan informasi lebih lanjut untuk dokumen yang tidak lengkap. • Menangani piutang bermasalah. • Melakukan pengecekan tagihan serta mengalokasikannya. • Melakukan rekonsiliasi piutang serta audit langsung • Mengawasi limit kredit client maupun unit lapangan dengan benar • Jaga kerahasiaan informasi.",3,5,,IDR,3.000.000,7.500.000,01/01/1970 00:00:00,https://glints.com/id/opportunities/jobs/staff-financing-ar/10cb575b-a460-4679-98db-06d43e34a70c
https://jobindo.com/mobile/thumbnails/94435065.jpg,Technical Support,PT. INFOKES INDONESIA,"Bandung, Jawa Barat",0,0,,"Persyaratan 
 Sanggup ditugaskan ke luar kota 
 Sanggup menjalankan piket sabtu / minggu sesuai yang di jadwalkan 
 Bekerja Senin s.d Jum’at pukul 08:00 s.d 17:00, terbagi 3 shift ( malam, pagi, sore ) 
 Memiliki laptop 
 Bersedia bekerja dalam tim dan mandiri (self-organising) 
 Belajar dengan cepat secara mandiri (self-learning) 
 Komunikasi yang baik 
 Komitmen, Loyal, Disiplin 
 Pendidikan terakhir minimal Diploma 3 Teknik Informatika atau yang setara 
 Berpengalaman bekerja min 1 tahun dibidang yang sama 
 Menguasai basic database (mysql)",,"
 Deskripsi Pekerjaan
Melayani / merespon Klien yang berkonsultasi dan memberikan solusi ketika klien mendapatkan kendala saat menggunakan aplikasi
Memonitoring kondisi aplikasi yang sedang berjalan untuk memastikan status aplikasi dalam kondisi sehat (healthy)
Menganalisa kendala yang terjadi di aplikasi
Melakukan evaluasi ke klien untuk mengetahui kendala apa saja yang terjadi selama menggunakan aplikasi

",0,2,Diploma 3 ,,0,0,25/10/2018 12:02:00,https://jobindo.com/Lowongan-Pekerjaan-technical-support-39734.html
https://image-service-cdn.seek.com.au/136384b32e5694f5d5848a42f7ee7dfc2398e8bc/a868bcb8fbb284f4e8301904535744d488ea93c1,Executive Secretary,PT Binara Guna Mediktama,Jakarta Selatan,1001,2000,Penuh Waktu,"Sumber Daya Manusia/Personalia ,  Sekretaris",Pegawai (non-manajemen & non-supervisor),"Perform secretarial and administrative tasks Maintain executive’s agenda and schedule all appointments, meetings, etc Prepare report or minutes of meeting Problem solve any issues that the executive requests Other duties as assigned Requirements: Bachelor degree any major or at the minimum Secretary diploma degree from reputable University / Academy Experienced as Executive Secretary / Secretary to Director for at least 2 years Excellent correspondence skill in both Bahasa & English Ability to multitask and prioritize daily workload Strong organizational skills with an eye for detail and time management skills Tech-savvy and acquainted with office management procedures",2,0,"Sertifikat Professional, D3 (Diploma), D4 (Diploma), Sarjana (S1)",,0,0,12/12/2022 01:46:04,https://www.jobstreet.co.id/id/job/executive-secretary-4139710?jobId=jobstreet-id-job-4139710&sectionRank=26064&token=0~92c29a31-3176-409f-abbf-b3445a2c6052&fr=SRP%20Job%20Listing
https://images.glints.com/unsafe/glints-dashboard.s3.amazonaws.com/company-logo/bfcdf63f54dce06a3bf6169472969f28.png,Marketing and sales FNB,Pt Arkhita Kala Amerta,"Tebet, Jakarta",0,0,Penuh Waktu,Marketing | Skills Marketing Social Media Marketing Ms Office Marketing Strategy Sales Marketing,,"Deskripsi pekerjaan Marketing and sales FNB Pt Arkhita Kala Amerta Sebagai Sales dan Marketing untuk PT Arkitha Kala Amerta dengan brand Nona Picknick, dan U See Mie. Req: 1. Memiliki pengalaman sebagai Sales/Marketing (min. 1 tahun) 2. Bersedia ditempatkan di Tebet, Jakarta Selatan 3. Memiliki kreativitas dan inisiatif 4. Teliti dan tidak takut gagal 5. Memiliki kemampuan mengoperasikan Ms Office 6. Memiliki kemampuan komunikasi yang baik 7. Mampur merancang strategi marketing dan eksekusinya",1,3,,IDR,4.400.000,4.700.000,01/01/1970 00:00:00,https://glints.com/id/opportunities/jobs/marketing-and-sales-fnb/c882f777-92ae-48ef-82bd-f34fe75f1c69
https://image-service-cdn.seek.com.au/00a2227d64346ef9bbe37a5153f595c4c9417860/a868bcb8fbb284f4e8301904535744d488ea93c1,Sales Admin for Tax,PT Haier Sales Indonesia,Jakarta Utara,501,1000,,,,,0,0,,,0,0,28/12/2022 08:55:58,https://www.jobstreet.co.id/id/job/sales-admin-for-tax-4160011?jobId=jobstreet-id-job-4160011&sectionRank=12469&token=0~def7bb7d-c637-4505-9981-029ac9bff312&fr=SRP%20Job%20Listing
https://jobindo.com/mobile/thumbnails/97921647.jpg,Sales Freight Forwarding (Surabaya),PT. Sinotrans CSC Indonesia,"Surabaya, Jawa Timur",0,0,,"Persyaratan 
 Pendidikan minimal: S1 any major 
 Memiliki pengalaman di bidang Sales Freight Forwarding minimal 1 tahun. 
 Menguasai bahasa Inggris 
 Berusia: 20-50 tahun 
 Berdomisili di Surabaya 
 Bersedia ditempatkan di Surabaya",,"
 Deskripsi Pekerjaan
Mengidentifikasi dan menembus peluang bisnis baru dari pelanggan lama dan potensial menggunakan keterampilan manajemen wilayah
Membuat janji pelanggan dengan pembuat keputusan utama untuk mengatasi hambatan dan mengidentifikasi peluang pertumbuhan di pasar global internasional
Mendidik pelanggan tentang solusi teknologi untuk menyediakan kemampuan pelacakan, harga, dan pelaporan
Berkolaborasi dengan bagian Operasi, menetapkan Prosedur Operasi Standar (SOP) untuk memenuhi harapan pelanggan
Merencanakan tinjauan bisnis triwulanan (QBR) dengan pelanggan untuk meninjau tren bisnis
Menghadiri pertemuan fungsional dengan mitra penjualan untuk mempromosikan penjualan perusahaan
 ",0,2,SLTA/Sederajat ,,0,0,01/01/1970 00:00:00,https://jobindo.com/Lowongan-Pekerjaan-sales-freight-forwarding-47479.html
https://jobindo.com/mobile/thumbnails/628283903.jpg,SPG dan SPB,Rhino Advertising,"Malang, Jawa Timur",0,0,,"Persyaratan 
 Pria/ Wanita usia max 27 
 Mempunyai kepercayaan diri 
 Bisa bekerja dengan team 
 Good attitude (sikap ramah) 
 Mau belajar dan suka tantangan 
 Boleh berhijab 
 tinggi badan dan berat badan BEBAS",,"
 Deskripsi Pekerjaan
Flyering, sampling, selling

",0,0,SLTA/Sederajat ,,0,0,27/01/2017 16:27:00,https://jobindo.com/Lowongan-Pekerjaan-spg-dan-spb-15594.html
https://jobindo.com/mobile/thumbnails/70212611.jpg,Customer Service Officer,PT. BIOMETRIK CITRA SOLUSI,"Surabaya, Jawa Timur",0,0,,"Persyaratan 
 Pria/wanita, usia max. 25 tahun 
 Pendidikan min. SMK/D1 jurusan Teknik Informatika/Rekayasa Perangkat Lunak/Teknik Komputer Jaringan 
 Berpengalaman atau fresh graduate 
 Mahir mengoperasikan komputer (Ms. Office, email & internet)",,,0,0,SLTA/Sederajat ,,0,0,10/01/2017 12:25:00,https://jobindo.com/Lowongan-Pekerjaan-customer-service-officer-14547.html
https://jobindo.com/mobile/thumbnails/51139991.jpg,Tutor Visit,Homeschooling Kak Seto (HSKS) Pusat,"Jakarta Timur, DKI Jakarta",0,0,,"Persyaratan 
 Laki-laki / Perempuan. 
 Usia 21-36 Tahun. 
 Menikah / Belum Menikah. 
 1-2 tahun Pengalaman Kerja. 
 Pendidikan S1. 
 Memiliki kreativitas yang Tinggi. 
 Ceria 
 Mampu memanajemen kelas dengan baik. 
 Mampu memahami Kondisi Psikologis siswa. 
 Mampu berkomunikasi dengan baik. 
 memiliki Attitude yang baik serta mau belajar.",,"
 Deskripsi Pekerjaan
Mengajar siswa
Berkomunikasi dengan siswa / orang tua siswa/ koordinator wilayah / kepala bagian.
Bersedia mengikuti kegiatan yang HSKS.
Membuat laporan perkembangan siswa
Membuat Lesson Plan.
Berkomunikasi dengan Wali kelas & Konselor / Psikolog

",0,2,Sarjana ,,0,0,01/01/1970 00:00:00,https://jobindo.com/Lowongan-Pekerjaan-tutor-visit-43854.html
https://jobindo.com/mobile/thumbnails/79332215.jpg,IT Website,PT.Altron Technology,"Jakarta Barat, DKI Jakarta",0,0,,"Persyaratan 
 Pendidikan Minimal SMA/D3/S1 Informatika/ Sederajat (Berijazah). 
 Pria dan Wanita 
 Memahami cara membuat website standar. 
 Familiar dengan Software Adobe Photoshop, Adobe Dreamweaver, Microsoft Office. 
 Memahami CMS ( Seperti Wordpress, Prestashop, dll ). 
 Memahami Blogger. 
 Memahami S.E.O (Search Engine Optimization). 
 Familiar dengan toko online dan sosial media. 
 Dapat membuat konten/artikel dengan baik. 
 Siap bekerja secepatnya. 
 Jujur dan tanggung jawab terhadap pekerjaan.",,"
 Deskripsi Pekerjaan
Membangun sebuah website CMS prestashop/wordpress.
Mengelola dan monitor website.
Edit gambar produk untuk di upload ke website dan toko online.
Promosi produk ke online atau sosial media.
Optimasi website untuk pencarian google.
Optimasi produk untuk pencarian google.
Menulis konten artikel seputar produk yang akan dipromosikan.
Melaksanakan Tugas dari atasan.
 ",0,2,SLTA/Sederajat ,,0,0,27/11/2017 14:42:00,https://jobindo.com/Lowongan-Pekerjaan-it-website-26835.html
https://jobindo.com/mobile/thumbnails/19144034.jpg,Marketing IT,Morning Glory Enterprise,"Surabaya, Jawa Timur",0,0,,"Persyaratan 
 Pria/Wanita, usia maks. 33 tahun 
 SMA/SMK/D1/D2/D3/S1 Jurusan T. Informatika, Sistem Informasi, Rekayasa Perangkat lunak, Teknik Komputer dan Jaringan. 
 Memiliki pengalaman di bidang yang sama min. 1 tahun 
 Punya passion di bidang teknologi 
 Mengutamakan Integritas, ketelitian, Inisiatif dan aktif, dan dapat bekerja dibawah tekanan 
 Mampu bekerja dalam tim, mau belajar hal-hal baru, bekerja dengan target, pantang menyerah 
 Diutamakan berdomisili di Surabaya dan sekitarnya serta bersedia ditempatkan di Surabaya 
 TERPENTING : Terbiasa bekerja dengan target",,"
 Deskripsi Pekerjaan
Melakukan demo/presentasi software ke customer
Membuat requirement kebutuhan customer
Melakukan support dan membantu customer dalam menjalankan program (apabila dibutuhkan)
Melakukan training program ke customer
Melakukan penjualan
Memiliki komunikasi yang baik

",0,2,Diploma 3 ,,0,0,14/11/2019 15:20:00,https://jobindo.com/Lowongan-Pekerjaan-marketing-it-49963.html
,Operator Ayam Gepuk,Ayam Gepuk Mewek,,0,0,,,,,0,0,,,0,0,22/12/2022 09:01:11,https://www.jobstreet.co.id/id/job/operator-ayam-gepuk-4154065?jobId=jobstreet-id-job-4154065&sectionRank=24273&token=0~a70176a4-50cf-45a9-b35f-c63feecb707a&fr=SRP%20Job%20Listing
https://jobindo.com/mobile/thumbnails/45710250.jpg,Operator Depot Air Minum Modern,PT MANAJEMEN WARALABA BERSAMA,DKI Jakarta,0,0,,"Persyaratan 
 Pria atau Wanita 
 Usia 18-35 Tahun 
 Pendidikan min. SMP/Sederajat 
 Memiliki KTP, SKCK 
 Diutamakan memiliki SIM C (Aktif) 
 Bersedia untuk penempatan kerja Jabodetabek 
 Jujur,Rajin,Bertanggung Jawab, Pekerja Keras dan Ramah 
 Diutamakan untuk TIDAK MEROKOK 
 Tidak Bertato, dan Tidak di tindik 
 Dapat mengendarai Sepeda Motor 
 Berpenampilan Bersih dan Rapih menjadi Point Plus untuk perusahaan",,"
 Deskripsi Pekerjaan
Mengurus dan Mengelola outlet yang telah di tetapkan
Bekerjasama dengan Rekan kerja untuk meningkatkan Penjualan, Menjalin Hubungan baik dengan Pelanggan
Melakukan Sebar Brosur ke lingkungan penduduk sekitar dengan Radius 2 Km
Mengisi dan Mengantar Galon pesanan kepada pelanggan sesuai dengan SOP yang sudah di tetapkan
Melakukan Promosi Harian via WA (Broadcast dan Share product Knowladge kepada pelanggan).

",0,2,SLTP/Sederajat ,,0,0,12/08/2020 09:07:00,https://jobindo.com/Lowongan-Pekerjaan-operator-depot-air-54516.html
https://jobindo.com/mobile/thumbnails/80798439.jpg,Staff Finance & Accounting (Samarinda),PT Indovisual Group,"Samarinda, Kalimantan Timur",0,0,,"Persyaratan 
 Wanita, D3 Akutansi 
 Mengerti Siklus/alur Akutansi 
 Mengerti Jurnal 
 Jujur, Bertanggung Jawab, Siap Dengan Deadline",,"
 Deskripsi Pekerjaan
Mengatur Keuangan Yang Ada Di Perusahaan Cabang Samarinda

",0,2,Diploma 3 ,,0,0,04/05/2019 15:25:00,https://jobindo.com/Lowongan-Pekerjaan-staff-finance-accounting-45366.html
https://jobindo.com/mobile/thumbnails/53909074.jpg,Management Representatif,PT REFRATECH MANDALA PERKASA,"Bogor, Jawa Barat",0,0,,"Persyaratan 
 Laki - Laki, max. usia 35th 
 Pengalaman min. 2th di posisi yang sama 
 Paham mengenai prosedur ISO 9001 : 2015 
 Mempunyai sertifikat Audit ISO 
 Memiliki inisiatif, aktif dan kooperatif 
 Terbiasa melakukan training ISO 
 Bahasa Inggris min. Pasif 
 Lokasi kerja area Citeureup - Bogor",,,2,5,Diploma 3 ,,0,0,03/01/2018 15:22:00,https://jobindo.com/Lowongan-Pekerjaan-management-representatif-28263.html
https://image-service-cdn.seek.com.au/34304067e77726fde6322f788dd805b21c859b11/a868bcb8fbb284f4e8301904535744d488ea93c1,Customer Service - Night Shift,INDOASIA INTERIOR,Bali,1,50,Penuh Waktu,"Pelayanan ,  Layanan Pelanggan",Pegawai (non-manajemen & non-supervisor),"France and Son Company is an online store in furniture for United States market seeks applications from qualified candidates for Customer Service position in Bali. Must live and be able to work in Bali. No work from home. Requirements:•Maximum 30 years Old•Bachelors Degree in the related field master’s preferred•Minimum 2 years experience in the same field•Excellent communication and interpersonal skills•Fluent in English both in writing and speaking•Able to work under pressure•Able to work as a team• Night shift 9 PM - 4 AM (WITA) Job Description:•Manage large amounts of incoming emails•Generate sales leads•Identify and assess customers’ needs to achieve satisfaction•Build sustainable relationship and trust with customer accounts through open and interactive communication•Provide accurate, valid and complete information to the customer•Handle customer complaints, provide appropriate solutions and alternatives within the time limits; follow up to ensure resolution",2,0,Sarjana (S1),IDR,4.500.000 , 5.200.000 ,09/12/2022 06:22:25,https://www.jobstreet.co.id/id/job/customer-service-night-shift-4138338?jobId=jobstreet-id-job-4138338&sectionRank=29750&token=0~9d9b576a-3694-490f-a3ce-1e237b14f81c&fr=SRP%20Job%20Listing
https://image-service-cdn.seek.com.au/f2c6de469a701ca946387b3a58e78ddd134008ca/a868bcb8fbb284f4e8301904535744d488ea93c1,SCM / Purchase Asst / Buyer - Chemicals/Mechanical/Electrical Products,PT MFF Oilfield Service And Engineering,Jakarta Selatan,1,50,,,,,0,0,,,0,0,30/12/2022 11:35:20,https://www.jobstreet.co.id/id/job/scm-purchase-asst-buyer-chemicals-mechanical-electrical-products-4162776?jobId=jobstreet-id-job-4162776&sectionRank=11526&token=0~bfa71424-77c5-488a-9215-cbb447c1189f&fr=SRP%20Job%20Listing
https://image-service-cdn.seek.com.au/e37093a0b99bbb22387435c53542413255d07f0e/ee4dce1061f3f616224767ad58cb2fc751b8d2dc,SALES Representative,PT. Asma Galaxy Geumilau,,0,0,,,,,0,0,,IDR,3.000.000 , 4.200.000 ,29/12/2022 08:17:07,https://www.jobstreet.co.id/id/job/sales-representative-4161218?jobId=jobstreet-id-job-4161218&sectionRank=18914&token=0~e2aee087-f299-4ce6-b2c3-8af762e565c2&fr=SRP%20Job%20Listing
https://jobindo.com/mobile/thumbnails/45816313.jpg,Field On Street (Cirebon/Tasikmalaya),Activate Asia,"Tasikmalaya, Jawa Barat",0,0,,"Persyaratan 
 Pria 
 Usia Max 30 
 Pendidikan Min SMA/SMK Sederajat 
 Mempunyai Smartphone Sendiri 
 Lebih diutamakan pengalaman FOS",,"
 Deskripsi Pekerjaan

Mentraining toko untuk memakai aplikasi dari federal oil
Visit atau mobile ke toko-toko yang jaraknya berjauhan
Segmen (Toko Onderdil dan Bengkel)
 ",0,2,SLTA/Sederajat ,,0,0,01/01/1970 00:00:00,https://jobindo.com/Lowongan-Pekerjaan-field-on-street-26481.html
https://jobindo.com/mobile/thumbnails/491522939.jpg,Staf Marketing Kain,PT. MAHAMERU CENTRATAMA SPINNING MILLS,"Garut, Jawa Barat",0,0,,"Persyaratan 
 Wanita max. 30 tahun 
 Minimal lulusan S1 
 Memiliki pengalaman kerja minimal 3 tahun dibidang yang sama 
 Memiliki semangat yang tinggi 
 Mampu menjalin relasi dengan baik 
 Mampu berkomunikasi yang baik 
 Mampu menjalankan Ms. Office (Word, Excel, Power Point) 
 Memiliki kendaraan pribadi (min. motor) 
 Mengetahui proses produksi dan jenis-jenis kain lebih diutamakan 
 Memiliki kemampuan Bahasa Inggris",,"
 Deskripsi Pekerjaan
Memperkenalkan, mempromosikan, memasarkan produk perusahaan kepada konsumen
Menganalisa calon konsumen dari segi kebutuhan konsumen
Mengidentifikasi analisa pasar dan menginformasikan kepada General Manager atau Board of Director
Membuat laporan pencapaian sasaran mutu, rencana mutu, standar proses, dan intruksi kerja terkait

",0,2,Diploma 3 ,,0,0,01/01/1970 00:00:00,https://jobindo.com/Lowongan-Pekerjaan-staf-marketing-kain-44130.html
https://jobindo.com/mobile/thumbnails/26272098.jpg,Desainer Mekanik (Mechanical Drafter ++),PT Daelim Indonesia,"Bekasi, Jawa Barat",0,0,,"Persyaratan 
 Pendidikan min. SMK Teknik (D3 Teknik Perancangan Manufaktur atau Teknik Mesin lebih disukai) 
 Umur max. 40 tahun 
 Paham komponen mesin, gambar teknik, autoCAD, & pengembangan produk 
 Pengalaman di bidang yang sama min. 1 tahun",,"
 Deskripsi Pekerjaan
Merealisasikan kebutuhan pelanggan ke dalam bentuk desain (desain baru, modifikasi, maupun RO) secara akurat & tepat waktu;
Melakukan riset dan mengembangkan produk baru;
Mengidentifikasi kebutuhan bahan dan mesin yang digunakan;
Mengontrol progress pembuatan sample produk yg didesain;
Membantu pekerjaan atasan di bagian mesin dan maintenance.

",0,2,SLTA/Sederajat ,,0,0,16/12/2017 14:13:00,https://jobindo.com/Lowongan-Pekerjaan-desainer-mekanik-mechanical-27785.html
https://jobindo.com/mobile/thumbnails/970707122.jpg,Research & Commercial Analyst Junior Manager,PT Lion Super Indo,"Jakarta Selatan, DKI Jakarta",0,0,,"Persyaratan Requirements: Has experience min. 3 years as Researcher from reputable Marketing Research Agency, with specialization in Quantitative Research; Understand Qualitative Research as well is more preferred. Previous experience in Consumer Goods or retail industry is more preferable. Excellent analytical thinking process and pay high attention to details Has passion in commercial analysis (data analysis) is additional value Proficient at using English (spoken & written) is a must, including excellent report writing Flexible to work both at office and on field as well Maximum age 30 years",,,2,5,Diploma 3 ,,0,0,01/01/1970 00:00:00,https://jobindo.com/Lowongan-Pekerjaan-research-commercial-analyst-506.html
https://jobindo.com/mobile/thumbnails/40645016.jpg,Staff Pajak,PT. Makmur Artha Cemerlang,"Mojokerto, Jawa Timur",0,0,,"Persyaratan 
 Pendidikan min. D3 jurusan Akuntansi 
 Usia Maks. 30 tahun 
 Berpengalaman min. 2thn dalam bidang yang sama 
 Memahami dan mampu mengelola laporan pajak badan usaha 
 Bersedia ditempatkan di Puri, Kabupaten Mojokerto",,"
 Deskripsi Pekerjaan
Mengelola administrasi dan laporan pajak perusahaan
Membuat laporan hasil pekerjaan kepada pimpinan bagian
Menghitung, mencetak dan membuat laporan pajak sesuai alur proses kerja yang sudah ada

",0,2,Diploma 3 ,,0,0,08/02/2022 11:46:00,https://jobindo.com/Lowongan-Pekerjaan-staff-pajak-61109.html
https://jobindo.com/mobile/thumbnails/34848782.jpg,Guru TIK / Komputer,Sekolah Stella Maris Teluk Gong,"Jakarta Utara, DKI Jakarta",0,0,,"Persyaratan 
 Wanita / Pria 
 Fresh Graduate - 35th 
 Kreatif, Jujur, Suka Mempelajari Materi Baru 
 Dapat Menguasai Kelas dan Materi",,,0,2,Sarjana ,,0,0,24/01/2017 10:56:00,https://jobindo.com/Lowongan-Pekerjaan-guru-tik-komputer-15398.html
https://jobindo.com/mobile/thumbnails/88385438.jpg,Call Center Quality Control Specialists,Rimedo Pro,"Jakarta Selatan, DKI Jakarta",0,0,,"Persyaratan 
 Fluency in Bahasa Indonesia, knowlage of English language 
 PC ownership at active user level 
 Customer focus 
 Work experience not required 
 Work on remote (from home) 
 For remote work you need to have stabile internet conection, computer, headsets, silent place for work, mobile phone 
 Work from 7 to 14pm, or 14 to 21pm",,"
 Deskripsi Pekerjaan

Quality control of call center operators through listening to calls
Monitoring the implementation of internal regulations of the company
Recommendations for improving the efficiency of operators
Calling out non-purchased orders ‚informing customers
Reciving incoming calls from custimers
 ",0,2,SLTA/Sederajat ,,0,0,01/01/1970 00:00:00,https://jobindo.com/Lowongan-Pekerjaan-call-center-quality-43777.html
https://jobindo.com/mobile/thumbnails/5736363.jpg,Office Boy,ROXY GROUP,"Jakarta Pusat, DKI Jakarta",0,0,,"Persyaratan 
 Laki-laki / perempuan, usia 18 - 35 tahun 
 Pendidikan minimal SMP 
 Pengalaman minimal 1 tahun sebagai Office Boy / Office Girl, fresh graduate dipersilahkan melamar 
 Siap bekerja secepatnya",,"
 Deskripsi Pekerjaan
Membersihkan dan merapikan meja, kursi, ruangan kerja lingkungan kantor
Membersihkan lantai / vacum carpet
Melayani permintaan fotokopi, mengambil/mengantarkan barang/dokumen
Membereskan perlengkapan makan/minum karyawan
Memesan air galon dan memasang galon ke dispenser
Membuang sampah dan memastikan ruang kantor bersih
Menyediakan makanan/minuman/segala kebutuhan untuk tamu-tamu perusahaan
Siap bekerja secepatnya

",0,2,SLTP/Sederajat ,,0,0,01/01/1970 00:00:00,https://jobindo.com/Lowongan-Pekerjaan-office-boy-20566.html
,GURU,PAUD IT AL-ADZKIA,,0,0,,,,,0,0,,,0,0,26/12/2022 08:58:43,https://www.jobstreet.co.id/id/job/guru-4157201?jobId=jobstreet-id-job-4157201&sectionRank=22679&token=0~6788f7e6-3a48-4c21-a06b-837f798969ab&fr=SRP%20Job%20Listing
https://jobindo.com/mobile/thumbnails/507691703.jpg,Finance,PT Prodigy Infinitech,,0,0,,"Persyaratan Requirements PT Prodigy Infinitech membuka kesempatan lowongan kerja sebagai Finance, dengan syarat: Pria / Wanita max. 35 tahun Pendidikan D3 - S1 Akuntansi / Keuangan / Perpajakan Pengalaman min. 2 tahun sebagai Staf Finance. Pengalaman mengurus pembayaran Giro , kas kecil , mutasi bank , treasury Mengerti jurnal , rekonsiliasi bank , AR/AP , Kasir Cekatan dalam mengoperasikan komputer Memahami proses penagihan dan jatuh tempo pembayaran Teliti , Jujur , tanggung jawab dan dapat bekerja mandiri. Mampu berbahasa Inggris , Mandarin ( merupakan nilai tambah ) Penempatan di Bali Kirim lamaran dan CV ke : hrd@prodigy.co.id HEAD OFFICE INTERACTIVE PRIMA ONLINE WISMA ADR Jl Pluit Raya 1 Nomor 1 Pluit penjaringan Jakarta Utara 021 6618424 MARKETING OFFICE ISTANA KUTA GALERIA RUKO RIVERSIDE Jl Patih Jelantik No 12 – 12a Kuta BALI - 0361 8496203",,,0,0,,,0,0,23/11/2015 03:18:00,https://jobindo.com/Lowongan-Pekerjaan-finance-202.html
https://karir-production.nos.jkt-1.neo.id/logos/84/3157184/rgflogo.jpg,Senior Business Analyst - IT Consulting (A-82172),PT RGF Human Resources Agent Indonesia,Jakarta - Prov. DKI-Jakarta,0,0,,"Persyaratan Minimum Bachelor's degree in Economy/Accounting/Mathematics/Information Technology.
 Business English proficiency.
 Minimum 3 years of experience as IT Business Analyst and programmer (Working experience in financial industry will be a plus).
 Experienced in writing SQL statements (queries, DML DDL), functional design, SIT, UAT scenario & script.
 Good communication skill, good interpersonal skill, strong analytical and problem solving skills, proactive.
 Willing to work under multi finance client. [Only CV in English will be processed]",Staf Senior,"Tanggung Jawab Understand and support user's requirement.
 Documentation creation (requirement, functional design, SIT and UAT scenario and script).
 Write SQL statements (queries, DML, DDL).
 Create reports and giving presentations.
 Other responsibilities as needed.",3,0,Sarjana/S1,IDR,13.000.000,16.000.000,23/11/2022 14:55:07,https://www.karir.com/opportunities/1354745
https://images.glints.com/unsafe/glints-dashboard.s3.amazonaws.com/company-logo/e8c6dfdad8a08e1accd28313df8fe0df.jpg,Guest Service (English-Chat),PT. Mindo Small Business Solutions,Yogyakarta,0,0,Penuh Waktu,Other | Skills Excellent Written And Spoken English Skills Good Communication Skills Good Problem Solving Skills,,"Deskripsi pekerjaan Guest Service (English-Chat) PT. Mindo Small Business Solutions We are looking for fluent English speakers to join our growing Guest Service Department. If you are a fluent English speaker and have some customer service experience, you are welcome to apply. Responsibility : Responding to emails and live chats originating from overseas customers. Initiate a phone call with overseas customers. Be in charge of helping guests with their vacation rental reservations and helping to ensure they have a great vacation rental experience from the time they search for the perfect property until they check out. Handling and resolving customer complaints. Communicating and coordinating with colleagues and internal departments. Requirements : Must have excellent written and verbal English communication skills, fast and accurate typing, create grammatically correct responses without any spelling errors Have a good problem analysis and problem-solving skills. Fluently English Speaking with no accent Comfortable using computers. Fast learner on new software Preferably have the experience with customer service/call, center/banking, tele-sales / online shopping/insurance/logistic, hospitality and tourism industry (exposure to international clients would be an advantage) Can successfully communicate with the customer to gather information and learn about their needs and expectations Hard Worker, patient, highly responsible, punctual, honest, professional, able to work under pressure Applicants must be willing to work 24 hours shifting system",1,3,,IDR,2.500.000,3.500.000,01/01/1970 00:00:00,https://glints.com/id/opportunities/jobs/guest-service-english-chat/b97023a4-5712-4ab8-9d16-437ec997ace0
https://jobindo.com/mobile/thumbnails/77930603.jpg,Accounting Staff,INTEGRAGROUP,"Sidoarjo, Jawa Timur",0,0,,"Persyaratan 
 Pendidikan Min. S1 Akunting 
 Usia Max. 30 Th 
 Siap Mobile Ke Cabang 
 Siap Di Sidoarjo",,"
 Deskripsi Pekerjaan
Melakukan pengaturan administrasi keuangan perusahaan
Menyusun dan membuat laporan keuangan perusahaan
Menyusun dan membuat laporan perpajakan perusahaan
Menyusun dan membuat anggaran pengeluaran perusahaan secara periodik (bulanan atau tahunan )
Menyusun dan membuat anggaran pendapatan perusahaan secara periodik (bulanan atau tahunan )
Melakukan pembayaran gaji karyawan
Menyusun dan membuat surat-surat yang berhubungan dengan perbankan dan kemampuan keuangan perusahaan
",0,2,Sarjana ,,0,0,02/06/2016 13:11:00,https://jobindo.com/Lowongan-Pekerjaan-accounting-staff-6282.html
https://jobindo.com/mobile/thumbnails/64266896.jpg,SPB (Bogor),GMP,"Bogor, Jawa Barat",0,0,,"Persyaratan 
 laki2 
 lajang 
 mak.25 th 
 ada ijazah asli",,"
 Deskripsi Pekerjaan
Melayani Customer yg membeli ke toko
Merapihkan etalase toko

",0,2,SLTA/Sederajat ,,0,0,13/12/2016 15:22:00,https://jobindo.com/Lowongan-Pekerjaan-spb-bogor-13230.html
https://jobindo.com/mobile/thumbnails/15222821.jpg,Engineering Manager,PT. Mitra Insan Sejahtera,"Jakarta Selatan, DKI Jakarta",0,0,,"Persyaratan 
 Pria. Max 45 th. 
 Min S1 Teknik Elektro/ Teknik Mesin. 
 Pengalaman Min 5 th di bidang Engineering.",,"
 Deskripsi Pekerjaan
Melakukan maintenance mesin-mesin produksi,
Melakukan pemeriksaan terhadap jalannya mesin dalam melaksanakan produksi,
Membuat laporan jalannya mesin dalam melaksanakan produksi.
 ",5,10,Sarjana ,,0,0,08/09/2018 15:28:00,https://jobindo.com/Lowongan-Pekerjaan-engineering-manager-37776.html
https://images.glints.com/unsafe/glints-dashboard.s3.amazonaws.com/company-logo/49c70528cc398222eec155e2b38f2c4f.jpg,STAFF OFFICE,PT. IBF Yogyakarta,Bandung,0,0,Penuh Waktu,Management | Skills Marketing Communications Good Comunication Skill Communication,,Deskripsi pekerjaan STAFF OFFICE PT. IBF Yogyakarta - Melakukan Riset Analisa Pasar - Melakukan Riset Laporan Keuangan - Melakukam Riset Pengelolaan Data,0,0,,IDR,100,5.000.000,01/01/1970 00:00:00,https://glints.com/id/opportunities/jobs/staff-office/5b1b3886-e006-4a2e-b2ae-fc12c5df3983
https://jobindo.com/mobile/thumbnails/21236541.jpg,Operator Produksi,PT. IMMANUEL SUKSES ABADI,"Tangerang, Banten",0,0,,"Persyaratan Persyaratan : 
 • Pria 
 • Usia : 18 - 30 thn 
 • Pendidikan min SMP/sederajat 
 • Pengalaman di bagian Crusher lebih diutamakan 
 • Sehat jasmani dan rohani 
 • Bersedia bekerja dibawah tekanan 
 • Bersedia Lembur dan shifting 
 • Bersedia penempatan Jatake, Tangerang Kirim lamaran ke alamat email : hrd@kerin-id.com",,"
 Deskripsi PekerjaanMenjadi operator Produksi di bagian Crusher. ",0,2,SLTP/Sederajat ,,0,0,07/09/2020 14:25:00,https://jobindo.com/Lowongan-Pekerjaan-operator-produksi-54852.html
https://image-service-cdn.seek.com.au/95823a3f8a2d9e64b59a0397aa9fe2fd5efebc08/a868bcb8fbb284f4e8301904535744d488ea93c1,Drafter Arsitek & Infrastruktur,CIPUTRA GROUP,Tangerang,501,1000,Penuh Waktu,"Bangunan/Konstruksi ,  Arsitek/Desain Interior",Pegawai (non-manajemen & non-supervisor),"Deskripsi Pekerjaan : Menggambar & merevisi gambar sesuai arahan Arsitek atau Engineer Melakukan pengarsipan gambar & dokumen pendukung Persyaratan Kerja : Minimal pendidikan  D3/ S1 Arsitek/Teknik Sipil Minimal 3 tahun di pengalaman yang sama (wajib menguasai Arsitektur dan Infrastruktur) Menguasai Autocad, Sketch Up, Revit & Photoshop Bersedia ditempatkan di Serpong",3,0,"Sertifikat Professional, D3 (Diploma), D4 (Diploma), Sarjana (S1)",,0,0,12/12/2022 11:14:26,https://www.jobstreet.co.id/id/job/drafter-arsitek-infrastruktur-4141225?jobId=jobstreet-id-job-4141225&sectionRank=29221&token=0~36d983b1-b511-4737-afa8-042b826e5216&fr=SRP%20Job%20Listing
https://image-service-cdn.seek.com.au/4fb7f744f69856ae19de3be4ec73125d1f52e19a/ee4dce1061f3f616224767ad58cb2fc751b8d2dc,Secretary,PT Petrosea Tbk,Tangerang,2001,5000,Penuh Waktu,"Sumber Daya Manusia/Personalia ,  Sekretaris",Supervisor/Koordinator,"Job Responsibilities: Support Asset Management department for all Assets - heavy equioments documentation (license, tax document) Develop and maintain hard copy and electronic filing system as well as document confidentiality to provide administration support in accordance with Petrosea procedures Project progress monitoring reports through various supportive third party applications Organize and manage meetings take minutes at those meetings to ensure meeting efficiency Prepare correspondence, reports, and materials for publications/ reports and presentations to ensure all publications/ reports and presentations materials are complete and ready to use Organize and schedule arrangements for Directors, including air travel and expenses claim reimbursement to provide secretarial assistance Key Qualifications: Minimum Diploma / Degree (preferable in Administration / Secretary) Minimal 6 years experiences in project secretarial duties Experienced in managing documentation related to Heavy Equipments assets Computer literate Experienced in project monitoring progress report application is a plus point (Jira,Microsoft Teams)",6,0,"Sertifikat Professional, D3 (Diploma), D4 (Diploma), Sarjana (S1)",,0,0,12/12/2022 10:00:14,https://www.jobstreet.co.id/id/job/secretary-4141064?jobId=jobstreet-id-job-4141064&sectionRank=26811&token=0~0a44c740-ea52-4f7c-b4b6-c67ca2c26322&fr=SRP%20Job%20Listing
,Barista,Cafe Takana,Tangerang,0,0,Paruh Waktu,"Hotel/Restoran ,  Makanan/Minuman/Pelayanan Restoran",,Kualifikasi Pekerjaan : Min pendidikan SMK/SMA Niat bekerja Berpenampilan menarik Memiliki skck aktif Deskripsi Pekerjaan : Melayani pembelian pelanggan Membuat makanan dan minuman sesuai pesanan Mencatat stok harian Memesan bahan baku yg hampir menipis Menjaga kebersihan cafe Mencatat penjualan,1,0,,,0,0,12/12/2022 04:59:27,https://www.jobstreet.co.id/id/job/barista-4140297?jobId=jobstreet-id-job-4140297&sectionRank=31175&token=0~27300e36-f9f5-4629-8eef-74d4c55fe89d&fr=SRP%20Job%20Listing
https://images.glints.com/unsafe/glints-dashboard.s3.amazonaws.com/company-logo/9451495a5a2b363c790defb62773099e.jpg,DIGITAL MARKETING,CV Australindo Makmur Bersama,"Kalideres, Jakarta",0,0,Penuh Waktu,Design | Skills Creative Thinking Graphic Design Fluent In Social Media Copywriting,,"Deskripsi pekerjaan DIGITAL MARKETING CV Australindo Makmur Bersama Kualifikasi : Usia Maksimal 30 tahun Pendidikan D3/S1 semua jurusan Memiliki laptop pribadi (akan diberikan allowance) Kreatif, inisiatif dan detail Menguasai Design Grafis Menguasai Google ads, Facebook ads, Tiktok ads (kemampuan di sosial media lainnya menjadi nilai tambah) Up-to-date mengenai trend digital marketing Memahami social media analytics, strategi iklan dan copywriting Deskripsi Pekerjaan : Menangani 2 brand (Passion Pasta & 8 Fruitz/8 Veggies) Membuat content Social Media (video & foto), iklan dan brosur Melakukan analisa Socmed Ads dan campaign untuk meningkatkan brand awareness Membuat laporan kinerja pemasaran digital secara berkala",1,3,,IDR,4.500.000,5.500.000,01/01/1970 00:00:00,https://glints.com/id/opportunities/jobs/digital-marketing/d1704184-c32e-4125-b4fe-364fed2fd1df
https://images.glints.com/unsafe/glints-dashboard.s3.amazonaws.com/company-logo/09b1a6b70280992156e3cb12394c40a1.png,System Implementer / Developer,PT Fortius Solusi Informatika,"Tanah Abang, Jakarta",0,0,Penuh Waktu,Software Engineering | Skills Sql Server Analytical Skills Developer,,"Deskripsi pekerjaan System Implementer / Developer PT Fortius Solusi Informatika What You'll Learn Strengthen your soft skills - You'll be in a very dynamic environment with a lot of different people. - You'll be learning to adapt in new environment and how different kinds of communication affects different people. Develop your problem-solving skills and be a team player - You’ll have the opportunity to solve challenging problems with the other members in the team. - As you’ll be collaborating closely with developers and project managers to improve the user experience, you’d learn to be a better team player. Learn the latest industry trends and technologies - By working in our company, you’ll be exposed to the latest industry trends especially banking. Job Description  Develop or configure the solution ( C# .Net, SQL ord off the shelf product) Do handover training for the user   Collaborate closely with internal teams. - Collaborate closely with QA, maintenance team, and presales to a successful project. Requirements - Minimum Bachelor Deegre in Computer Science or Information System. -  Fresh Graduates  are always welcomed. - 1 or 2 Years of experience in the IT industry is welcomed. - Proficiency and experience in Sql. - Basic knowledge in HTML, CSS and Javascript are a plus. - Ability and willingness to learn something new while improving what we know. - Solid understanding of the intersection between user needs, business goals and technology requirements. What we’re looking for in you:  - Desire to learn and adapt to new technologies - Able to work independently and effectively in a team - Be open to receiving constructive feedback - Strong attention to detail, analytical and love solving problems  - Good verbal and written communication skills - Ability to work in a fast-paced environment  - Excellent time and project management skills - Fast Learner and have strong analytical skill. - Good communication skill and effective team player. - Has Dicipline to manage documentation during project. - Familiar with Software Development Lifecycle is an advantage.",0,1,,,0,0,01/01/1970 00:00:00,https://glints.com/id/opportunities/jobs/system-implementer-developer/942ac324-2f73-4485-a660-95a491d33515
https://jobindo.com/mobile/thumbnails/2952636.jpg,Senior PHP Codeigniter Programmer,PT Electronic Data Interchange Indonesia (Member of Pelabuhan Indonesia II),"Jakarta Utara, DKI Jakarta",0,0,,"Persyaratan 
 Menguasai Bahasa Pemrograman PHP versi 5.6 atau terbaru 
 Menguasai Ajax, JQuery, CSS, MySQL, PosgreSQL, Framework CI versi 3 & Framework Laravel versi 5.3 atau terbaru 
 Sudah terbiasa mempergunakan Bahasa Pemograman dan framework yang dipersyaratkan minimal 5 tahun 
 Mampu membuat modul-modul secara team 
 Mempunyai inisiatif dan kecepatan kerja yang tinggi dan stabil 
 Mempunyai portofolio proyek yang pernah dikerjakan sebelumnya 
 Bersedia ditempatkan sesuai kebutuhan perusahaan",,"
 Deskripsi Pekerjaan
Membantu merumuskan desain sistem /aplikasi
Membuat aplikasi/pemrograman/coding.
Melakukan pemrograman untuk membuat aplikasi yang telah ditentukan.
Implementasi aplikasi.
Membantu kegiatan Instalasi aplikasi sesuai jadwal yang telah ditetapkan bersama.
Membantu proses dokumentasi program sesuai yang dibutuhkan (softcopy dan atau hardcopy)

",5,10,Sarjana ,,0,0,10/07/2020 11:14:00,https://jobindo.com/Lowongan-Pekerjaan-senior-php-codeigniter-54211.html
https://images.glints.com/unsafe/glints-dashboard.s3.amazonaws.com/company-logo/348001863d3709095f0c57cf6f22bdc7.png,Tutor Bahasa Inggris,Planet Education,Yogyakarta,0,0,Part-Time,Education | Skills Tutor Tutoring Science Private Tutor English Language Good Communication Teamwork Chemistry English Teaching Tutoring Teacher Membaca Al-quran National Curriculum Education & Training Academic Coordinator Academic Tutoring Fluent In English Both Oral And Written Good Teaching Skill,,"Deskripsi pekerjaan Tutor Bahasa Inggris Planet Education Kualifikasi: S1 Pendidikan Bahasa Inggris/Sastra Inggris Mahasiswi min semester 3 Berpenampilan muslimah Mampu membaca Al-Qur'an Open minded , inovatif, kreatif, komunikatif Mampu bekerja sama secara individu & tim Bersedia menjalani kontrak 2 semester Bomisili Sleman, Bantul, Yogyakarta",0,1,,IDR,100,200,01/01/1970 00:00:00,https://glints.com/id/opportunities/jobs/tutor-bahasa-inggris/b36c644e-6963-4bbe-91f8-447362ec3171
https://image-service-cdn.seek.com.au/56670f21c3e02b40d407279c44b8c73c161ae323/ee4dce1061f3f616224767ad58cb2fc751b8d2dc,"SITE MANAGER (Steel Structure, Storage Tank dan Refinery)",PT Multikarya Sarana Perkasa,Jakarta Utara,501,1000,Penuh Waktu,"Bangunan/Konstruksi ,  Teknik Sipil/Konstruksi Bangunan",Manajer/Asisten Manajer,"Kualifikasi Usia Maksimal 35 Tahun Pendidikan minimal S1 teknik sipil Diutamakan yang memiliki pengalaman dalam bidang konstruksi Sipil Bangunan Pabrik dan Mekanikal (Steel Structure, Storage tank dan Refinery) Bersedia di tempatkan di luar kota. Memiliki pengalaman selama 5 tahun dibidang yang sama Bahasa Inggris aktif Deskripsi Pekerjaan : Memberikan laporan ke Project Manager mengenai perkembangan lapangan secara detail, baik yang bermasalah atau yang bagus untuk monitoring dan evaluasi. Bertanggung jawab dan mengkoordinir seluruh tim dalam proyek, sehingga pekerjaan dapat dilaksanakan sesuai lingkup kerja, jadwal, spesifikasi, dan harga yang ditetapkan (on schedule, on budget, on specification) Melakukan pengendalian dan monitoring pekerjaan engineering untuk memastikan pekerjaan tepat waktu dan sesuai spesifikasi. Memastikan desain engineering, perhitungan BoQ dan struktur sesuai dengan persyaratan customer dan perundangan yang berlaku. Mampu merencanakan dan mengelola SDM, material, dan alat kerja. Memastikan administrasi proyek dilakukan dengan benar dan dikirimkan ke divisi terkait yang membutuhkan tepat waktu. Menjalin hubungan yang baik dengan pemilik proyek di site dan masyarakat sekitar site. Menguasai dan mengerti gambar struktur dan arsitektural. Melakukan pengukuran persepsi kepuasan pelanggan. Memiliki kemampuan komunikasi management dan kepemimpinan yang baik.",5,0,Sarjana (S1),,0,0,19/12/2022 06:24:27,https://www.jobstreet.co.id/id/job/site-manager-steel-structure-storage-tank-dan-refinery-4148985?jobId=jobstreet-id-job-4148985&sectionRank=23333&token=0~85a0f473-c26e-404c-b1d9-e12731446991&fr=SRP%20Job%20Listing
https://images.glints.com/unsafe/glints-dashboard.s3.amazonaws.com/company-logo/127fa573c6dc515e5c363f5eca3d38ed.jpeg,Sales Staff,Pt Total Cloud Solutions,Jakarta,0,0,Penuh Waktu,Business Development / Sales | Skills Sales Canvassing Komputer Ms Office Sales Good Communication Skills,,"Deskripsi pekerjaan Sales Staff Pt Total Cloud Solutions We are pioneer of cloud computing consulting in Indonesia. We are the primary partner of major Cloud Computing Leader such as Salesforce.com Zendesk and Google Enterprise. We help various organization in Indonesia with instant benefit of Cloud Computing Solutions. About The Role
 
  The Enterprise Account Manager, based in Jakarta, Indonesia, is expected to represent the company and its solution offerings to drive and expand territory accounts to achieve/exceed the assigned sales quotas. The successful candidate is responsible for developing new customer relationships and enhancing existing ones, and act as the clients’ trusted advisor.
 
  Job Responsibilities Work proactively, well in advance of  software/services renewal dates and provide all information, pricing, etc customers would require in order to execute a timely renewal. Be the customer’s trusted advisor and identify up-sell/cross-sell opportunities. Utilize phone, email and other communication tools to articulate the company’s offerings Collaborate cohesively with internal and external stakeholders to ensure customer satisfaction and repeat business Establish & maintain a strong and trusted client relationship Manage renewal sales pipeline for Singapore and other assigned countries Manage and track customer and transactional information in CRM system Participate in Sales and Marketing events Up-selling customers to longer terms or additional services and/or identifying potential expansion opportunities Job Requirements Minimum 2 years of experience in managing sales pipeline and providing forecast accuracy Candidate without experience but possess good learning attitude may be considered Candidates with experience in Enterprise Software, Cloud and Technology Services, CRM, Analytics will have an added advantage Great interpersonal skills, enjoys speaking with people and engaging in negotiation Communication skills, both written and verbal Ability to listen, understand customer challenges and identify opportunities Ability to work well under pressure while maintaining a high attention to detail Good organizational skills, with an ability to learn quickly and adapt to changing situations Self-motivated, independent and does not require micro-management Problem solver, highly competitive, with desire to achieve results",1,3,,IDR,7.000.000,9.000.000,01/01/1970 00:00:00,https://glints.com/id/opportunities/jobs/sales-staff/769f4d1a-ef02-4885-8014-eeb359f30ecd
,Digital Marketing,PT RATU SINAR ABADI,Jakarta Utara,0,0,Penuh Waktu,"Penjualan / Pemasaran ,  Digital Marketing",Pegawai (non-manajemen & non-supervisor),"KELEBIHAN: Insentif based on Engagement Lingkungan Kreatif dan Inovatif Bekerjasama dengan Tim yang beragam, dinamis dan antusias. TUGAS DAN FUNGSI: Membuat dan mengembangkan strategi campaign untuk social media platform Perusahaan. Mengelola social media Perusahaan berdasarkan kebutuhan serta permintaan– berdasarkan kepentingan Project atau Perusahaan. Menjadwalkan penayangan konten pada social media platform Perusahaan. Melaksanakan promosi secara digital/online sesuai dengan strategi/action plan yang sudah disepakati melalui Website, Youtube, Instagram, TikTok, Email Marketing, Facebook, LinkedIn, dll. untuk meningkatkan brand awareness. Melakukan optimasi pada SEO/SEM tools, Google Analytics, Google AdWords Melakukan identifikasi trend-trend, fitur dan teknologi desain terbaru di dunia Digital. Mencari database calon klien, mengidentifikasi, menganalisis dan mengevaluasi ad campaign. Memastikan seluruh social media platform Perusahaan on-brand dan konsisten. KUALIFIKASI: Pendidikan D3 (Diploma) atau S1 (Sarjana) dalam Ilmu Komunikasi, Marketing Komunikasi, atau Online Marketing. Usia Maksimal 28 Tahun. Menguasai Dasar Pemasaran, Memahami Skill/Tools Digital Marketing (Google Analytics,Google Ads,Hootsuite,Hubspot Marketing,Ahrefs,Mailchimp,etc.) Memiliki sertifikasi di Digital Marketing (Google Digital Garage,Google Online Marketing Challenge,Youtube Creator,dll.) akan diutamakan. Memiliki kemampuan untuk mengikuti dan memahami trend-trend terbaru pada social media platforms. Menguasai dan dapat memaksimalkan fitur-fitur yang ada pada social media seperti Website, Youtube, Instagram, TikTok, Facebook, dll.",2,0,Sarjana (S1),IDR,3.500.000 , 4.900.000 ,27/12/2022 20:00:38,https://www.jobstreet.co.id/id/job/digital-marketing-4140594?jobId=jobstreet-id-job-4140594&sectionRank=16280&token=0~c3c84c7b-b525-4eed-a857-8ac7f358e633&fr=SRP%20Job%20Listing
https://jobindo.com/mobile/thumbnails/26810473.jpg,SPG,PT.INNOVATE MAS INDONESIA (MyRepublic),"Malang, Jawa Timur",0,0,,"Persyaratan 
 Pria / Wanita usia maksimal 30 tahun 
 Memiliki pengalaman sebagai Sales Promotion Girl (SPG) atau Sales Promotion Man (SPM) min. 1 tahun 
 Aktif dan Komunikatif 
 Memiliki jiwa melayani konsumen 
 Memiliki wawasan yang luas terhadap produk internet. 
 Siap untuk bekerja dalam sistem shift 
 Jam kerja mengikuti jam operational mall 
 Berorientasi pada target yang diberikan perusahaan 
 Berpenampilan Menarik",,"
 Deskripsi Pekerjaan
Memasarkan Produk perusahaan

",0,0,SLTA/Sederajat ,,0,0,03/05/2016 14:22:00,https://jobindo.com/Lowongan-Pekerjaan-spg-5416.html
https://jobindo.com/mobile/thumbnails/4104112.jpg,English Teacher (Bandung),PT Sinergia Internasional Edutama,"Bandung, Jawa Barat",0,0,,"Persyaratan 
 
 Female/Male 
 Have teaching experience(s) English Cambridge/IB Curriculum 
 Fluent in oral and written English 
 Patient, responsible 
 Good communication and lesson delivery skills 
 Passionate about teaching and working with students 
 Excellent in integrity 
 Available on Weekday 
 Have commitment to teach minimal 6 months 
 Minimal Bachelor degree (S1) 
 Preferably for Graduates S1 / S2 in English from the famous State Universities in Indonesia or Famous Universities in Foreign Countries 
 Area: Bandung",,"
 Deskripsi Pekerjaan
Maintain a teaching assignment for each module.
Instruct the assigned course(s) in accordance with the approved curriculum.
Make a report to evaluate student learning process

",2,5,Sarjana ,,0,0,01/01/1970 00:00:00,https://jobindo.com/Lowongan-Pekerjaan-english-teacher-bandung-33277.html
,Perawat,PT Medica Pulau Biru,Mataram,0,0,Penuh Waktu,"Layanan Kesehatan ,  Praktisi/Asisten Medis",Pegawai (non-manajemen & non-supervisor),"Kualifikasi Pekerjaan Usia maksimal 30 tahun. Memiliki STR Pengalaman minimal 2 tahun. Memiliki skill Bahasa Inggris yang baik (Written & Verbal) Dapat mengoperasikan Komputer (Ms.Office) Memiliki skill komunikasi yang baik. Terbiasa dengan media sosial Mampu bekerja dengan Tim maupun Individual. Berperilaku baik, Jujur, Rapi, dan Bertanggung Jawab. Deskripsi Pekerjaan Membantu dokter dalam memantau kondisi pasien atau customer, dan juga terlibat dalam perencanaan perawatan pasien, hingga memberi edukasi tentang manajemen penyakit dan perawatan.",2,0,"SMA, SMU/SMK/STM, Sertifikat Professional, D3 (Diploma), D4 (Diploma), Sarjana (S1)",,0,0,19/12/2022 11:41:42,https://www.jobstreet.co.id/id/job/perawat-4149786?jobId=jobstreet-id-job-4149786&sectionRank=29761&token=0~7e64d5f9-f73e-4562-841d-db97fbcb6143&fr=SRP%20Job%20Listing
https://jobindo.com/mobile/thumbnails/61942704.jpg,Finance Staff,PT. Indonesia International Trading,"Jakarta Barat, DKI Jakarta",0,0,,"Persyaratan 
 Usia Maksimum 35 tahun 
 Minimum Diploma Finance / Accounting / Perbankan 
 Pengalaman minimal 2 tahun 
 Memiliki pemahaman yang baik mengenai invoicing, journal, perpajakan 
 Mahir menggunakan MS. Excel & Ms. Word 
 Berkepribadian matang, jujur, tegas, teliti dan komunikatid 
 Bersedia ditempatkan di daerah Daan Mogot, Jakarta Barat",,"
 Deskripsi Pekerjaan
Melakukan pengelolaan keuangan perusahaan
Melakukan penginputan semua transaksi keuangan
Melakukan transaksi keuangan perusahaan
Melakukan pembayaran kepada suplierMelakukan penagihan kepada customer
Mengontrol aktivitas keuangan atau transaksi keuangan perusahaan
Membuat laporan mengenai aktivitas keuangan perusahaan
Melakukan verifikasi terhadap keabsahan dokumen yang diterima
Melakukan Evaluasi budget
Menyiapkan dokumen penagihan invoice atau kwitansi tagihan beserta kelengkapannya
Melakukan rekonsiliasi.

",2,5,Diploma 3 ,,0,0,01/01/1970 00:00:00,https://jobindo.com/Lowongan-Pekerjaan-finance-staff-47658.html
https://jobindo.com/mobile/thumbnails/83490616.jpg,Web Programmer,PT. LOKA CITRA MEDIA,"Jakarta Barat, DKI Jakarta",0,0,,"Persyaratan 
 Menguasai Bahasa Pemrogramman PHP, HTML, CSS, JS, & MySQL 
 Menguasai Framework Codeigniter & Bootstrap 
 Menguasai Wordpress & CMS lainnya nilai tambah 
 Memiliki Passion pada perkembangan Teknologi Website 
 Mampu bekerjasama dalam Tim maupun Individu",,"
 Deskripsi Pekerjaan
Pemrogramman Website

",0,0,Sarjana ,,0,0,25/09/2018 15:45:00,https://jobindo.com/Lowongan-Pekerjaan-web-programmer-38338.html
https://jobindo.com/mobile/thumbnails/88868354.jpg,IT,PT. ENDO Indonesia,"Surabaya, Jawa Timur",0,0,,"Persyaratan 
 Fresh Graduate Teknik Innformatika (IPK > 3.00) 
 Menguasai pemrograman mobile device (SQL, Java, JavaScript, HTML, PHP, C++/C#) 
 Menguasai Kotlin dan angular.js menjadi nilai tambah 
 Kooperatif, mampu bekerjasama dalam tim dan bekerja dengan deadline 
 Jujur dan disiplin",,"
 Deskripsi Pekerjaan
Merancang, mengimplementasi, serta mengembangkan aplikasi berbasis Mobile Device.

",0,0,Sarjana ,,0,0,24/11/2018 15:16:00,https://jobindo.com/Lowongan-Pekerjaan-it-40861.html
https://images.glints.com/unsafe/glints-dashboard.s3.amazonaws.com/company-logo/348f1f79c492a8debf6c35c08097f4ae.jpg,Digital Marketing,PT Peraga Nusantara Jaya Sakti,"Kemayoran, Jakarta",0,0,Penuh Waktu,"Marketing | Skills Optimistic and full of creative  Pro-active and able to work effe -Bachelor degree in Marketing, b Effective in time management and Must have knowledge in SEO, Adwo 1-2 years experience in digital  Fluent In English Both Oral And Written Familiar with e-marketing and on",,"Deskripsi pekerjaan Digital Marketing PT Peraga Nusantara Jaya Sakti 1. ‌Assist to develop and implement marketing strategies for brand awareness and customer generation across
2. ‌Help create mail pieces, taglines, web page content, social media content, online ads, email blast, 
3. ‌Identify fresh and interesting topics for digital content.
4. Analyse and improve website contents and SEO to plan for traffic and customer lead growth
5. Optimise and improve advertising campaigns using various analysis tools and dashboards to track Digital KPI’s to measure campaign performance. 
6. ‌Provide other digital content such as images and videos.
7. ‌Provide campaign analysis and reporting to understand the ROI of these programs and campaigns for optimization and continuous improvement in all marketing plan
8. ‌Knowledge of online media marketing, paid search, display advertising, google adword and other digital marketing channels 9. Produce detailed and accurate reports and competitor analysis for internal usage. Advising on the conversions, engagement of digital marketing initiatives and providing suggestions on improvement.",1,3,,IDR,5.000.000,7.000.000,01/01/1970 00:00:00,https://glints.com/id/opportunities/jobs/digital-marketing/86981c9a-1a9e-4153-9e38-e90ef54384d8
https://jobindo.com/mobile/thumbnails/23484674.jpg,Engineer,PT MARINDO JAYA SEJAHTERA,"Jakarta Selatan, DKI Jakarta",0,0,,"Persyaratan 
 Menguasai dasar thermodinamika 
 Memahami dasar kerja chiller electric dan absorbsi 
 Memahami prinsip kerja perpindahan kalor (heat exchanger) 
 Menguasai cara kerja distribusi pendingin ruangan 
 Diutamakan lulusan sarjana jurusan fisika teknik atau teknik mesin 
 Menguasai bahasa inggris (minimal pasif) 
 Menguasai microsoft office, auto cad dan visual basic 
 Dapat bekerja dalam team 
 Memiliki keinginan kuat untuk maju dan mau belajar otodidak",,,5,10,Sarjana ,,0,0,09/03/2020 11:55:00,https://jobindo.com/Lowongan-Pekerjaan-engineer-52982.html
https://jobindo.com/mobile/thumbnails/57922128.jpg,Staff Programmer Web,PT. Axano Peta Data,"Surabaya, Jawa Timur",0,0,,"Persyaratan 
 Menguasai PHP dan framework (Yii/Laravel/CI) 
 Bisa membuat/membaca JSON 
 Memiliki kemampuan logika yang baik 
 Pendidikan minimal D2 bidang pemrograman 
 Jujur, rajin, etos kerja tinggi, berintegritas.",,"
 Deskripsi Pekerjaan
Membuat web, API

",0,0,Diploma 3 ,,0,0,12/05/2018 13:07:00,https://jobindo.com/Lowongan-Pekerjaan-staff-programmer-web-33177.html
https://image-service-cdn.seek.com.au/22c518cf771bd8c74ba2f33ba23abd9204d9eda9/a868bcb8fbb284f4e8301904535744d488ea93c1,Finance - Accounting Staff,"PT Voksel Electric, Tbk.",Bogor,0,0,Penuh Waktu,"Akuntansi / Keuangan ,  Akuntansi Umum / Pembiayaan",Pegawai (non-manajemen & non-supervisor),"Job Qualification: Maximum 30 years old Minimal S1 Accounting / Economics / relevant Have experiences in operational finance & accounting, account payable, account receivable, billing, bank transaction, cost accounting. Preferably minimum 2 years experience in Manufacturing Company Able to operate microsoft office (word, excel, power point) Having good communication skills Able to work under pressure Can work in a team or individually Fast learner, detail oriented, honest, firm Can join ASAP Willing to be placed in Cileungsi Note: PT Voksel Electric Tbk. tidak memungut biaya apapun dan tidak bekerja sama dengan pihak travel manapun dalam proses rekrutmen posisi ini. Harap berhati-hati terhadap segala jenis penipuan yang mengatasnamakan PT Voksel Electric Tbk.",1,0,Sarjana (S1),,0,0,13/12/2022 07:54:09,https://www.jobstreet.co.id/id/job/finance-accounting-staff-4142460?jobId=jobstreet-id-job-4142460&sectionRank=25247&token=0~acc72366-e938-457a-a738-9ae239163c6b&fr=SRP%20Job%20Listing
https://image-service-cdn.seek.com.au/1145782a46b7773350ee85c2ae8d7c8d8c273f7e/ee4dce1061f3f616224767ad58cb2fc751b8d2dc,Asisten Infrastruktur,Karyamas Plantation,,501,1000,Penuh Waktu,"Bangunan/Konstruksi ,  Teknik Sipil/Konstruksi Bangunan",Pegawai (non-manajemen & non-supervisor),"Pendidikan Minimal S1 Teknik Sipil Memiliki pengalaman Minimal 2 tahun pada posisi yang sama dan dari Perusahaan perkebunan kelapa sawit. Mengetahui dan berpengalaman keseluruhan teknis mulai perencanaan, pengorganisasian, dan pelaksanaan kegiatan infrastruktur di Perkebunan Kelapa Sawit Mampun Mengoperasikan Program Auto CAD 2D, MS. Office Bersedia ditempatkan di Kalimantan Barat Pekerja Keras, produktif, bertanggung jawab Memiliki jiwa kepemimpinan dan mampu bekerja dalam team",2,0,Sarjana (S1),,0,0,26/12/2022 10:01:24,https://www.jobstreet.co.id/id/job/asisten-infrastruktur-4157346?jobId=jobstreet-id-job-4157346&sectionRank=16420&token=0~fe122074-871a-49f1-9c26-eeb32ffc40a8&fr=SRP%20Job%20Listing
https://images.glints.com/unsafe/glints-dashboard.s3.amazonaws.com/company-logo/7522d0bf65e655d36e3c357db22cc4aa.png,Sales Store,PT Prima Inovasindo Sukses,"Cengkareng, Jakarta",0,0,Penuh Waktu,Business Development / Sales | Skills B2c  Sales Sales Good Communication Skills,,"Deskripsi pekerjaan Sales Store PT Prima Inovasindo Sukses -melakukan penjualan kepada customer yang datang ke toko -melihat peluang repurchase dari customer -membuat laporan penjualan  -masuk 6 hari seminggu, libur hari weekday",1,3,,IDR,3.500.000,8.500.000,01/01/1970 00:00:00,https://glints.com/id/opportunities/jobs/sales-store/d4ff7d4e-bdbf-4ccb-96ba-c1b1da382789
https://images.glints.com/unsafe/glints-dashboard.s3.amazonaws.com/company-logo/4f1f282c33a24321f7aa0eba44e85225.png,Data Engineer,PT. Vlink Consulting Indonesia,Jakarta,0,0,Penuh Waktu,Data Science | Skills Nosql Big Data Apache Hadoop Big Data Analytics OLAP Cubes Python Programming Shell Scripting ETL Tools,,"Deskripsi pekerjaan Data Engineer PT. Vlink Consulting Indonesia Design, build and implement efficient, scalable and high performances data pipelines and workflows to process high volume of data into multiple tech e.g. Hadoop, NoSQL, OLAP cube, or traditional RDBMS. Documentation and knowledge transfer to customers as required. Design, test and execute and setup and migration plan at customer sites. Interfacing directly with customers, working with business users’ personnel and our consultants. Onsite/offsite support applications in various locations. Job Requirements: Minimum 4 years’ experience as Data engineer team leader or senior data engineer. Minimum 4 years working experience in data warehouse/ data lake / data pipeline building project involved in user requirement analysis, system analysis, development and system design including document preparation (such as functional specification, data mapping specification, etc.) Solid knowledge in various relational databases and SQL. Advanced knowledge in programming language Python and Shell script. Advanced knowledge in big data tools like Hadoop, Spark, Streaming, ETL. Familiar with cloud computing service like Azure. Experienced working with API, ETL pipelines, scheduled and event triggers. Good knowledge in Data Model design, Data Warehouse and/or data lake. Fluent both in spoken and written English is desirable. Able to work independently with minimum supervision. Able to perform in a demanding, changing and fast-paced environment. Good communication skills. Team player and team leader.",3,5,,IDR,10.000.000,20.000.000,01/01/1970 00:00:00,https://glints.com/id/opportunities/jobs/data-engineer/a80f2439-e6b8-4f2b-8e2b-fc9b37c2d38c
https://jobindo.com/mobile/thumbnails/466603020.jpg,Staff Administrasi Perbankan,PT. Mutualplus Global Resources,DKI Jakarta,0,0,,"Persyaratan 
 Pria/Wanita 
 Usia maks. 25 tahun 
 Pendidikan min. D3/S1 Semua Jurusan, IPK min. 2,75 
 Menguasai Ms. Excel 
 Berpenampilan menarik",,,0,0,Diploma 3 ,,0,0,16/09/2021 22:42:00,https://jobindo.com/Lowongan-Pekerjaan-staff-administrasi-perbankan-59287.html
https://jobindo.com/mobile/thumbnails/26930293.jpg,Customer Support (Sales Counter),PT. Arifindo Adiputra Ariaguna,"Jakarta Pusat, DKI Jakarta",0,0,,"Persyaratan 
 Pengalaman di posisi yang sama selama minimal 1 tahun 
 Memiliki kemampuan komunikasi yang baik 
 Customer oriented 
 Memiliki pengalaman menangani customer complain , Question & Processes 
 Mampu mengindentifikasi dan menganalisa dengan tepat sasaran atas keperluan konsumen 
 Bertanggung jawab, disiplin, dan bekerja under pressure 
 Bersedia Mobile 
 Mampu bekerja dibawah tekanan dan menyukai tantangan 
 Hari Kerja : Senin - Sabtu",,"
 Deskripsi Pekerjaan
Menangani pertanyaan calon konsumen atau keluhan konsumen via chat, social media, telepon, email
Menghubungi konsumen
Melakukan follow up atas konsumen
Memberikan informasi secara detail sesuai kebutuhan konsumen
Berkoordinasi dengan customer terkait proses pembayaran atau pelunasan
Menjalankan tugas sesuai SOP yang berlaku

",0,2,SLTA/Sederajat ,,0,0,09/12/2020 06:28:00,https://jobindo.com/Lowongan-Pekerjaan-customer-support-sales-56081.html
https://image-service-cdn.seek.com.au/adb86a218d8644b95560629cb64b581808148ef5/a868bcb8fbb284f4e8301904535744d488ea93c1,ERP Project Management,PT PolarisWeb (PointStar),,0,0,,,,,0,0,,IDR,25.000.000 , 30.000.000 ,26/12/2022 04:46:52,https://www.jobstreet.co.id/id/job/erp-project-management-4156615?jobId=jobstreet-id-job-4156615&sectionRank=18176&token=0~7aa67f57-44b9-44ba-bc4f-148ecbfa68b9&fr=SRP%20Job%20Listing
https://image-service-cdn.seek.com.au/60527d5e5e71292c623df611e7981f4ccdcf96fe/ee4dce1061f3f616224767ad58cb2fc751b8d2dc,Floor Supervisor Restaurant,PT Karunia Kuliner Indonesia (Restaurant Remboelan),Jakarta Raya,501,1000,Penuh Waktu,"Hotel/Restoran ,  Makanan/Minuman/Pelayanan Restoran",Supervisor/Koordinator,"Requirements: Maximum 30 Years Old Minimum D3/ S1 from Hospitality/ Tourism/ Hotel Management or Equivalent. At least have 3 years of working experience in the related field is required for this position. Have a good knowledge about F&B services. Strong will in training, coaching, counselling. Good leadership, analysis and problem solving. Process, result and services oriented. Dress neatly and charismatic. Honest, Good attitude, Good Initiative and dynamic. Good in managerial skills and communication. Fluent in English Excellent Ms. Office (Excel, Word & Power Point) Willing to work in  Jadetabek Wajib sudah vaksinasi Booster dengan sertifikat dari peduli lindungi.  Job Description: Achieve KPI’s Service Department and KPI’s Outlet. Responsible in outlet’s operational activities. Responsible for build, maintain and develop excellent service to Customers. Responsible for developing team and leaders talent Managing service team, collaborate with kitchen team and all of supporting divisions. Responsible for outlet’s operational reports. Responsible for store bussines performance report (daily and monthly) inculding sales, inventory, operations, service consistency.",2,0,"Sertifikat Professional, D3 (Diploma), D4 (Diploma), Sarjana (S1)",,0,0,13/12/2022 03:04:20,https://www.jobstreet.co.id/id/job/floor-supervisor-restaurant-4141672?jobId=jobstreet-id-job-4141672&sectionRank=27440&token=0~b4076e68-e844-4cf0-ad1d-b8b9f2b1501d&fr=SRP%20Job%20Listing
,Capster,Duarte Salon Ngawen,,0,0,,,,,0,0,,,0,0,19/12/2022 06:40:43,https://www.jobstreet.co.id/id/job/capster-4149032?jobId=jobstreet-id-job-4149032&sectionRank=30114&token=0~45d1ad53-0b16-4abe-8698-34e153f7f904&fr=SRP%20Job%20Listing
https://jobindo.com/mobile/thumbnails/77930603.jpg,Kepala Bagian Gudang,INTEGRAGROUP,"Tangerang, Banten",0,0,,"Persyaratan 
 Pria 
 Maksimal usia 35 tahun. 
 Pendidikan min D3 / S1 segala jurusan 
 Pengalaman min. 3 tahun menangani gudang 
 Paham Manejemen Gudang ( FIFO, LIFO )",,"
 Deskripsi Pekerjaan
Membuat perencanaan pengadaan barang dan distribusinya
Mengawasi dan mengontrol operasional gudang
Menjadi pemimpin bagi semua staff gudang
Mengawasi dan mengontrol semua barang yang masuk dan keluar sesuai dengan SOP
Melakukan pengecekan pada barang yang diterima sesuai SOP
Membuat perencanaan, pengawasan dan laporan pergudangan
Memastikan ketersediaan barang sesuai dengan kebutuhan
Mengawasi pekerjaan staff gudang lainnya agar sesuai dengan standar kerja
Memastikan aktivitas keluar masuk barang berjalan lancar
Melaporkan semua transaksi keluar masuk barang dari dan ke gudang

",2,5,Sarjana ,,0,0,01/01/1970 00:00:00,https://jobindo.com/Lowongan-Pekerjaan-kepala-bagian-gudang-46815.html
https://jobindo.com/mobile/thumbnails/64120761.jpg,Driver ( Sopir ),Pratama Prima Transport,"Jakarta Pusat, DKI Jakarta",0,0,,"Persyaratan 
 
 SKCK(tanggal, bulan & tahun yang masih berlaku) 
 
 
 
 Pria 
 Usia 21 - 30 Tahun 
 Mempunyai KTP (tanggal, bulan & tahun yang masih berlaku) 
 Mempunyai SIM A (tanggal, bulan & tahun yang masih berlaku) 
 Menguasai kendaraan mobil manual dan perawatanmesin 
 Menguasai medan jalan dan lokasi di Bogor, Puncak dan Bandung sekitarnya 
 Berpengalaman minimal 1 tahun 
 Siap bekerja fullday 
 Siap bekerja lembur / overtime 
 Bersedia bergabung secepatnya",,"
 Deskripsi Pekerjaan
Mengantarkan penumpangdari Bogor ke Bandung (Door to door) atau sebaliknya.
Mengantarkan paket barang customer dari Bogor ke Bandung atau sebaliknya.
Merawat dan menjaga kebersihan mobil

Benefit :

Gaji pokok
Tunjangan

Perusahaan tidak akan memungut biaya apapun dalam melakukan proses interview.
Segeralapor ke kami jika Anda diminta untuk melakukan pembayaran dengan sejumlah uang, pada saat diundang untuk interview.
",0,2,SLTP/Sederajat ,,0,0,01/01/1970 00:00:00,https://jobindo.com/Lowongan-Pekerjaan-driver-sopir-32037.html
https://jobindo.com/mobile/thumbnails/2938868.jpg,Promotor (Denpasar),Siprama Komunindo,"Denpasar, Bali",0,0,,"Persyaratan 
 Berpengalaman sebagai Promotor untuk produk Telekomunikasi 
 SMA sederajat 
 Pengalaman minimal 1 tahun sebagai promotor 
 Menguasai produk telekomunikasi/mobile phone 
 Pria/Wanita usia maksimal 35 tahun 
 Pendidikan minimal SMA 
 Berpengalaman sebagai promotor lebih diutamakan 
 Fresh Graduate ( welcome) 
 Fighter & Target Oriented 
 
 Benefit: 
 
 Gaji UMK 
 Tunjangan Transport 
 BPJS Kesehatan dan Tenaga Kerja 
 Bonus Insentif",,"
 Deskripsi Pekerjaan
Sebagai Promotor, pemasaran dan penjualan Produk Telekomunikasi/Mobile phone

",0,2,SLTA/Sederajat ,,0,0,27/01/2020 10:57:00,https://jobindo.com/Lowongan-Pekerjaan-promotor-denpasar-51787.html
https://jobindo.com/mobile/thumbnails/15222821.jpg,General Affair Supervisor,PT. Mitra Insan Sejahtera,"Jakarta Selatan, DKI Jakarta",0,0,,"Persyaratan 
 Max. 35 th. 
 Min S1 Segala Jurusan.",,"
 Deskripsi Pekerjaan
Menerima permintaan perbaikan yang bersifat teknis,
Memperbaiki serta membuat laporan setiap pelaksanaan perbaikan,
Memonitoring pelaksanaan pekerjaan sipil,
Membuat Laporan hasil pekerjaan
 ",2,5,Sarjana ,,0,0,01/01/1970 00:00:00,https://jobindo.com/Lowongan-Pekerjaan-general-affair-supervisor-34798.html
https://jobindo.com/mobile/thumbnails/48788100.jpg,Marketing,RS. Harapan Mulia,"Bekasi, Jawa Barat",0,0,,"Persyaratan Laki-laki / Perempuan 
 Komunikasi baik 
 Pengalaman min. 1 tahun sebagai marketing Rumah Sakit",,"
 Deskripsi Pekerjaan- ",2,5,SLTA/Sederajat ,,0,0,01/03/2021 18:20:00,https://jobindo.com/Lowongan-Pekerjaan-marketing-57248.html
https://image-service-cdn.seek.com.au/958d7162d09af0473eeb2153c34333b7910e1b3e/a868bcb8fbb284f4e8301904535744d488ea93c1,MANAGER FINANCE ACCOUNTING,PT Roda Maju Bahagia,Jawa Tengah,51,200,Penuh Waktu,"Akuntansi / Keuangan ,  Akuntansi Umum / Pembiayaan",Manajer/Asisten Manajer,Kualifikasi : 1. Minimum lulusan S1 Akuntansi/Management 2. Memiliki Pengalaman kerja di bidang Keuangan atau Kantor Akuntan Publik selama 4 Tahun 3. Memahami Standar Akuntansi Keuangan dan Perpajakan 4.Menguasai msoffice dan sistem Keuangan 5. Memiliki kemampuan analisa yg baik. Berorientasi pada hasil 6.Penempatan di Kendal untuk HO PT Cahaya Maju Bahagia (partner) Job Deskripsi: Bertanggung jawab atas pembuatan jurnal dan laporan keuangan Melakukan koordinasi dengan departemen lain untuk membuat budget tahunan Membuat proyeksi cashlow mingguan dan bulanan ke treasury Melakukan control kas perusahaan terutama hutang dan piutang Melakukan analisa keuangan Melakukan fungsi perpajakan Melakukan fungsi transaksi keuangan,4,0,,IDR,15.000.000 , 25.000.000 ,28/12/2022 07:37:44,https://www.jobstreet.co.id/id/job/manager-finance-accounting-4159800?jobId=jobstreet-id-job-4159800&sectionRank=15690&token=0~ef49f64d-e0fc-474f-83ee-23fc8dd8e55b&fr=SRP%20Job%20Listing
https://jobindo.com/mobile/thumbnails/466603020.jpg,Recruitment Officer,PT. Mutualplus Global Resources,DKI Jakarta,0,0,,"Persyaratan Kualifikasi: 
 
 Minimal S1 Psikologi dengan IPK Minimal 2.75 
 Maksimal Usia 28 Tahun 
 Mengetahui proses rekrutmen dari awal sampai akhir 
 Familiar dengan alat tes psikologi dan administrasinya 
 Diutamakan memiliki pengalaman dalam proses rekrutmen dan marketing minimal 1 tahun 
 Mampu membuat laporan psikologi 
 Memiliki kepribadian yang baik, komunikatif, menyukai detail 
 Tertib / rapih dan memiliki perencanaan yang baik 
 Mampu bekerjasama dengan klien dan kandidat 
 Penempatan Jakarta",,,0,2,Sarjana ,,0,0,29/03/2016 17:42:00,https://jobindo.com/Lowongan-Pekerjaan-recruitment-officer-1968.html
https://jobindo.com/mobile/thumbnails/94277278.jpg,Surveyor,Valdo Sumber Daya Mandiri,"Jakarta Barat, DKI Jakarta",0,0,,"Persyaratan 
 Pria min usia 40 Tahun 
 Min pendidikan SMA 
 Memiliki kendaraan Motor Dan SIM C 
 Menguasai area jakarta",,"
 Deskripsi Pekerjaan
Melakukan kunjungan ke rumah / kantor customer untuk melakukan survey kelayakan data yang di berikan

",0,2,SLTA/Sederajat ,,0,0,24/05/2017 13:30:00,https://jobindo.com/Lowongan-Pekerjaan-surveyor-20062.html
https://image-service-cdn.seek.com.au/fae2ce1b6d0ae4887534ebe558cfffa348984bf8/a868bcb8fbb284f4e8301904535744d488ea93c1,Team Leader Tegal,PT Transcosmos Indonesia,Tegal,501,1000,Penuh Waktu,"Penjualan / Pemasaran ,  Penjualan Ritel",Pegawai (non-manajemen & non-supervisor),"Job desk : 1. Monitoring Performance team and floor 2. Development Agent 3. Prepare daily & Weekly report 4. Mentoring Agent Requirement : ·Bachelor Degree / Diploma in any discipline. ·Significant experience in a complex fast paced environment. ·Strategic thinker with strong analytical and creative problem-solving skills. ·Passion for ensuring an excellent user experience. ·Having experience managing team (preferable having a job experience as team leader call center). ·Have good leadership skills and motivation skills. ·Able to create an environment oriented to trust, open communication, creative thinking and cohesive team effort. ·Able to coach and help develop team members. ·With good oral and written communication skills. · Experience with same position min 1 year",1,0,,,0,0,13/12/2022 04:55:18,https://www.jobstreet.co.id/id/job/team-leader-tegal-4142017?jobId=jobstreet-id-job-4142017&sectionRank=26554&token=0~7035ed76-6dab-4ed9-bf05-3e836f3cebc2&fr=SRP%20Job%20Listing
https://images.glints.com/unsafe/glints-dashboard.s3.amazonaws.com/company-logo/b10c8cbb8710c0d6bd577b686d6a8d6e.png,Life Guard Outdoor Recreation Area,Eastparc Hotel Yogyakarta,Yogyakarta,0,0,Penuh Waktu,Hospitality and Travel | Skills Problem Solving Good Communication Skills Time Management,,"Deskripsi pekerjaan Life Guard Outdoor Recreation Area Eastparc Hotel Yogyakarta Life Guard Outdoor Recreation Area -  Overseeing activities at an aquatic facility.
-  Assisting with swimming lessons.
-  Explaining and enforcing rules, regulations, and policies to ensure the safety of patrons.
-  Monitoring designated areas to recognize signs of danger.
-  Warning swimmers regarding unsafe situations.
-  Maintaining order in swimming areas.
-  Responding to emergencies and rescuing swimmers in danger of drowning.
-  Performing first aid procedures.
-  Maintaining cleanliness and orderliness of all areas.
-  Maintaining records and reports.",0,1,,,0,0,01/01/1970 00:00:00,https://glints.com/id/opportunities/jobs/life-guard-outdoor-recreation-area/7c1ea2aa-af07-40fc-ab77-bec3fffcbca8
https://jobindo.com/mobile/thumbnails/22344475.jpg,Staff Administrasi Operasional,PT. Tan Senanatha Sejati,DKI Jakarta,0,0,,"Persyaratan 
 Pendidikan minimal SLTA/sederajat 
 Jujur, teliti, rapi, dan disiplin. 
 Dapat bekerja sama dengan team maupun bekerja mandiri. 
 Memiliki kemampuan interpersonal & komunikasi yang baik. 
 Bisa menggunakan internet dan MS Office.",,"
 Deskripsi Pekerjaan
Memonitor armada dan memberikan laporan berkala
Membuat dan memonitor dokumen- terkait siklus dan kebutuhan project project
Menyimpan/mengarsipkan sertifikat dan database dengan baik
Menerbitkan tagihan dan faktur pajak dan memastikan proses penagihan terealisasi dengan baik
Melakukan transaksi keuangan berikut juga dengan pencatatan transaksi keuangan
Memastikan hubungan koordinasi kerja yang baik dengan team operasional lapangan, customer, dan vendor

",0,2,SLTA/Sederajat ,,0,0,01/01/1970 00:00:00,https://jobindo.com/Lowongan-Pekerjaan-staff-administrasi-operasional-47636.html
https://jobindo.com/mobile/thumbnails/15222821.jpg,Packer (Bekasi),PT. Mitra Insan Sejahtera,"Jakarta Selatan, DKI Jakarta",0,0,,"Persyaratan 
 Wanita. Max 26 tahun 
 Pendidikan min SMA Segala Jurusan 
 Diutamakan domisili bekasi",,"
 Deskripsi Pekerjaan
Melakukan packing sesuai standar yang telah ditentukan,
Memastikan produk telah dipacking sesuai standar yang telah ditentukan
 ",0,2,SLTA/Sederajat ,,0,0,01/01/1970 00:00:00,https://jobindo.com/Lowongan-Pekerjaan-packer-bekasi-36790.html
https://jobindo.com/mobile/thumbnails/20008286.jpg,Management Trainee Sales Manager,PT Mitra Solusi Jakarta,"Jakarta Selatan, DKI Jakarta",0,0,,"Persyaratan 
 Usia maksimal 40 tahun. 
 Pendidikan minimal S1 (Management, Pemasaran, Akuntansi). 
 Memiliki pengalaman dibidangnya. 
 Mampu bekerja secara cepat, teliti, tepat waktu, dan konsisten. 
 Memiliki ketertarikan terhadap penjualan & target. 
 Memiliki kemampuan komunikasi, persuasi dan negosiasi yang baik. 
 Memiliki kemampuan interpersonal yang baik, kepemimpinan yang kuat dan kemampuan manajerial.",,"
 Deskripsi Pekerjaan
Memasarkan produk untuk mencapai target yang telah ditentukan.
Memberikan saran profesional kepada klien dan memahami kebutuhan finansial mereka.
Melakukan pencarian calon pelanggan, yaitu proses mencari klien baru.
Menguasai product knowledge.
Memberikan laporan mengenai aktifitas competitor.
Menjalin hubungan yang baik dengan customer.
Membuat laporan harian, mingguan maupun bulanan.

",0,2,Sarjana ,,0,0,05/04/2018 11:24:00,https://jobindo.com/Lowongan-Pekerjaan-management-trainee-sales-31870.html
https://jobindo.com/mobile/thumbnails/21238663.jpg,Driver,PT BERDIKARI INDO SUPER GROSIR,"Sukabumi, Jawa Barat",0,0,,"Persyaratan 
 Pria maksimal 40 Tahun 
 Pendidikan minimal SMA/Sederajat 
 Mempunyai SIM B1 
 Pengalaman Minimal 1 Tahun 
 Dapat bekerja dibawah tekanan 
 Jujur, Teliti, dan Disiplin",,"
 Deskripsi Pekerjaan
Mengirim barang tepat waktu
Memastikan barang yang diterima oleh konsumen atau pelanggan dalam keadaan baik dan tidak rusak
Mengecek terlebih dahulu barang yang akan dikirimkan kepada konsumen agar terjadi kesalahan pengiriman barang
Membantu mengecek dan mengemasi barang agar layak antar dan tidak rusak
Menjaga hubungan baik dengan pelanggan
Membuat laporan harian mengenai barang yang terkirim dan diterima konsumen
Mengambil barang atau dokumen dari konsumen

",0,2,SLTA/Sederajat ,,0,0,01/01/1970 00:00:00,https://jobindo.com/Lowongan-Pekerjaan-driver-33226.html
https://images.glints.com/unsafe/glints-dashboard.s3.amazonaws.com/company-logo/358e7b474f24f5b4984a432f2c0a3a01.png,Helper Procurement,PT. Nugraha Suci Indoretail,Bandung,0,0,Penuh Waktu,Operations | Skills Procurement Warehouse And Logistic Management Purchasing,,"Deskripsi pekerjaan Helper Procurement PT. Nugraha Suci Indoretail Kualifikasi : - Pria - Usia maksimal 25 Tahun - Pendidikan minimal SMA/SMK Sederajat - Berpengalaman dibidang purchasing/gudang Memiliki kemampuan bernegosiasi Mampu mengoperasikan komputer khususnya Ms. Excel Memiliki SIM A dan C aktiv menjadi nilai plus Memiliki etika dan perilaku yg baik Penempatan Cicadas, Kota Bandung",1,3,,IDR,1.500.000,2.000.000,01/01/1970 00:00:00,https://glints.com/id/opportunities/jobs/helper-procurement/ead28bcf-22cd-43f4-ab04-3bf2192688a8
https://jobindo.com/mobile/thumbnails/15222821.jpg,Regional Manager,PT. Mitra Insan Sejahtera,Seluruh Indonesia,0,0,,"Persyaratan 
 Pria. 
 Max 41 th. 
 Min. S1 Segala Jurusan. 
 Lokasi Penempatan Banjarmasin, Samarinda, Denpasar",,"
 Deskripsi Pekerjaan
Memastikan outlet2 dideptnya mencapai target sales bulanan supaya bisa capai Growth24 bulanan yg diharapkan
Berkoordinasi dengan semua dept di HO untuk membantu kelancaran operasional outlet yg diluar wewenang store manager dan area manager
 ",5,10,Sarjana ,,0,0,26/11/2018 12:05:00,https://jobindo.com/Lowongan-Pekerjaan-regional-manager-40914.html
,TENTOR,RUMAH BELAJAR MADANI,Kota Banda Aceh,0,0,Penuh Waktu,"Pendidikan/Pelatihan ,  Pendidikan",Pegawai (non-manajemen & non-supervisor),Kualifikasi Pekerjaan S1 pendidikan Mahasiswa sem. akhir di perbolehkan Usia max. 27 tahun Memiliki pengalaman mengajar Menyukai anak anak Memiliki kendaraan pribadi Deskripsi pekerjaan Membantu siswa dalam memahami materi pelajaran yang diajarkan Memberikan pengajaran di kelas Mendampingi siswa dalam melakukan praktikum (beberapa mata pelajaran) Membantu siswa memecahkan soal-soal sulit yang didapatkan dari sekolah,0,0,"SMA, SMU/SMK/STM, Sertifikat Professional, D3 (Diploma), D4 (Diploma)",,0,0,13/12/2022 04:00:16,https://www.jobstreet.co.id/id/job/tentor-4141845?jobId=jobstreet-id-job-4141845&sectionRank=31077&token=0~b1e96a3a-797d-4c7f-9adc-7b17e2591665&fr=SRP%20Job%20Listing
https://jobindo.com/mobile/thumbnails/38954760.jpg,Management Development Program,PT Mega Central Finance,"Jakarta Barat, DKI Jakarta",0,0,,"Persyaratan 
 Usia Maksimal 27 Tahun 
 Pendidikan Minimal S1 Semua Jurusan Dengan Ipk Min 3.00 
 Mempunyai Sim C 
 Belum Menikah 
 Bersedia Ikatan Dinas Selama 2 Tahun 
 Bersedia Mengikuti Proses Seleksi Dan Training Di Jakarta 
 Bersedia Ditempatkan Di Seluruh Cabang Macf",,"
 Deskripsi Pekerjaan
Menjalani Masa Training Selama 9 Bulan Di Kantor Pusat Mcf Dan Cabang
Membuat Presentasi Hasil Training
Dipersiapkan Untuk Menjadi Marketing Head, Credit Analyst Head Dan Kepala Cabang Mcf

",0,0,Sarjana ,,0,0,27/12/2017 15:32:00,https://jobindo.com/Lowongan-Pekerjaan-management-development-program-28070.html
,Marketing,Black Champ Cafe,Jakarta Selatan,0,0,Penuh Waktu,"Penjualan / Pemasaran ,  Pemasaran/Pengembangan Bisnis",Pegawai (non-manajemen & non-supervisor),"Persyaratan : Energik usia maksimal 35th. Pendidikan SMA atau sederajat. Berpengalaman di bidangnya minimal 3th. Memiliki kemampuan komunikasi yang baik. Berpenampilan menarik. Jujur dan pekerja keras. Sales target oriented Kendaraan pribadi Lokasi penempatan kerja di Tebet Jakarta Selatan. Mahir menggunakan Sosmed ( IG,FB,Tiktok, Dll) Jobdesk: Memastikan target tercapai Memantau dan maintain customer lama dan baru Menambah jumlah pengunjung dan resevasi Benefit: Uang Transport dan operasional Uang Lembur Bonus dari target penjualan",1,0,,IDR,6.000.000 , 9.000.000 ,23/12/2022 05:16:15,https://www.jobstreet.co.id/id/job/marketing-4154945?jobId=jobstreet-id-job-4154945&sectionRank=24339&token=0~a4a97ca9-9677-4962-b737-d78c25b9441c&fr=SRP%20Job%20Listing
https://images.glints.com/unsafe/glints-dashboard.s3.amazonaws.com/company-logo/629291b32faaf9d0953ac90841003284.png,IT Infrastructure Engineer,PT Indopasifik Teknologi Medika Indonesia,Jakarta,0,0,Penuh Waktu,Software Engineering | Skills Jenkins Kubernetes Phyton System Administration Aws Cloud Services,,"Deskripsi pekerjaan IT Infrastructure Engineer PT Indopasifik Teknologi Medika Indonesia Support automated build, configuration , and deployment processes Provide debugging and troubleshooting assistance to application development teams. Manage development of continues integration and deployment solutions for production. Will be in charge of design, scalability, and optimizing system Qualifications 3+ years experience like a role infrastructure / devops / sysadmin / system engineer Experience with bash, python. Experience with AWS (EC2, S3, ELB, VPC, etc). Experience with like Mysql, Postgres, Redis, RabbitMQ. Experience with monitoring like ELK, zabbix, New Relic, CloudWatch. Experience with automated configuration management tools like ansible. Experience with CI/CD tools like Jenkins and Travis. Familiarity like a tools Terraform is a plus. Familiarity with containerization, including docker and kubernetes is a plus. Understanding and efficiency in collabaroration. Open communication and reaching functional borders.",3,5,,IDR,10.000.000,18.000.000,01/01/1970 00:00:00,https://glints.com/id/opportunities/jobs/it-infrastructure-engineer/c2d73c9f-1b60-4967-a628-4a35c778a692
https://karir-production.nos.jkt-1.neo.id/logos/54/1134954/Logo_SMS.JPG,Sales Officer,PT Sejahtera Mitra Solusi,Bekasi - Bekasi,0,0,,"Persyaratan Pengalaman di perusahaan pembiayaan min 1 Tahun
 Pendidikan minimal D3
 Pria/Wanita usia 21 - 35 tahun
 Integritas tinggi & pantang menyerah
 Orientasi targer dan memiliki jiwa sales marketing
 Memiliki motor dan sim c yang masih aktif
 Bersedia bekerja di lapangan
 Penempatan di seluruh Kantor Adira Finance Area JABODETABEK Serang
",Pemula / Staf,"Tanggung Jawab Melaksanakan sales, survey, dan membangun relasi dengan Dealer",1,0,"Diploma, Sarjana/S1",,0,0,11/11/2022 11:33:02,https://www.karir.com/opportunities/1353749
https://jobindo.com/mobile/thumbnails/73756401.jpg,Finance & Accounting Staff,PT. Filolindo Gracia,"Jakarta Timur, DKI Jakarta",0,0,,"Persyaratan 
 Pria/Wanita 
 Pendidikan min. D3/S1 Akuntansi 
 Baru lulus/berpengalaman 
 Terbiasa dengan rekonsiliasi bank 
 Jujur, teliti 
 Bekerja dengan dead line",,,0,2,Sarjana ,,0,0,22/11/2017 14:01:00,https://jobindo.com/Lowongan-Pekerjaan-finance-accounting-staff-26738.html
https://jobindo.com/mobile/thumbnails/60654842.jpg,Teknisi Utility,PT. Fresh Food Indonesia,"Jakarta Timur, DKI Jakarta",0,0,,"Persyaratan 
 Maksimal 35 tahun 
 Pendidikan minimal SMK/STM Teknik Elektro (diutamakan) 
 Memiliki pengalaman minimal 1 Tahun dibidang Manufaktur 
 Mengusai Utility 
 Menguasai instalasi listrik 
 Menguasai instalasi air bersih dan kotor 
 diutamakan team work dan bertanggung jawab 
 Sistem kerja shif 
 Lokasi : Cakung Ujung menteng",,"
 Deskripsi Pekerjaan
instalasi listrik
control panel panel
Utility, Boller, compresor
Instalasi air bersih dan kotor
preventive machine & utility

",0,2,SLTA/Sederajat ,,0,0,02/05/2017 16:06:00,https://jobindo.com/Lowongan-Pekerjaan-teknisi-utility-19263.html
https://jobindo.com/mobile/thumbnails/99013405.jpg,Accountant (PT DOKMA NAMURA),PT. NASARI INDONESIA,"Jakarta Timur, DKI Jakarta",0,0,,"Persyaratan 
 Perempuan min. 25 tahun maks. 35 tahun 
 Pendidikan min.D3 Akuntansi/ S1 Akuntansi 
 Pengalaman kerja min. 1 tahun 
 Memiliki NPWP 
 Jujur, Disiplin, Teliti 
 Loyalitas tinggi 
 Tahan terhadap tekanan",,"
 Deskripsi Pekerjaan
Membuat laporan harian kas / bank.
Membuat laporan proyeksi dan realisasi cashflow.
Mengkoordinasikan dan menyiapkan pelaksanaan kegiatan pembuatan tagihan, tabel pembayaran client, mendata transaksi pembayaran dalam ABA, dan faktur pajak.
Menyiapkan data rekapan transaksi pembayaran dan laporan jurnal akuntansi per harian,mingguan,bulanan.
Membuat Rasio Keuangan seperti: Sovabilitas Keuangan BOPO, ROA, ROI per evaluasi Semester maupun 1 Tahun.
Membuat Rencana Kerja Anggaran perusahaan dalam 1 Tahun ( RKA).
Menginput Data Akuntasi per bulanan ke Sistem Akuntansi.
Mengerjakan administrasi, filling, data entry, dan hal-hal lainnya yang berkaitan dibidangnya.

",2,5,Diploma 3 ,,0,0,19/12/2016 16:09:00,https://jobindo.com/Lowongan-Pekerjaan-accountant-pt-dokma-13549.html
https://jobindo.com/mobile/thumbnails/79332215.jpg,Kurir Motor,PT.Altron Technology,"Jakarta Barat, DKI Jakarta",0,0,,"Persyaratan 
 Pria ( Usia Maksimal 40 Tahun ). 
 Minimal Lulusan SLTA ( Berijazah ). 
 Memiliki SIM C dan Kendaraan Motor. 
 Siap Bekerja Secepatnya. 
 Jujur dan Bertanggung Jawab. 
 Pengalaman di Bidangnya. 
 Memahami Wilayah Jakarta. 
 Dapat Bekerja Secara Team Maupun Individu.",,"
 Deskripsi Pekerjaan
Melakukan Tugas Pengiriman Barang.
Melaksanakan Tugas Dari Atasan.

",0,2,SLTA/Sederajat ,,0,0,26/09/2017 10:47:00,https://jobindo.com/Lowongan-Pekerjaan-kurir-motor-22528.html
https://jobindo.com/mobile/thumbnails/464703314.jpg,Staff Purchasing,Rotary Bintaro,"Jakarta Selatan, DKI Jakarta",0,0,,"Persyaratan 
 Pria/Wanita usia maksimal 35 tahun 
 Pendidikan minimal SMK/SMU 
 Pengalaman min. 1 tahun di bidang Purchasing Sparepart Mobil 
 Dapat mengoperasikan komputer 
 Cekatan, Teliti, Inisiatif Tinggi dan Bertanggung jawab 
 Memiliki kemampuan administrasi, komunikasi dan negosiasi yang baik 
 Dapat bekerja sesuai deadline 
 Penempatan Petukangan Utara -Jakarta Selatan",,,0,2,SLTA/Sederajat ,,0,0,21/11/2017 13:43:00,https://jobindo.com/Lowongan-Pekerjaan-staff-purchasing-26683.html
https://jobindo.com/mobile/thumbnails/50961660.jpg,SPG,PT Mandar Indonesia,"Jakarta Pusat, DKI Jakarta",0,0,,"Persyaratan 
 Wanita maksimal 25 tahun 
 Tinggi minimal 158cm (proposional) 
 Pendidikan minimal SMA/sederajat 
 Penampilan menarik dan komunikatif 
 Pengalaman sebagai sales retail 
 Pengalaman di departement store 
 Target Oriented",,"
 Deskripsi Pekerjaan
Memasarkan produk jam tangan semaksimal mungkin

",0,2,SLTA/Sederajat ,,0,0,14/02/2017 16:39:00,https://jobindo.com/Lowongan-Pekerjaan-spg-16391.html
https://jobindo.com/mobile/thumbnails/82288709.jpg,Technical Support,PT. SENALAPAN PERKASA INDONESIA,"Bekasi, Jawa Barat",0,0,,"Persyaratan 
 Laki-laki/Perempuan 
 Usia Max. 33th 
 Min SMK atau D3/S1 
 Mahir menggambar dengan Autocad atau software lainnya 
 Pengalaman desain mesin, conveyor, pneumatic, automation, dll 
 Mengerti standar part mekanik dan sensor2 electric",,,0,2,SLTA/Sederajat ,,0,0,05/01/2019 12:05:00,https://jobindo.com/Lowongan-Pekerjaan-technical-support-41949.html
https://images.glints.com/unsafe/glints-dashboard.s3.amazonaws.com/company-logo/03bc744dfdf0cd116eea5f3b64f40838.png,Contect Creator,CV Budi Jaya Sentosa,Sidoarjo,0,0,Penuh Waktu,Design | Skills Desain Grafis Berkomunikasi Dengan Baik Video Editor Semangat dan Kreatif Kreatif Dan Inovatif Desain Web,,"Deskripsi pekerjaan Contect Creator CV Budi Jaya Sentosa – Wanita/Pria max. 30 tahun – Pendidikan min. SMK/D1/S1 – Diutamakan yang berpengalaman min. 1 tahun – Menguasai Software (Photoshop, Ilustrator, Corel Draw dll) – Memiliki Taste Of Design yang baik – Terbiasa mengoperasikan berbagai platform sosial media & mampu membuat konten untuk kebutuhan sosial media – Memiliki ketertarikan & memahami seluk-beuk strategi promosi – Kreatif, Inovatif dan beomurdedikasi tinggi – Memiliki ketrampilan komnikasi & team work yang baik – Mempunyai komitmen tinggi pada tugas dan tanggung jawab - Memperhatikan hal-hal detail dan sistematis - Mampu edit photo dan video",1,3,,IDR,3.000.000,4.000.000,01/01/1970 00:00:00,https://glints.com/id/opportunities/jobs/contect-creator/9e2557d2-bc46-497b-9244-0517c9c20f54
https://jobindo.com/mobile/thumbnails/97641362.jpg,Sales Engineer (Technical Account Manager),PT. ELMECON MULTIKENCANA,"Jakarta Barat, DKI Jakarta",0,0,,"Persyaratan 
 Diwajibkan punya pengalaman sales 
 Punya dasar pendidikan di bidang teknis 
 Tahan banting dan siap menghadapi penolakan dan stres setiap hari 
 Yang tidak punya mentality pejuang harap tidak apply 
 Punya kendaraan pribadi 
 Candidates who do not have basic knowledge of automation, electrical or marketing will not be processed",,"
 Deskripsi Pekerjaan
Mampu mencapai target perusahaan dengan cara apapun
Mampu closing leads dengan conversion rate 30%
Membangun relasi dengan kustomer

",0,2,SLTA/Sederajat ,,0,0,24/01/2018 13:18:00,https://jobindo.com/Lowongan-Pekerjaan-sales-engineer-technical-29147.html
https://jobindo.com/mobile/thumbnails/15222821.jpg,Marketing Service Staff,PT. Mitra Insan Sejahtera,"Jakarta Selatan, DKI Jakarta",0,0,,"Persyaratan 
 Max 26 th. 
 Min S1 Segala Jurusan.",,"
 Deskripsi Pekerjaan
Membantu tugas administratif Marketing,
Mendistribusikan dokumen atau materi promosi bagi Marketing,
Melakukan pencatatan dokumen masuk ataupun keluar.
 ",0,0,Sarjana ,,0,0,05/01/2018 14:28:00,https://jobindo.com/Lowongan-Pekerjaan-marketing-service-staff-28382.html
https://jobindo.com/mobile/thumbnails/45335022.jpg,Accounting Client Suport (Asistent Manager),PT. HARDA ESA RAKSA,"Jakarta Selatan, DKI Jakarta",0,0,,"Persyaratan 
 
 
 Pria / Wanita 
 Usia 25 s/d 30 tahun 
 Pendidikan S1 Accounting 
 English Aktif (Fluent) 
 Good Looking 
 Multitasking 
 Diutamakan memiliki pengalaman selama 5 tahun di bidang akuntansi, keuangan atau entitas komersial. 
 Memiliki kemampuan megoprasikan MYOB Premier (Mahir), 
 Memiliki ketelitian yang tinggi",,"
 Deskripsi Pekerjaan
Mengerjakan laporan keuangan menggunakan MYOB Premier atau paket akuntansi yang sama.
Dalam mengerjakan segala hal memiliki perhatian yang tinggi terhadap detail memastikan akurasi di semua bidang
Terutama harus fluent dalam berbahasa inggris baik lisan maupun tulisan.
",2,5,Sarjana ,,0,0,01/01/1970 00:00:00,https://jobindo.com/Lowongan-Pekerjaan-accounting-client-suport-9533.html
https://jobindo.com/mobile/thumbnails/430080000.jpg,HRD,Wahana Data,"Surabaya, Jawa Timur",0,0,,"Persyaratan 
 Pria (DIUTAMAKAN) usia min. 24th dan max. 35th, Pengalaman min. 1th 
 BELUM MENIKAH dan Pendidikan minimal D3/S1 Manajemen SDM / Hukum 
 Beragama Nasrani 
 Mampu berkomunikasi dengan baik, Supel, Semangat kerja tinggi 
 Bisa bekerja individu maupun team 
 Paham tentang Kepegawaian / personalia, rekrut karyawan, ketenagakerjaan, BPJS 
 Serius kerja dan mobile untuk survei 
 Punya kendaraan sendiri, SIM. C 
 Penempatan kerja di Surabaya dan lebih prioritas dari Surabaya, Sidoarjo, Gresik 
 Calon kandidat dari Luar Surabaya siap wawancara di Surabaya 
 Perusahaan tidak menyediakan mess bagi kandidat dari Luar Surabaya 
 Hari kerja : Senin-Jumat (SABTU LIBUR)",,"
 Deskripsi Pekerjaan
Melakukan rekrut karyawan baru sesuai dengan kebutuhan perusahaan
Membuat PKWT setelah proses seleksi karyawan
Melakukan pengecekan absensi setiap ahri
Melakukan rekap absensi setiap bulan untuk penggajian karyawan
Melakukan pendaftaran BPJS Kesehatan
Menjaga keharmonisan karyawan di kantor
Melakukan pemantauan kerja terhadap OB
Melakukan survei untuk calon karyawan
 ",0,2,Diploma 3 ,,0,0,07/12/2016 15:12:00,https://jobindo.com/Lowongan-Pekerjaan-hrd-13085.html
https://image-service-cdn.seek.com.au/d67b868203390cb0c13a7bc86b591aa6431c0355/a868bcb8fbb284f4e8301904535744d488ea93c1,Admin Staff,PT. Sun Logistics,Jakarta Utara,1,50,Penuh Waktu,"Sumber Daya Manusia/Personalia ,  Staf / Administrasi umum",Pegawai (non-manajemen & non-supervisor),"Qualifications : Min SMA/SMK graduate Minimum 1 year experience Maximum age 35 years Intermediate to advanced skill in Microsoft Office Able to work in teams or individual Good communication in English. Preferably domiciled in North Jakarta - Kelapa Gading Have been vaccinated at least the 3rd vaccine (Booster) Job desk : filling document Drafting document Inputting data Monitoring, Checking Carry out administrative processes",1,0,"SMA, SMU/SMK/STM",IDR,3.000.000 , 5.000.000 ,28/12/2022 10:23:47,https://www.jobstreet.co.id/id/job/admin-staff-4160201?jobId=jobstreet-id-job-4160201&sectionRank=8269&token=0~4fb702a2-b69b-4605-9d81-a0be4e4d357e&fr=SRP%20Job%20Listing
,Kasir,Rafenchi fashion,Bogor,0,0,Penuh Waktu,"Penjualan / Pemasaran ,  Penjualan Ritel",,Kualifikasi Pekerjaan : - Bisa menggunakan mesin kasir - Berpengalaman 1 tahun dibidangnya - Domisili sekitar Bogor - Jujur dan bertanggung jawab Dekripsi Pekerjaan : - Melayani pembayaran pelanggan - Membuat report keuangan - Membuat report stock - Menyetor keuangan setiap Minggu - Menjaga keamanan barang/uang agar tdk hilang,1,0,"SMA, SMU/SMK/STM",,0,0,09/12/2022 02:42:03,https://www.jobstreet.co.id/id/job/kasir-4137851?jobId=jobstreet-id-job-4137851&sectionRank=31557&token=0~419b0a03-9e0e-4e2f-a1f6-1a2a15aa0991&fr=SRP%20Job%20Listing
https://jobindo.com/mobile/thumbnails/85429513.jpg,Senior Data Engineer,PT. Anugerah Wijaya Raga,"Surabaya, Jawa Timur",0,0,,"Persyaratan 
 Design, develop, optimize, and maintain data architecture and pipelines that adhere to ETL principles and business goals 
 Solve complex data problems to deliver insights that helps the organization’s business to achieve their goals 
 Create data products for analytics and data scientist team members to improve their productivity 
 Advise, consult, mentor and coach other data and analytic professionals on data standards and practices 
 Foster a culture of sharing, re-use, design for scale stability, and operational efficiency of data and analytical solutions. 
 Develop and deliver communication and education plans on analytic data engineering capabilities, standard and processes 
 Learn and develop new processes to improve reporting tools and systems 
 Good communication and interpersonal skills",,"
 Deskripsi Pekerjaan
Develop, construct, test and maintain data architectures
Align data architecture with business requirements
Develop data set processes
Identify ways to improve data reliability, efficiency and quality
Prepare data for predictive and prescriptive modeling
Find hidden patterns using data
Use data to discover tasks that can be automated
 ",5,10,SLTA/Sederajat ,,0,0,05/04/2021 13:58:00,https://jobindo.com/Lowongan-Pekerjaan-senior-data-engineer-57633.html
https://image-service-cdn.seek.com.au/bfb6b7b7312cc3738df609d9aae584dc44e5b478/ee4dce1061f3f616224767ad58cb2fc751b8d2dc,Dokter Umum,PT Bundamedik Tbk,,0,0,,,,,0,0,,,0,0,27/12/2022 20:00:38,https://www.jobstreet.co.id/id/job/dokter-umum-4140626?jobId=jobstreet-id-job-4140626&sectionRank=18628&token=0~dc43831d-e019-4b80-bd2a-55f00ba24db0&fr=SRP%20Job%20Listing
https://jobindo.com/mobile/thumbnails/73055090.jpg,Account Executive,Go Online Solusi,"Jakarta Barat, DKI Jakarta",0,0,,"Persyaratan 
 Male/Female, Max 30 years old. 
 Degree / Diploma in IT background or related field 
 Proficiency in English and Indonesian, both oral and written. 
 Good communication skills. 
 Strong analysis skills and logical thinking. 
 Client satisfaction oriented. 
 Able to handle multiple priorities, face challenges, and work under pressure. 
 Fresh college graduates are welcome to apply.",,"
 Deskripsi Pekerjaan
Identifying client’s problem and gather the requirements.
Analyze best solution for clients.
Write a powerful project proposal based on your analysis, and present the proposal to close the deal.
Reporting to client at all stages of the project.
Archiving project documentations.
Ensure client satisfaction across all projects for which you are responsible.

",0,2,Sarjana ,,0,0,08/02/2018 14:13:00,https://jobindo.com/Lowongan-Pekerjaan-account-executive-29776.html
https://image-service-cdn.seek.com.au/1a5979658605106c80c4b727bf4f83ac63b8a797/a868bcb8fbb284f4e8301904535744d488ea93c1,Senior Business Development,PT Akulaku Silvrr Indonesia,Jakarta Pusat,501,1000,,,,,0,0,,,0,0,15/12/2022 11:28:56,https://www.jobstreet.co.id/id/job/senior-business-development-4146418?jobId=jobstreet-id-job-4146418&sectionRank=26629&token=0~349f7447-6070-498e-bab6-f7c8512a6350&fr=SRP%20Job%20Listing
https://jobindo.com/mobile/thumbnails/7104988.jpg,Drafter (Architect / Interior Design),Earth Lines Architects,Bali,0,0,,"Persyaratan General skills: 
 
 Proven work as a drafter or similar role 
 Excellent technical drawing skills 
 Hands-on experience with 2D CAD software (AutoCAD) 
 Familiarity with 3D Modelling tools (SketchUp) 
 Knowledge in creating complete documentation drawing from Plans, Elevations, Reflected Ceiling plans, Equipment plan, Details, and Specification. 
 Ability to field measure 
 Ability to always meet deadlines 
 
  
 Required language(s): 
 
 English 
 Bahasa Indonesia 
 
  
 Requirements: 
 
 Bachelor’s Degree or Advanced Diploma Degree (D3) in Architecture / Interior Design, or related field 
 At least 2-3 Year(s) of working experience in a related field is required for this position. 
 Proficiency in AutoCAD 
 Proficiency in Sketchup 
 Proficiency in Adobe Creative Suite, such as Photoshop and InDesign (Illustrator and other Graphic design software proficiency) is a plus 
 Ability to operate in Microsoft environment and proficiency in Microsoft Office (Word, Excel, PowerPoint) 
 Ability to generate ideas such as concept and space planning and be able to portray the ideas using sketches, descriptive words, and imageries. 
 Ability to produce photorealistic rendering using Sketchup and/or 3DsMAX (Vray) is a plus",,"
 Deskripsi PekerjaanKey Responsibilities:

Liaising with project managers, architects, designers, and engineers to gather product and structural information
Adjusting designs and plans to meet the client's needs.
Preparing drawings, blueprints, specifications, and construction documents.
Conducting research and compiling reports on feasibility and environmental impact.
Complying with safety standards and local planning regulations.
Following project timeline.
Managing tasks and projects given, and collaborating with other consultants and construction professionals.
 ",2,5,Diploma 3 ,,0,0,02/08/2021 07:03:00,https://jobindo.com/Lowongan-Pekerjaan-drafter-architect-interior-58892.html
https://image-service-cdn.seek.com.au/df0087f037c70498beaae03c92e3810cac77dcf5/ee4dce1061f3f616224767ad58cb2fc751b8d2dc,Hydrology and Water Resources,PT ANHE KONSTRUKSI INDONESIA,Jakarta Barat,0,0,Penuh Waktu,"Bangunan/Konstruksi ,  Teknik Sipil/Konstruksi Bangunan",Pegawai (non-manajemen & non-supervisor),"Kualifikasi : Pendidikan min. Sarjana (S-1) Jurusan Teknik Pengairan Berpengalaman sebagaiTenaga Ahli Sumber Daya Air (Tenaga Ahli : Hidrologi/Hidrolika/Irigasi/Persungaian/River Morfologi) min. 5 tahun Menguasai Bahasa Inggris secara Aktif Mampu mengoperasikan Microsoft Office (Word, Excel, Powerpoint) dan internet Sanggup bekerja penuh waktu sesuai SOP dan siap bertempat tinggal di lokasi tugas",5,0,,IDR,10.000.000 , 19.000.000 ,21/12/2022 01:04:15,https://www.jobstreet.co.id/id/job/hydrology-and-water-resources-4151480?jobId=jobstreet-id-job-4151480&sectionRank=19878&token=0~11c3eeb5-5650-40b6-a912-39ee90a79b6b&fr=SRP%20Job%20Listing
https://jobindo.com/mobile/thumbnails/63662239.jpg,Account Executive,PT Satya Abadi Pharma,"Tangerang, Banten",0,0,,"Persyaratan 
 Pria/Wanita maksimal 30 tahun 
 Pengalaman di dunia sales 
 S1 Kimia/biologi/Farmasi 
 Memiliki motor dan SIM C",,"
 Deskripsi Pekerjaan
Membuat planning untuk menyiapkan dan melaksanakan kunjungan ke user,membina relasi dan melakukan survey produk,menyiapkan dan mengontrol budget agar tujuan target penjualan tiap outlet bisa tercapai

",0,2,Diploma 3 ,,0,0,10/02/2020 15:59:00,https://jobindo.com/Lowongan-Pekerjaan-account-executive-52355.html
https://jobindo.com/mobile/thumbnails/27333796.jpg,Operational Manager,wutamaland,"Badung, Bali",0,0,,"Persyaratan 
 A minimum 2 years of working experience in similar field 
 Fluent in English in both verbal and written 
 Has positive attitude and pleasant personality 
 Energic, self-motivated, smart, and hard worker 
 Strong leadership 
 Target oriented and enjoy to work in a team 
 Placement in Bali",,"
 Deskripsi Pekerjaan
Presentation and report to Board of Director
Responsible of day to day operation activity
Basic knowledge of and financial plans
Maintaining guest satisfaction and staff development
Maintain the company performance

",0,2,Sarjana ,,0,0,01/01/1970 00:00:00,https://jobindo.com/Lowongan-Pekerjaan-operational-manager-17533.html
https://images.glints.com/unsafe/glints-dashboard.s3.amazonaws.com/company-logo/01331d1479a89e298ad2a7fa3a5cd7f5.png,Account Manager B2B Malang,PT. Casa Verde Indonesia (OT Group),Malang,0,0,Penuh Waktu,Business Development / Sales | Skills B2B Marketing B2b Selling Experience B2b Business Strategies Business-to-Business (B2B) B2b Sales B2B Partnership,,"Deskripsi pekerjaan Account Manager B2B Malang PT. Casa Verde Indonesia (OT Group) Champion an array of client relationship and corporate partnerships Manage several accounts, develop and retain B2B clients Serve as trusted point of contact for business discussions Communicate feedback from clients to senior staff Strengthen business targets through achievement of client and company goals Generate sales for client accounts Study and analyse market trends to provide inputs to the team and management Forecast and track client account metrics Build relationships with new B2B clients and manage productivity of the accounts team Maintain or start business relationships with industry contacts Collaborate with other business functions to provide excellent client advisory service Identify opportunities to grow business relationships with existing clients Manage, lead and train account executives to attain team goals Requirements - Bachelor's Degree in any major with min. GPA of 3.00
- 2 years of experience in B2B sales or client success - Willing to be placed in Java Area, especially Malang Skills Required: Exceptional written and verbal English communication skills Strong management and communication skills Computer savvy and proficient in powerpoint presentations IT Knowledge required Excellent salesmanship and networking skills Competent in presentations and demonstrations Proven ability to achieve sales targets What we’re looking for in you: Strong customer orientation, dedication, and passion for delivering a great customer experience Displays intellectual curiosity and the ability to handle ambiguity Ability to convey information clearly and analyze customer requirements as needed to help customer make buying decisions Highly energetic, positive attitude with the ability to take initiative Tenacious and goal-oriented Business acumen with a problem-solving attitude Discipline to conduct and manage sales cycle process from initial contact through to initial qualification Collaborative and team oriented",1,3,,IDR,6.000.000,7.000.000,01/01/1970 00:00:00,https://glints.com/id/opportunities/jobs/account-manager-b2b-malang/52d2f880-1078-428d-8ee2-23cd000cc6b6
https://images.glints.com/unsafe/glints-dashboard.s3.amazonaws.com/company-logo/1c8c23d238e1321d81b33285fdcbc8ad.jpg,Account Executive,PT Valbury Asia Futures,"Kuningan, Jakarta",0,0,Penuh Waktu,Marketing | Skills Customer Relations Relasion officer Sales Marketing,,Deskripsi pekerjaan Account Executive PT Valbury Asia Futures Mencari Database / Client Baru. Menelepon potensial Database / Client. Follow up Database / Client,1,3,,IDR,2.500.000,5.000.000,01/01/1970 00:00:00,https://glints.com/id/opportunities/jobs/account-executive/88278916-3b5a-4508-b6c0-391ef97318b1
https://image-service-cdn.seek.com.au/358ee9f63628ea2623fcc94a6b4a4edf7d04eb33/a868bcb8fbb284f4e8301904535744d488ea93c1,Accounting & Reporting Lead,PT Panin Dai-ichi Life,Jakarta Barat,201,500,Penuh Waktu,"Akuntansi / Keuangan ,  Akuntansi Umum / Pembiayaan",Manajer/Asisten Manajer,"job description : -Oversees and responsible for the general accounting functions including monthly accounting closing, finalization of the financial statements report, listing, reconciliation and analysis with excellent accuracy, comprehensiveness, timeliness, and effectiveness to Management, Shareholders, Investors, Regulators, and other stakeholders as required. -Ensures that company financial reports are prepared in compliance with policies, accounting standard and reporting requirements. -Oversees and responsible for overall reporting includingRegulatory Reporting, Group reporting and other reports Requirements: -min. education :Bachelor Degree from Accounting major -Minimum 5 years experience as accounting and reporting in Life insurance or general insurance -Good understanding in financial process in insurance industry -Good leadership and team player -Good interpersonal and communication skill",5,0,,,0,0,20/12/2022 11:02:58,https://www.jobstreet.co.id/id/job/accounting-reporting-lead-4151326?jobId=jobstreet-id-job-4151326&sectionRank=19292&token=0~968d5d66-ffb0-4b12-8ddf-3497cc8437d3&fr=SRP%20Job%20Listing
https://jobindo.com/mobile/thumbnails/91075695.jpg,Supervisor Resto,Hotel Candi Baru,"Semarang, Jawa Tengah",0,0,,"Persyaratan 
 Pria, Wanita, Usia maksimal 35 tahun 
 Penampilan menarik 
 Pendidikan minimal Diploma 
 Pengalaman di bidang dan posisi yang sama minimal 1 tahun 
 Dapat berbahasa mandarin",,"
 Deskripsi Pekerjaan
Mengetahui semua product knowledge
Menangani guest complaint
Wajib menjaga semua rahasia perusahaan
Selalu melaksanakan guest relationship
Membuat budgeting bulanan
Membuat capital expenses, monthly report dan pencapaian target
 ",2,5,Diploma 3 ,,0,0,12/11/2021 07:31:00,https://jobindo.com/Lowongan-Pekerjaan-supervisor-resto-59999.html
https://jobindo.com/mobile/thumbnails/324657979.jpg,Sales Engineer,PT. Bumi Teknik Utama,"Jakarta Pusat, DKI Jakarta",0,0,,"Persyaratan Tugas dan Tanggung Jawab Utama : Mencapai
/ melampaui goal / sasaran / target yang ditentukan oleh Perusahaan
sesuai dengan Budget, Sales Plan, Jadwal kunjungan harian / mingguan /
bulanan dan Standard Operating Procedure, melalui pelayanan langsung
secara pribadi dan bernilai tambah bagi sebanyak mungkin orang. Menjual & memasarkan seluruh produk BUMI. Sales Visit sesuai dengan teritori dan jadwal. Mengupdate data pelanggan di SAP system dengan bantuan Sales Admin. Memonitor dan memastikan kelancaran pembayaran dan pelunasan atas penjualan. Memelihara hubungan baik dengan pelanggan dan melakukan kunjungan secara berkala. Secara aktif mencari informasi baru yang mendukung kegiatan Sales & Marketing. Berpartisipasi aktif menciptakan suasana kerja yang harmonis. Secara aktif mengembangkan diri sendiri melalui program pendidikan dan latihan di BUMI Group. Melaksanakan tugas-tugas lainnya yang berkaitan dengan kepentingan kegiatan Sales. Persyaratan : Usia maksimal 30 tahun. Pendidikan minimal D3 Teknik Mesin / Elektro / Industry / Politeknik / Accounting. Ketrampilan berkomunikasi secara verbal dan tertulis dengan baik. Pengalaman kerja minimum 1 tahun di bidang Field Sales. Freshgrade are wellcome Kemampuan komputer MS Office (Word, Excel) dengan baik. Kemampuan bekerja mandiri, handal dan mampu bekerja dibawah tekanan dengan deadline tertentu. Memiliki pelatihan yang terkait dibidang Sales & Marketing merupakan nilai tambah. Jujur, bertanggung jawab, komunikatif, Inggris min. pasif. Mahir mengendarai motor dan mobil dan memiliki SIM A dan C yang masih berlaku. Siap ditempatkan diseluruh Cabang (Jakarta, Surabaya, Semarang, Batam dan Balikpapan",,,0,0,,,0,0,01/12/2015 11:09:00,https://jobindo.com/Lowongan-Pekerjaan-sales-engineer-519.html
https://jobindo.com/mobile/thumbnails/15222821.jpg,IT Data Analyst,PT. Mitra Insan Sejahtera,"Jakarta Selatan, DKI Jakarta",0,0,,"Persyaratan 
 Max. 26 th. 
 Min. S1 Sistem Informasi/Teknik Informatika.",,"
 Deskripsi Pekerjaan
Memproses permintaan data dari user setelah mendapat persetujuan dari Direksi.
Mengecek apakah cashflow report rutin harian/ mingguan/ bulanan sudah jalan sesuai schedulenya atau belum.
Membantu user memperbaiki cashflow report bila ada data yang salah/ tidak sesuai.
 ",0,2,Sarjana ,,0,0,29/09/2018 12:07:00,https://jobindo.com/Lowongan-Pekerjaan-it-data-analyst-38579.html
https://jobindo.com/mobile/thumbnails/70467234.jpg,Dosen Prodi Magister Administrasi Rumah Sakit,UNIVERSITAS ESA UNGGUL,"Jakarta Barat, DKI Jakarta",0,0,,"Persyaratan 
 Pria / Wanita Usia Maksimal 50 Tahun 
 Memiliki Pendidikan Minimal Doktor dan Linier di bidang Kesehatan 
 Jam Kerja 40 jam/ minggu dan Homebase di Universitas Esa Unggul 
 Memiliki Pengalaman Mengajar Lebih diutamakan 
 Memiliki Jabatan Fungsional Lebih diutamakan 
 Mempunyai komitmen terhadap mutu pendidikan. 
 Mencintai dunia pendidikan dan ilmu pengetahuan 
 Bersedia Mengikuti Proses seleksi Dosen",,"
 Deskripsi Pekerjaan
Melaksanakan kegiatan Pendidikan, penyusunan materi dan pengajaran.
Melaksanakan kegiatan bimbingan mahasiswa (TA, Magang / PKL dan Skripsi).
Melaksanakan program penelitian dan pengabdian masyarakat.
Melaksanakan tugas tambahan yang diberikan Ketua Program Studi.
Berpartisipasi aktif dalam kegiatan - kegiatan yang diselenggarakan oleh Universitas Esa Unggul dan Yayasan Pendidikan Kemala Bangsa.

",0,2,Doktoral ,,0,0,22/11/2018 09:40:00,https://jobindo.com/Lowongan-Pekerjaan-dosen-prodi-magister-40804.html
https://jobindo.com/mobile/thumbnails/42730010.jpg,Purchasing Manager,Tjendana Corporate,"Badung, Bali",0,0,,"Persyaratan 
 Laki -laki / perempuan 
 Pengalaman di bidangnya minimal 1 th 
 Loyalitas tinggi 
 Siap bergabung segera",,,0,2,Diploma 3 ,,0,0,26/07/2016 11:18:00,https://jobindo.com/Lowongan-Pekerjaan-purchasing-manager-7776.html
https://jobindo.com/mobile/thumbnails/6973525.jpg,Business Operation (Bali),PT. Varnion Technology Semesta,"Badung, Bali",0,0,,"Persyaratan 
 Candidate must possess at least Diplomain any field. 
 Min. 1 year experience 
 Max. age 27 years old. 
 Proficient in English. 
 Proficient in using Microsoft Excel. 
 Well-experienced in handling document and sales contract. 
 Good attention to detail and well organized personality. 
 Pro-active and good analytical thinking. 
 Able to work independently and good in teamwork. 
 Willing to work in Seminyak, Bali",,"
 Deskripsi Pekerjaan
Handling contract and follow up clients.
Coordinate with related department about project.
Create proposals / offers for clients.
 ",0,2,Diploma 3 ,,0,0,26/09/2017 15:46:00,https://jobindo.com/Lowongan-Pekerjaan-business-operation-bali-24476.html
https://jobindo.com/mobile/thumbnails/50609223.jpg,Steward,PT.Mitra Selera Bersama (Union Group),"Jakarta Utara, DKI Jakarta",0,0,,"Persyaratan 
 Minimal Lulusan SMK Sederajat 
 Bersedia ditempatkan di Jakarta Utara & Jakarta Pusat 
 Pekerja keras dan bertanggung jawab 
 Bersedia bekerja dengan shift 
 Pengalaman minimal 1 tahun",,,0,2,SLTA/Sederajat ,,0,0,23/12/2017 14:23:00,https://jobindo.com/Lowongan-Pekerjaan-steward-28003.html
https://image-service-cdn.seek.com.au/95424adc1fb63a86942e4a97ce39313e439d4e70/a868bcb8fbb284f4e8301904535744d488ea93c1,Dokter Umum,Ciputra Hospital (Kalideres),,0,0,,,,,0,0,,,0,0,23/12/2022 20:00:59,https://www.jobstreet.co.id/id/job/dokter-umum-4144162?jobId=jobstreet-id-job-4144162&sectionRank=21476&token=0~5eb2e8be-b9c0-4c7f-88c6-e694bf753598&fr=SRP%20Job%20Listing
https://images.glints.com/unsafe/glints-dashboard.s3.amazonaws.com/company-logo/6c8d33b069538aabcfff91b4d52713cb.jpg,Fullstack Developer (Remote),Green Energy Trading,Jakarta,0,0,Penuh Waktu,Software Engineering | Skills Design Principles ReactJS Reactnative Graphql Postgres Kubernetes Typescript Tdd Aws Cloud Services Mongo,,"Deskripsi pekerjaan Fullstack Developer (Remote) Green Energy Trading Job Description : Get settled in - make a coffee or tea, check email. Join stand up with your team to share progress and request assistance. Perform a couple of PR reviews. PRs can go through several iterations and most code is reviewed by more than one developer. Write some code! Respond to help desk tickets. Gather with other members of the development team to settle on design patterns for stories in future sprints. Design is highly collaborative. No major decisions are made without buy-in from the entire development team. Meet with stakeholders to demonstrate new features and get feedback. Our stakeholders are highly available and understand the Agile process. Write a little more code. Requirment : 3+ years' experience as a developer or in a highly related position Strong understanding of design principles like SOLID Professional experience with the following is required: Typescript ReactJS / GraphQL Test driven development Preference given to familiarity with the following: Postgres Mongo Elasticsearch AWS cloud services Micro-services architectural pattern Kubernetes Graphic and web interface design ReactNative",3,5,,,0,0,01/01/1970 00:00:00,https://glints.com/id/opportunities/jobs/fullstack-developer-remote/884e1082-a770-4f8d-b892-62fff4390551
https://jobindo.com/mobile/thumbnails/25759056.jpg,Supervisor Front Office,CELECTON BLUE HOTEL KARAWANG,"Karawang, Jawa Barat",0,0,,"Persyaratan 
 Wanita/ Pria 
 Max. 29 tahun, Single 
 Lulusan Diploma atau Sarjana dari Universitas terkemuka / Institut 
 Min. 1 atau 2 tahun pengalaman di posisi yang sama di industri hotel 
 Memiliki komunikasi dan attitude yang baik",,"
 Deskripsi Pekerjaan
Mendapatkan bisnis untuk perusahaan, memenuhi target anggaran serta mencapai target room-night dan revenue.
Memberikan laporan kepada Sales Manager setiap keluhan, komentar atau saran yang didapat dari tamu/client yang mungkin untuk dapat meningkatkan kinerja hotel.
Berpartisipasi dalam trade shows dan sales promotions yang ditugaskan oleh atasan.
Melakukan business traveller untuk mendapatkan peluang bisnis serta membangun/mengembangkan hubungan baik dengan key account dan key person.
Menjaga hubungan baik dengan commercial accounts, dan pihak pihak yang berhubungan kerjasama dengan hotel.
Mengikuti briefing dan meeting yang berkaitan dengan bagian Sales & Marketing.
Melaksanakan kewajiban dan tanggung jawab lain yang berkaitan dengan bagian Sales & Marketing.

",0,2,Diploma 3 ,,0,0,16/01/2017 12:29:00,https://jobindo.com/Lowongan-Pekerjaan-supervisor-front-office-14877.html
https://jobindo.com/mobile/thumbnails/73800703.jpg,System Administrator (Windows),PT. Wowrack Indonesia,"Surabaya, Jawa Timur",0,0,,"Persyaratan 
 Candidate must possess at least Bachelor's Degree in Engineering (Computer/Telecommunication), Computer Science/Information Technology or equivalent. 
 At least 3Year(s) of working experience in the related field is required for this position. 
 Preferably Staff (non-management & non-supervisor) specialized in IT/Computer - Network/System/Database Admin or equivalent. 
 Strong knowledge of Windows and various Linux based operating system such as Ubuntu, CentOS, RHEL, and Debian. 
 strong knowledge with various web server technologies such as Apache, NGINX, Ruby on Rails, Tomcat, lighthttpd. 
 Working experience with Network appliances and networking devices such as Cisco ASA, Cisco Catalyst, Force10 Switches, F5 Load Balancer, Coyotepoint load balancer, Sonicwall/Watchguard/Juniper appliances. 
 Strong knowledge in TCP/IP, Subnetting, and DNS 
 
 Comfort with Virtualization technologies such as KVM, XEN (CentOS), VMWare, Xenserver (Citrix). 
 
 
 Experience with cloud technologies is big plus such as Openstack, Cloudstack, Eucalyptus",,"
 Deskripsi Pekerjaan
Assist in overseeing trouble ticket queues and resolve issues that our Tier1 support team is unable to resolve.
Create and maintain necessary tools to monitor our network and ensure 100% Network uptime and delivery.
Responsible for troubleshooting and maintenance of wide array of servers and network related services such as physical & hardware layer, web /mail / dns / database services, routing / switching / load balancing / firewall devices
 ",2,5,Sarjana ,,0,0,21/04/2018 12:24:00,https://jobindo.com/Lowongan-Pekerjaan-system-administrator-windows-32470.html
,Supervisor Cleaning service,Tuscany Boutique Hotel,Banten,0,0,Penuh Waktu,"Manufaktur ,  Pemeliharaan",Supervisor/Koordinator,"Kualifikasi Pekerjaan Usia maksimal 40 tahun Berpengalaman minimal 5 tahun Teliti ,tanggap,disiplin,dan bertanggung jawab Deskripsi Pekerjaan Bertanggung jawab atas seluruh kegiatan operasional cleaning service. Mengontrol dan memastikan implementasi kegiatan operasional berjalan sesuai denagn SOP dan aturan. Mengontrol dam memastikan kelengkapan peralatan, bahan-bahan dan fasilitas pendukung.",5,0,Sarjana (S1),,0,0,17/12/2022 03:22:57,https://www.jobstreet.co.id/id/job/supervisor-cleaning-service-4147968?jobId=jobstreet-id-job-4147968&sectionRank=29081&token=0~d1508921-5c0b-4753-98be-148e471f8974&fr=SRP%20Job%20Listing
https://jobindo.com/mobile/thumbnails/51485808.jpg,Business Development Manager,PT. Kreasi Teknologi Data,"Denpasar, Bali",0,0,,"Persyaratan 
 Bachelor's degree or equivalent experience 
 3 - 4 years' prior industry related sales experience 
 Strong communication and interpersonal skills 
 Able to communicate fluently using English 
 Proven knowledge and execution of successful development strategies 
 Focused and goal-oriented 
 Having strong networking in hotel industry is a huge plus 
 
 What we Offer : 
 
 Competitive salary 
 Ability to work from home 
 Incentive inline with company growth 
 Challenging yet rewarding working environment",,"
 Deskripsi Pekerjaan
Identify partnership opportunities
Promoting the services of PT. Kreasi Teknologi Data
Meeting sales target
Develop new relationships in an effort to grow business and help company expand
Maintain existing business
Think critically when planning to assure project success

",2,5,Sarjana ,,0,0,26/12/2019 10:00:00,https://jobindo.com/Lowongan-Pekerjaan-business-development-manager-51034.html
https://jobindo.com/mobile/thumbnails/38954760.jpg,CMO Mobil (Jakarta Selatan),PT Mega Central Finance,"Jakarta Selatan, DKI Jakarta",0,0,,"Persyaratan 
 Usia maksimal 35 tahun 
 Pendidikan minimal D3 sederajat 
 Memiliki kendaraan sendiri dan memiliki SIM C 
 Memiliki kemampuan persuasif & analisis yang baik 
 Menyukai bekerja lapangan dan bisa bekerja dengan target 
 Penempatan : FATMAWATI",,"
 Deskripsi Pekerjaan
Melakukan penjualan agar mampu mencapai target yang telah diberikan oleh perusahaan
Bekerjasama dengna Dealer, showroom maupun kanvasing untuk melakukan kegiatan penjualan produk perusahaan sesuai dengan prosedur yang ditetapkan
Membina hubungan baik dengan Dealer sebagai bentuk upaya pemenuhan target penjualan
Membuat laporan aktivitas penjualan harian, mingguan dan bulanan

",0,2,Diploma 3 ,,0,0,27/12/2017 15:28:00,https://jobindo.com/Lowongan-Pekerjaan-cmo-mobil-jakarta-28062.html
https://image-service-cdn.seek.com.au/21183f7823e77679b2dfbe6513984938267fccf6/a868bcb8fbb284f4e8301904535744d488ea93c1,Staff Accounting,PT Ratna Asia,,0,0,,,,,0,0,,,0,0,20/12/2022 06:08:12,https://www.jobstreet.co.id/id/job/staff-accounting-4150522?jobId=jobstreet-id-job-4150522&sectionRank=20819&token=0~5584243c-991e-4727-8478-72f5dba1f587&fr=SRP%20Job%20Listing
https://image-service-cdn.seek.com.au/52f06d17b1599d3c6518c2d2dcd9c5373397d29d/ee4dce1061f3f616224767ad58cb2fc751b8d2dc,Account Manager Telco,PT. Berca Hardayaperkasa,Jakarta Pusat,1001,2000,Penuh Waktu,"Penjualan / Pemasaran ,  Penjualan - Korporasi",Pegawai (non-manajemen & non-supervisor),"Essential Function: You are responsible for building strong customer relationship & aggressively develop & manage strategic accounts in General industryor Telecommunication industry, ensuring the sales activities achieve company objectives. You will establish network of communication to the highest level within your client’s organization, be able to clearly & persuasively communicate our company capabilities in products & services, which result in business deals Required Knowledge and skill: Minimum diploma in Information Techniology, Telecommunication Engineering, Electrical or Electronic Engineeringwith additional specialized coursework; power-base selling, negotiation selling, account management classes Minimum 1 year successful sales experience inservices & system solution in Telco's environment or Government would be plus Fresh Graduate are welcome to apply Having broad knowledge in GSM/wireless installation, system & technology Strong multi-tasking & presentation skills, abundant self-confidence & energy",1,0,"Sertifikat Professional, D3 (Diploma), D4 (Diploma), Sarjana (S1)",,0,0,20/12/2022 06:43:24,https://www.jobstreet.co.id/id/job/account-manager-telco-4150598?jobId=jobstreet-id-job-4150598&sectionRank=23080&token=0~8f743501-64a6-48ad-9a64-59f5e082d7c7&fr=SRP%20Job%20Listing
https://image-service-cdn.seek.com.au/d694eeb0443993e05bb848ee31683e0bf4597bcb/ee4dce1061f3f616224767ad58cb2fc751b8d2dc,Crew Outlet Boga Kitchen Yogyakarta,Boga Group,Yogyakarta,2001,5000,Kontrak,"Hotel/Restoran ,  Makanan/Minuman/Pelayanan Restoran",Pegawai (non-manajemen & non-supervisor),"Deskripsi Pekerjaan Memberikan pelayanan sesuai dengan SOP dan mendukung kelancaran operasional Memahami mesin POS / sistem pembayaran (Cashier) Membuat laporan pengeluaran harian, mingguan, bulanan Menguasai Menu Membersihkan area kasir Memastikan mesin kasir berfungsi dengan baik Menerima Pesanan Melakukan basic potong & hand preparation untuk membuat menu makanan Memelihara dan menjaga kebersihan area kerja Mahir dalam membuat produk Kualifikasi: Usia maksimal 27 tahun (Service), 35 tahun (Kitchen) Pendidikan minimal SMA / MA / SMK Sederajat Pengalaman minimal 1 tahun di posisi yang sama (lebih disukai dariRestoran) Memiliki komunikasi & attitude baik, rajin dan disiplin Bersedia bekerja dengan shift Penempatan : Selokan Yogyakarta & Bantul Yogyakarta",1,0,Sarjana (S1),IDR,1.800.000 , 2.520.000 ,23/12/2022 20:01:17,https://www.jobstreet.co.id/id/job/crew-outlet-boga-kitchen-yogyakarta-4143657?jobId=jobstreet-id-job-4143657&sectionRank=18987&token=0~3306b02b-c118-4f95-84cb-a41736cceaca&fr=SRP%20Job%20Listing
https://jobindo.com/mobile/thumbnails/52694590.jpg,Unity Game Programmer (Malang),DOVEMOBI,"Malang, Jawa Timur",0,0,,"Persyaratan 
 Pria /Wanita 
 Usia 19 – 30 Tahun 
 Mampu Menguasai :
 
 Unity 
 Cocos2dx 
 Php 
 Mysql",,"
 Deskripsi Pekerjaan
Menyelesaikan game project dengan teliti dan tepat waktu

",0,2,Sarjana ,,0,0,01/01/1970 00:00:00,https://jobindo.com/Lowongan-Pekerjaan-unity-game-programmer-38146.html
https://jobindo.com/mobile/thumbnails/74393167.jpg,Drafter Arsitek & Interior,PT Guci Tirta Desain,"Jakarta Selatan, DKI Jakarta",0,0,,"Persyaratan 
 SLTA/Sederajat 
 Memiliki pengalaman minimal 10 tahun di bidang serupa 
 Mahir dalam penggunaan Auto Cad 
 Dapat mengoperasikan program Microsoft Office & Adobe 
 Kreatif, inovatif, bertanggung jawab, dan disiplin dalam bekerja.",,"
 Deskripsi Pekerjaan
Membantu tim arsitek dalam menyiapkan gambar kerja yang lengkap untukpekerjaan perencanaan arsitektur dan desain interior.

",10,0,SLTA/Sederajat ,,0,0,08/07/2019 12:37:00,https://jobindo.com/Lowongan-Pekerjaan-drafter-arsitek-interior-46710.html
https://jobindo.com/mobile/thumbnails/95685413.jpg,Pramuniaga,PT. Pelita Harapan Sentosa,"Jakarta Utara, DKI Jakarta",0,0,,"Persyaratan • Pria/Wanita, usia max. 25thn • Menguasai komputer • Bersedia bekerja shift • Fresh graduate are welcome, namun lebih disukai yang memiliki pengalaman min. 1 tahun. • Menguasai MS Office (Excel, Word, Power point) • Penampilan Menarik, Ramah, Cerdas, Rajin, jujur dan bermotivasi tinggi • Lebih memprioritaskan yang berdomisili di Jakarta Utara 
 • Dapat mengoperasikan komputer • Dapat berkomunikasi dengan baik • Dapat mengendarai kendaraan bermotor",,"
 Deskripsi Pekerjaan– Menjamin kebersihan di area toko– Menempatkan display produk agar terlihat menarik– Mengoperasikan mesin kasir dan melakukan proses transaksi dengan pelanggan– Memberikan pelayanan yang terbaik untuk konsumen, atasan dan rekan kerja– Bertanggung jawab penuh terhadap uang dan barang serta peralatan toko– Menyampaikan laporan yang dibutuhkan secara berkala kepada atasan. ",0,2,SLTA/Sederajat ,,0,0,18/09/2021 17:39:00,https://jobindo.com/Lowongan-Pekerjaan-pramuniaga-59315.html
https://images.glints.com/unsafe/glints-dashboard.s3.amazonaws.com/company-logo/73827e6c98176f19edc7bd95e42fa179.jpg,Finance Accounting and Tax Officer,TMP Consulting,"Cilandak, Jakarta",0,0,Penuh Waktu,Finance | Skills Xero Accounting Software Journal Entry Jurnal.id Tax Accounting E-bupot Bank Reconciliation E-spt Financial Statements/Financial Reports,,"Deskripsi pekerjaan Finance Accounting and Tax Officer TMP Consulting Our client in the Event Organizer industry is currently looking for a Finance, Accounting, & Tax Officer to be located in South Jakarta. Responsibilities Carrying accurate calculation of finance, accounting, and tax records Reconcile financial data to financial report Input data to accounting and tax software Handling all tax planning, calculation, and reporting Resolve the technical problems of financial and tax statements Maintain all financial data and documents Handling all event’s finance documentation and final reporting to company’s client Qualification: Bachelor's degree majoring in Accounting or related fields Min. 3.0/4.0 GPA from reputable university Have min. 1-year experience in accounting cycle, recording, and processing financial statement Excellent with Ms. Office Suites (Excel, Powerpoint, Word) and Google Workspace Familiar with tax software (e-SPT, e-Faktur, e-Bupot, etc) and accounting software (Xero or Jurnal.id) Brevet A&B certification Having financial data analysis skills is a plus Good time management, attention to detail, and multi-tasking skills Proactive, self-motivated, and continuous learning Available to start immediately",1,3,,IDR,6.500.000,7.500.000,01/01/1970 00:00:00,https://glints.com/id/opportunities/jobs/finance-accounting-and-tax-officer/d3e29866-d8dc-4865-8ef4-34a688179305
https://jobindo.com/mobile/thumbnails/680089395.jpg,Staff Legal,PT. Trimaxindo International Indonesia,"Jakarta Barat, DKI Jakarta",0,0,,"Persyaratan 
 Umur max 30 tahun 
 Pria / Wanita 
 Minimal S1 Hukum 
 Berdomisili di Jakarta Barat 
 Memiliki pengalaman dibidangnya minimal 1 tahun 
 Meguasai microsoft office (word, excel) 
 Memahami dasar - dasar kontrak kerjasama",,"
 Deskripsi Pekerjaan
Mensupport dan mengelola dokumen perusahaan
Mereview legal contract / filling document
Menguasai pembuatan perjanjian beserta monitoring

",0,2,Sarjana ,,0,0,25/06/2018 15:46:00,https://jobindo.com/Lowongan-Pekerjaan-staff-legal-34364.html
https://image-service-cdn.seek.com.au/ed6b5f2b90a5ab080f1516f403c8482cf0feea25/ee4dce1061f3f616224767ad58cb2fc751b8d2dc,Credit Analyst Used Car,PT KB Finansia Multi Finance,Jakarta Selatan,5000,10000,Kontrak,"Akuntansi / Keuangan ,  Perbankan / Jasa Finansial",Supervisor/Koordinator,"Tanggung jawab : Melakukan validasi terhadap dokumen persyaratan kredit serta perhitungan struktur kredit - untuk meminimalisir resiko kredit. Melakukan verifikasi data, credit checking dan hasil survey untuk meminimalisir resiko kredit. Memberikan keputusan kredit sesuai dengan plafon yang dimiliki Melaksanakan analisa kredit sesuai dengan standard SLS. Reporting aplikasi yang dianalisa dan direkomendasi untuk mengontrol status aplikasi. Melakukan monitoring aktivitas harian CA Staff dan Surveyor agar sesuai dengan SOP dan SLS Melakukan evaluasi terhadap kinerja CA Staff dan Surveyor agar sesuai dengan SOP dan SLS. Kualifikasi : Berpengalaman sebagai Credit Analyst untuk pembiayaan produk  Mobil  terutama used car  minimal 2 tahun Mampu mengoperasikan Ms. Office (Ms. Excel) Minimal lulusan S1 Detail oriented dan teliti Analytical thinking Information seeking",2,0,Sarjana (S1),,0,0,19/12/2022 10:03:33,https://www.jobstreet.co.id/id/job/credit-analyst-used-car-4149604?jobId=jobstreet-id-job-4149604&sectionRank=23511&token=0~ed9bd314-89de-4493-8560-b6692b59ee87&fr=SRP%20Job%20Listing
https://image-service-cdn.seek.com.au/ec053f0d13ccea2eb8af9c3b80b7cf2030da1537/a868bcb8fbb284f4e8301904535744d488ea93c1,Direktur Sales,Yayasan Tadika Puri,Jakarta Selatan,201,500,Penuh Waktu,"Penjualan / Pemasaran ,  Penjualan Ritel",CEO/GM/Direktur/Manajer Senior,"Kualifikasi: Pendidikan S1 Usia minimal 42 tahun maksimal 50 tahun Setidaknya memiliki 5tahun pengalaman sebagai Direktur Sales Senior dan marketing yang sesuai untuk posisi ini dan pernah memimpin 100 orang dalam 1 Team atau lebih Lebih disukai CEO/GM/Direktur/Manajer Senior khusus DIREKTUR SENIOR SALES Berpengalaman di perusahaan Retail, dan lain-lain Leadership yang kuat untuk memimpin manager marketingKonseptual dalam strategi marketing dan sales Di Utamakan pengalaman minimal 5 tahunsebagai Direktur Senior Sales Deskripsi Pekerjaan: Menganalisis dan mengembangkan strategi marketing untuk menjangkau jumlah prospek pelanggan yang lebih besar lebih luas sesuai dengan target telah ditentukan Mengkoordinir kegiatan segmentation, targetting, dan positioning atas semua brand yang dimiliki perusahaan dalam bentuk aktivitas pemasaran yang bersifat strategic & Innovative Bertangungjawab dalam pengembangan inovasi marketing secara berkelanjutan dengan mengikuti perkembangan marketing modern Melakukan evaluasi kepuasan pelanggan dari hasil survey seluruh sales team untuk memastikan tercapainya target kepuasan pelanggan yang ditentukan Memutuskan media selection untuk print-ad campaign serta point of sales promotion material mengembangkan strategi pemasaran yang konsisten dengan misi, visi, dan tujuan organisasi secara keseluruhan Mentukan tujuan periklanan, rekomendasikan pilihan media dan alokasikan sumber daya sehingga kampanye periklanan efektif, ekonomis dan sesuai untuk audiens yang dituju Bekerja sama dengan manajer lain untuk memastikan aktivitas pemasaran terintegrasi dengan bagian lain dari bisnis dan selaras dengan tujuan perusahaan secara keseluruhan Tanggung Jawab: Pimpin dan motivasi staf untuk meningkatkan layanan pelanggan dengan klien Merancang dan menerapkan rencana strategis untuk mencapai target penjualan Kembangkan dan promosikan tujuan penjualan mingguan, bulanan, dan triwulanan Buat draf laporan penjualan yang rinci dan akurat Buat program pelatihan penjualan untuk melatih karyawan baru Bertemu dengan manajer penjualan untuk menilai kinerja perusahaan",5,0,Sarjana (S1),,0,0,14/12/2022 06:37:53,https://www.jobstreet.co.id/id/job/direktur-sales-4143947?jobId=jobstreet-id-job-4143947&sectionRank=25909&token=0~56c4825b-9fc2-4b3d-83e3-02510623d5a4&fr=SRP%20Job%20Listing
https://image-service-cdn.seek.com.au/83a93c86299d2e3810970a2b8434463126787793/a868bcb8fbb284f4e8301904535744d488ea93c1,Supervisor - Timezone Area Karawang dan Tangerang,PT Matahari Graha Fantasi (Timezone Indonesia),,501,1000,Kontrak,"Penjualan / Pemasaran ,  Penjualan Ritel",Supervisor/Koordinator,"Sebagai Supervisor, kamu bertanggung jawab untuk : 1. Memposisikan TIMEZONE sebagai MARKET LEADER dalam bisnis Family Entertainment Center (FEC) dengan memastikan bahwa visi Timezone “To Spread Happiness and create Memorable Moments for Our Guest”diimplementasikan secara konsisten. 2. Memastikan bahwa Guest yang datang ke venue kami memperoleh Guest Satisfaction yang tinggi dengan cara menyediakan Guest Experience yang istimewa. 3. Bertanggung jawab atas masalah administrasi venue, proses penerimaan barang, mengelola persediaan stok dan memastikan ketersediaan souvenir dan display yang menarik di area souvenir shop dan juga di mesin-mesin permainan. 4. Mengelola tim dan aktivitas operasionalsehari-hari, mengawasi dan melatih tim dalam usaha mencapai tujuan yang sudah ditetapkan oleh Manajemen dan kinerja tim. 5. Memastikan semua SOP diimplementasikan dengan baik di venue. Sebagai Supervisor, kamu harus : 1. Mempunyai latar belakang pendidikan minimal D3 2. Berusia maksimal 30 tahun 3. Mempunyai pengalaman menjadi Supervisor di industri sejenis minimal 3 tahun 4. Mempunyai pengalaman bekerja dalam industri yang berorientasi kepada kepuasan pelanggan 5. Menguasai prinsip-prinsip dasar administrasi 6. Berpenampilan rapi, ramah, senang bekerja di keramaian. 7. Mempunyai jiwa leadership yang tinggi yang terbukti dengan cara menginspirasi, memberikan arahan, dan bertindak secara strategis terhadap timdan tetap fokus kepada kepuasan pelanggan. 8. Memiliki kemampuan komunikasi dan interpersonal yang baik. 9. Bersedia bekerja di akhir pekan, hari libur nasional dan bekerja shif sesuai dengan jam operasional Mall",2,0,"Sertifikat Professional, D3 (Diploma), D4 (Diploma)",,0,0,26/12/2022 05:03:42,https://www.jobstreet.co.id/id/job/supervisor-timezone-area-karawang-dan-tangerang-4156664?jobId=jobstreet-id-job-4156664&sectionRank=16986&token=0~c049021f-34bb-4b7f-9ed9-364150201bda&fr=SRP%20Job%20Listing
https://image-service-cdn.seek.com.au/bb0f2c313297f2db3d497466b95d7da85644edc0/ee4dce1061f3f616224767ad58cb2fc751b8d2dc,FRONT END DEVELOPMENT,PT Karya Solusi Prima Sejahtera,Jakarta Raya,501,1000,Penuh Waktu,"Komputer/Teknologi Informasi ,  IT-Perangkat Lunak",Pegawai (non-manajemen & non-supervisor),"KUALIFIKASI: Memiliki pengalaman setidaknya 1-2 tahun pada bidang Front end Development. Memiliki pengalaman dalam penggunaan stack HTML, CSS, Javascript. Memiliki pemahaman mengenai penggunaan Node.Js, React. Js, Typescript. Memahami prosedur pengembangan front end web. Memiliki kemampuan implementasi web design. Memiliki kemampuan komunikasi yang baik. Memiliki kemampuan problem solving yang baik. Dapat bekerja secara tim maupun individual. Bersedia bekerja secara WFO. Penempatan di Jakarta Selatan.",1,0,"SMA, SMU/SMK/STM, Sertifikat Professional, D3 (Diploma), D4 (Diploma), Sarjana (S1)",IDR,7.000.000 , 9.800.000 ,24/12/2022 20:00:36,https://www.jobstreet.co.id/id/job/front-end-development-4146072?jobId=jobstreet-id-job-4146072&sectionRank=20281&token=0~bfa7e5c3-e6c6-4a05-99d1-7c542b1b21ad&fr=SRP%20Job%20Listing
https://jobindo.com/mobile/thumbnails/15222821.jpg,Store Supervisor,PT. Mitra Insan Sejahtera,Seluruh Indonesia,0,0,,"Persyaratan 
 Wanita. 
 Usia maks.26th. 
 Pendidikan min D3 Segala Jurusan. 
 Lokasi Penempatan Cirebon, Batam, Samarinda dan Denpasar",,"
 Deskripsi Pekerjaan
Memberikan konsultasi kepada customer tentang produk kesehatan: obat, vitamin/ suplemen, alat kesehatan.
Mencapai komitmen sales yg disepakati dg atasan supaya mencapai Growth 24 yg positif.
Memperhatikan ketersediaan stok barang: order barang ke gudang atau melakukan retur barang selama masih dalam periode yg bisa diterima oleh gudang atau supplier.
 ",2,5,Diploma 3 ,,0,0,01/01/1970 00:00:00,https://jobindo.com/Lowongan-Pekerjaan-store-supervisor-42307.html
https://jobindo.com/mobile/thumbnails/8694681.jpg,Tukang Las Stainless Steel,Fotec Indosteel,"Tangerang, Banten",0,0,,"Persyaratan 
 Pria 
 Umur max 40 Tahun, 
 Jujur dan Pekerja Keras",,"
 Deskripsi Pekerjaan
Melakukan pengelasan plat stainless steel.
Menguasai Las Meja, Cabinet, Rack Stainless Steel, Dll

",0,2,SD ,,0,0,02/03/2017 11:21:00,https://jobindo.com/Lowongan-Pekerjaan-tukang-las-stainless-17020.html
https://images.glints.com/unsafe/glints-dashboard.s3.amazonaws.com/company-logo/72fc2148062d698da9eb482200bad187.png,STAFF KEUANGAN (KAS),Pt Baraka Sarana Tama,Medan,0,0,Penuh Waktu,Finance | Skills Pembukuan keuangan Cash Flows Finance Manajemen Keuangan Mengelola Keuangan Membuat Laporan Keuangan Jujur dan bertanggung jawab,,"Deskripsi pekerjaan STAFF KEUANGAN (KAS) Pt Baraka Sarana Tama Kami PT. Baraka Sarana Tama perusahaan yang bergerak dibidang transportasi logistik yang handal dan memberikan nilai tambah untuk masyarakat (konsumen/pelanggan), mitra kerja dan karyawan, serta memberikan layanan professional berdasarkan ketepatan mutu dan waktu hingga dapat diandalkan sedang mencari kandidat yang sesuai untuk mengisi posisi Staff Keuangan (KAS) : ⦁	Pendidikan minimal SMA / SMK Akuntansi/Keuangan. ⦁	Diutamakan Pria, Usia Maksimum 28 Tahun. ⦁	Memiliki pengalaman sebagai Staf Keuangan minimal 1 Tahun. ⦁	Jujur, memiliki loyalitas dan integritas yang tinggi. ⦁	Memiliki kemampuan komunikasi & koordinasi yang baik. ⦁	Dapat bekerja secara individu dan di dalam tim. ⦁	Dapat mengoperasikan Microsoft Office (Excel , Word dan Powerpoint). ⦁	Memiliki pemahaman baik tentang Manajemen Bisnis Logistik. ⦁	Bersedia penempatan di Cabang DELI SERDANG PT. Baraka Sarana Tama. Job Description : - Bertanggung jawab terhadap keuangan kas di Cabang - Melakukan pencatatan semua transaksi di kas - Melakukan system transfer keuangan dari cabang ke pusat - Menyusun dan membuat laporan cash flow di Cabang",0,1,,,0,0,01/01/1970 00:00:00,https://glints.com/id/opportunities/jobs/staff-keuangan-kas/51362ba8-4f9a-4b32-8512-88db8c0cda79
,PROJECT MANAGER,PT Mobil Lima Empat,Jakarta Raya,0,0,Penuh Waktu,"Bangunan/Konstruksi ,  Teknik Sipil/Konstruksi Bangunan",Manajer/Asisten Manajer,"Responsibilities: Memiliki pengalaman kerja sebagaiProject Manager lapangan. Membuat RMK3L Proyek , melaksanakan, dan melakukan evaluasi berkala. Menganalisa Evaluasi Biaya Proyek setiap bulannya dan menentukan langkah yang akan diambil untuk mengatasi penyimpangan yang terjadi. Menganalisa progres mingguan bersama SM dan atau dengan scheduler, sertamenentukan langkah-langkah yang harus diambil untuk mengatasi penyimpangan waktu. Menindaklanjuti setiap keluhan yang disampaikan pemberi tugas (Owner) atau yang mewakili (MK). Memutuskan langkah penanganan analisa resiko dan ketidaksesuaian terkait pelaksanaan proyek. Melakukan rapat awal proyek dan rapat koordinasi mingguan internal proyek, dan rapat koordinasi dengan (direct contractor). Requirements : Menguasai ilmu dan teknik konstruksi jalan serta manajemen proyek Pendidikan minimal S1 Teknik Sipil/Arsitektur. Pengalaman minimal 5 tahun di bidang konstruksi Jalan sebagai Project Manager Memiliki kualifikasi Bidang keahlian Bangunan/Teknik Jalan – Madya Memiliki Kualifikasi Manajer Proyek",5,0,Sarjana (S1),,0,0,30/12/2022 01:11:11,https://www.jobstreet.co.id/id/job/project-manager-4161701?jobId=jobstreet-id-job-4161701&sectionRank=12959&token=0~9e7e839d-5856-4902-a1db-f9ddcbcd0e5d&fr=SRP%20Job%20Listing
https://image-service-cdn.seek.com.au/289a10cb54abf8e505f1ab29d38710d02cc850cf/a868bcb8fbb284f4e8301904535744d488ea93c1,Supervisor MEP / Ducting,PT Karya Intertek Kencana,Jakarta Raya,0,0,,,,,0,0,,,0,0,19/12/2022 03:21:32,https://www.jobstreet.co.id/id/job/supervisor-mep-ducting-4148588?jobId=jobstreet-id-job-4148588&sectionRank=22874&token=0~58001064-9489-4400-bc41-de51dda41ea4&fr=SRP%20Job%20Listing
https://image-service-cdn.seek.com.au/29e6b9b5797356c3db45935e6da5dadd115e9b42/ee4dce1061f3f616224767ad58cb2fc751b8d2dc,Corporate Communication Assistant Manager,PT Waruna Nusa Sentana (MJS Line),,0,0,,,,,0,0,,,0,0,20/12/2022 04:20:35,https://www.jobstreet.co.id/id/job/corporate-communication-assistant-manager-4150345?jobId=jobstreet-id-job-4150345&sectionRank=21914&token=0~03cd2af7-a452-436c-b1c8-8455deccc99c&fr=SRP%20Job%20Listing
https://image-service-cdn.seek.com.au/508ab16c4f67812ad03db4ac3f1a987a8528998c/ee4dce1061f3f616224767ad58cb2fc751b8d2dc,Field Officer Provider,(PT Mitracomm Ekasarana),Semarang,201,500,Penuh Waktu,"Penjualan / Pemasaran ,  Penjualan Ritel",Pegawai (non-manajemen & non-supervisor),Kualifikasi Pekerjaan: Pendidikan minimal D3 / S1 Berpenampilan baik Komunikatif & mampu bernegosiasi Fresh graduate dipersilahkan melamar Memiliki pengalaman sebagai Sales akan menjadi nilai tambah Siap dengan target & kerja lapangan Bersedia shifting Penempatan  SEMARANG Deskripsi Pekerjaan: Melakukan penawaran product ke customer Melakukan kunjungan ke instansi / perusahaan/ dan sebagainya untuk melakukan kerjasama Benefits: Gaji pokok UMR BPJS Kesehatan & Ketenagakerjaan Insentif Jenjang Karir,1,0,"Sertifikat Professional, D3 (Diploma), D4 (Diploma), Sarjana (S1)",IDR,2.800.000 , 3.100.000 ,23/12/2022 01:59:54,https://www.jobstreet.co.id/id/job/field-officer-provider-4154531?jobId=jobstreet-id-job-4154531&sectionRank=19747&token=0~b787fbbf-91cb-4340-91e8-781c3381e073&fr=SRP%20Job%20Listing
https://images.glints.com/unsafe/glints-dashboard.s3.amazonaws.com/company-logo/3794c003b32f0df13d37d215589d192a.jpg,Graphic and Motion Designer,Bangun Ruang,Tangerang,0,0,Penuh Waktu,Design | Skills Toonboom Motion Graphics Adobe Illustrator Adobe After Effects Motion Graphic Design Adobe Premiere Pro Adobe Photoshop,,Deskripsi pekerjaan Graphic and Motion Designer Bangun Ruang  Study design briefs and Conceptualize visuals based on requirements Prepare rough drafts and present ideas Develop still image designs and motion graphics based on requirements using software  Work with copywriters and the creative director to produce the final design Amend designs after feedback Ensure final graphics are visually appealing and on-brand,1,3,,IDR,4.280.000,5.500.000,01/01/1970 00:00:00,https://glints.com/id/opportunities/jobs/graphic-and-motion-designer/eb22951b-0150-4de4-90ee-1758f7318885
https://images.glints.com/unsafe/glints-dashboard.s3.amazonaws.com/company-logo/1130475da372417b4023f1cf30da0496.png,Front End Developer (Midas Daya Teknologi),SejutaCita,Jakarta,0,0,Penuh Waktu,Software Engineering | Skills JavaScript Html5 & Css3 react.js,,"Deskripsi pekerjaan Front End Developer (Midas Daya Teknologi) SejutaCita If you just click ""Easy Apply"", you will not receive a response. Apply this job through this link:  Deall Job's Website  so the recruiters can respond to your application!

 🙌🏻 About The Company PT Midas Daya Teknologi (""Midas"") is an IT Consulting, Product and Services company. Their area of business varies is providing expert Consulting Services, Professional Services, Application Development, Infrastructure Management, Big Data Solutions, IoT Solutions, Project Management, Core Banking Solution, and Post Live managed services support. 💰 Salary Very competitive 🧠 The BIG Why Employees have been number one since day one. Their founders knew that a unique corporate culture would differentiate them and be as a foundation for their success. In Midas, you will work alongside legends in the industry, the brightest new grads, and everything in between. 👑 Job Role Designing, developing, and testing UI for mobile and web applications Build reusable code and libraries for future use Accurately translate user and business needs into functional front-end code ⛩️ Requirements Bachelor's degree or equivalent in Computer Science At least 6 months internship/projects of experience as a front-end engineer. Experience Front-end Web in React.js Familiarity using Scrum/Agile development methodologies Experience building object oriented web applications in JavaScript, HTML5, and CSS3 🎁  Perks Competitive Salary Medical Insurance Dental Insurance THR / Bonus system Period Leave International Exposure Professional Development Paid Sick Days Paid Maternity / Paternity Leave Company Outings Team Building Activity",0,1,,,0,0,01/01/1970 00:00:00,https://glints.com/id/opportunities/jobs/front-end-developer-midas-daya-teknologi/4323762b-3757-4576-8794-8606e67a33dd
https://image-service-cdn.seek.com.au/3bb0a49cd7a75a54caa625585cbb469479a1c434/ee4dce1061f3f616224767ad58cb2fc751b8d2dc,Kurir Motor,PT Danamas Insan Kreasi Andalan,Bandung,2001,5000,Penuh Waktu,"Sains ,  Pertanian",,"- Memuat, mengangkut, dan mengirimkan barang menggunakan sepeda motor ke tempat tujuan dengan aman dan tepat waktu - Meninjau pesanan sebelum dan sesudah pengiriman untuk memastikan kualitas pengiriman - Membantu bongkar muat barang dari kendaraan sepeda motor - Mencatat dan melaporkan kegiatan pengiriman kepada perusahaan 1. Pria/Wanita 2. Tanpa Pengalaman Bekerja 3. Minimal pendidikan SMP 4. Tidak ada batasan usia 5. Terima kandidat tanpa foto diri 6. Terima kandidat dari mana saja -",0,0,,,0,0,16/12/2022 16:47:26,https://www.jobstreet.co.id/id/job/kurir-motor-1034093657?jobId=jobstreet-id-job-1034093657&sectionRank=35126&token=0~4ff2db94-a319-4ddd-b229-86033e57051e&fr=SRP%20Job%20Listing
https://jobindo.com/mobile/thumbnails/5524744.jpg,FREELANCE SALES MARKETING JAKARTA,PT. WAHANA REZEKI SEMPURNA,"Jakarta Barat, DKI Jakarta",0,0,,"Persyaratan 
 Pria 
 Pendidikan minimal SMA atau sederajat 
 Mempunyai jiwa marketing, komunikatif, dan kreatif 
 Mempunyai ambisi untuk memiliki income tinggi ( sesuai prestasi ) 
 Jujur dan bertanggung jawab 
 Domisili Jakarta dan sekitarnya 
 Memiliki kendaraan bermotor",,,0,2,SLTA/Sederajat ,,0,0,09/03/2021 07:13:00,https://jobindo.com/Lowongan-Pekerjaan-freelance-sales-marketing-57316.html
https://image-service-cdn.seek.com.au/a6cf0c9900691813db703a94c273f5c310cd3774/ee4dce1061f3f616224767ad58cb2fc751b8d2dc,Digital Development (Backend),"PT. BFI FINANCE INDONESIA, Tbk",Tangerang,5000,10000,Penuh Waktu,"Komputer/Teknologi Informasi ,  IT-Perangkat Lunak",Pegawai (non-manajemen & non-supervisor),"Responsible for developing front end platforms managed by digital, including development activities on business process proposals and customer experiences Develop, operate and monitor systems in the front end area and ensure items can be delivered according to the agreed timeline Testing the delivered item (SIT) according to the front end area and ensuring that the item meets the requirements before UAT together with the requester Manage CMS activities, including onboarding activities for information or content and user access Collaborate with relevant departments in the company to ensure the planned strategy can be implemented properly and can help achieve company goals. Minimum Qualifications Extensive knowledge of HTML, CSS, JavaScript, Care deeply about UX and have good feel for design, Strong understanding of cross browser issues and code solutions, Familiar with source control especially GIT, Familiar with consuming API through application or code, Familiar with POSTMAN, Experienced in developing web app using PHP and Symfony framework, Ability to write maintainable, testable code that addresses problems, not just a spec, Strongly self-motivated and highly motivated in learning new technology, Ability to communicate with clarity and compassion, Having knowledge on another programming language and framework such as React is a plus.",2,0,,IDR,5.000.000 , 7.000.000 ,30/12/2022 20:02:05,https://www.jobstreet.co.id/id/job/digital-development-backend-4145280?jobId=jobstreet-id-job-4145280&sectionRank=14665&token=0~9c9e8a3f-32b0-4cca-9c74-3dec35a0e5b1&fr=SRP%20Job%20Listing
https://jobindo.com/mobile/thumbnails/61572318.jpg,Graphic Designer,Biomyth,"Jakarta Utara, DKI Jakarta",0,0,,"Persyaratan 
 S1 Graphic Design dan sejenisnya 
 Min 1 tahun pengalaman kerja bidang media content dan sejenisnya 
 Wanita, umur max 35 thun, tidak menggunakan / bersedia melepaskan hijab 
 Bahasa Inggris yang fasih 
 Mahir dalam social media marketing (Instagram, Facebook, Google Ads) dan pengetahuannya dalam social media business dan ecommerce 
 Fasih dalam microsoft office (words, excel, powerpoint) 
 Fasih dalam design (Ps, Ai) 
 Teliti, rapih, bertanggung jawab dan disiplin 
 Harus memberikan ijazah asli ke perusahaan selama bekerja 
 Bersedia untuk bekerja di Gold Coast Office, PIK (Pantai Indah Kapuk), Jakarta Utara 
 Plus jika dapat photography dan videography",,"
 Deskripsi Pekerjaan
Mendesign content untuk social media daily
Mencari inspirasi dan memberikan visual content proposal ke atasan
Bekerja sama dengan social media marketing untuk membuat content dan tema kedepannya

",0,2,Sarjana ,,0,0,10/02/2020 12:24:00,https://jobindo.com/Lowongan-Pekerjaan-graphic-designer-52350.html
,Accounting,Trikora Beach Club and Resort,Riau,0,0,Penuh Waktu,"Akuntansi / Keuangan ,  Akuntansi Umum / Pembiayaan",Pegawai (non-manajemen & non-supervisor),Kualifikasi Pekerjaan Minimal Pendidikan S1 Max 35 Years Old Having job experience at three/four Stars Hotel Min 2 Year in Smilliar position Strong Leadership and Analytical Matering Knowledge & skill of hotel operation Atractive personality and performance Excellent attitude Deskripsi Pekerjaan Inputting general ledger Preparing financial reports and tax reports Providing banking reports Other tasks assigned by company leaders,1,0,"Sertifikat Professional, D3 (Diploma), D4 (Diploma), Sarjana (S1)",,0,0,21/12/2022 10:49:47,https://www.jobstreet.co.id/id/job/accounting-4152830?jobId=jobstreet-id-job-4152830&sectionRank=25451&token=0~6a924c26-e530-416d-8bfd-a535cea34349&fr=SRP%20Job%20Listing
,Store Supervisor,PT. Kuliner Meta Kreasi,,0,0,,,,,0,0,,,0,0,22/12/2022 10:34:16,https://www.jobstreet.co.id/id/job/store-supervisor-4154298?jobId=jobstreet-id-job-4154298&sectionRank=24158&token=0~511956dc-7cea-4f34-8d85-d955e1d6c371&fr=SRP%20Job%20Listing
https://jobindo.com/mobile/thumbnails/21271252.jpg,"SPG/SPB Ciparay Bandung, PT G Management Indonesia",PT. G Management Indonesia,"Bandung, Jawa Barat",0,0,,"Persyaratan 
 Minimal lulusan SMA 
 Usia Maksimal 35 tahun 
 Hard Selling 
 Mau kerja dengan target 
 Aktif 
 Komitmen dan tanggung jawab 
 KTP aktif 
 Wajib ada HP Android dan Rekening Bank",,"
 Deskripsi Pekerjaan
Menjelaskan dan menawarkan produk water heater Rheem ke custumer

Benefit

Gaji UMP
Ada Incentive
Ada BPJS Kesehatan & Ketenaga Kerjaan
 ",0,2,SLTA/Sederajat ,,0,0,01/01/1970 00:00:00,https://jobindo.com/Lowongan-Pekerjaan-spgspb-ciparay-bandung-49017.html
https://jobindo.com/mobile/thumbnails/74633187.jpg,Sales Force,Raharja Motor Cab.Bekasi,"Bekasi, Jawa Barat",0,0,,"Persyaratan 
 Pria/Wanita 
 Umur Max 25 Tahun 
 Pendidikan Min SMA/Sederajat 
 Fresh Graduate / Pengalaman Min 1 Tahun 
 Jujur, Militan, Dan Mempunyai Semangat Kerja Tinggi 
 Dapat Bekerja dengan Orientasi Target 
 Bersedia di Tempatkan di Bekasi",,"
 Deskripsi Pekerjaan
Direct Selling
Telemarketing

",0,2,SLTA/Sederajat ,,0,0,01/01/1970 00:00:00,https://jobindo.com/Lowongan-Pekerjaan-sales-force-34574.html
,Host Live Streamer TikTok,Kevvi.id,Jakarta Utara,0,0,Penuh Waktu,"Seni/Media/Komunikasi ,  Hiburan",Pegawai (non-manajemen & non-supervisor),"Tugas dan Tanggung Jawab : Memasarkan produk di online shop melalui live streaming Tik Tok Shop Meningkatkan jumlah viewers dan pembeli melalui live streaming Tik Tok Shop. Memasukkan data penjualan produk yang terjual melalui live streaming Kualifikasi : Usia 17-25 Tahun Minimal Pendidikan SMA/SMK/Sederajat Bepengalaman minimal 1 tahun dibidangnya Memiliki Komunikasi dalam menjelaskan sebuah produk dengan Baik Memiliki Kemampuan Menjadi Host Jualan Live Streaming Berpenampilan rapih, Percaya Diri Tampil di depan Kamera Semangat dan Berpengalaman menjadi MC / Host Bersedia menjadi Talent Tiktok Bersedia Bekerja Fleksibel (Senin-Jumat 10.00 – 18.00) Sabtu ( Setengah Hari 10.00 - 14.00 ) Luwes berbicara dan memiliki sebuah Karakter Penempatan Kelapa Gading, Jakarta Utara",1,0,"SMA, SMU/SMK/STM",IDR,3.000.000 , 3.500.000 ,15/12/2022 13:17:19,https://www.jobstreet.co.id/id/job/host-live-streamer-tiktok-4146456?jobId=jobstreet-id-job-4146456&sectionRank=30152&token=0~0026b811-5872-4cef-b592-970f90064c85&fr=SRP%20Job%20Listing
https://jobindo.com/mobile/thumbnails/887437805.jpg,Teknisi AC,PT. Gree Electric Appliances Indonesia,"Surabaya, Jawa Timur",0,0,,"Persyaratan Kualifikasi: 
 
 Laki-laki 
 Maksimal usia 35 tahun 
 Pendidikan min SMA/SMK 
 Memiliki pengalaman di bidang service AC 
 Lebih diutamakan yang memiliki pengalaman di AC kapasitas besar",,,2,5,SLTA/Sederajat ,,0,0,03/03/2016 11:23:00,https://jobindo.com/Lowongan-Pekerjaan-teknisi-ac-3110.html
https://image-service-cdn.seek.com.au/189bf52fde82636e38ad72262805fd31d41717ee/ee4dce1061f3f616224767ad58cb2fc751b8d2dc,Sales Executive,PT. Majoo Teknologi Indonesia,Cilacap,501,1000,,,,,0,0,,,0,0,30/12/2022 07:18:04,https://www.jobstreet.co.id/id/job/sales-executive-4162280?jobId=jobstreet-id-job-4162280&sectionRank=14093&token=0~2dd0031e-ef14-45a1-abfd-1dcda36f2612&fr=SRP%20Job%20Listing
https://image-service-cdn.seek.com.au/8fab484429da3904571abe6dcfda784217dd1450/ee4dce1061f3f616224767ad58cb2fc751b8d2dc,Teknisi WWTP,PT Tirta Alam Segar,,0,0,,,,,0,0,,,0,0,20/12/2022 08:32:58,https://www.jobstreet.co.id/id/job/teknisi-wwtp-4150926?jobId=jobstreet-id-job-4150926&sectionRank=21504&token=0~182b31d7-8306-4fb3-8f9c-e3e3a182f571&fr=SRP%20Job%20Listing
https://jobindo.com/mobile/thumbnails/227444659.jpg,Field Collection,BIG TV MEDAN,"Pematang Siantar, Sumatera Utara",0,0,,"Persyaratan Kriteria : 
 
 Pria maks usia 35 tahun 
 Pendidikan min. SMA/sederajat 
 Memiliki sepeda motor & SIM C 
 Fasilitas BPJS Ketenagakerjaan & BPJS Kesehatan 
 Salary UMK + Insentif",,,0,2,SLTA/Sederajat ,,0,0,29/12/2015 18:23:00,https://jobindo.com/Lowongan-Pekerjaan-field-collection-1101.html
https://jobindo.com/mobile/thumbnails/968838293.jpg,Barista (Jakarta Selatan),PT. Joop Fine Interiors,"Jakarta Selatan, DKI Jakarta",0,0,,"Persyaratan 
 Wanita berusia 20 - 30 tahun 
 Pengalaman barista min. 1-2 tahun 
 Kami prefer ex-barista dari coffee shop brand ternama 
 Well speaking & writing in English is a must 
 Penempatan segera",,,0,2,SLTA/Sederajat ,,0,0,09/05/2022 09:01:00,https://jobindo.com/Lowongan-Pekerjaan-barista-jakarta-selatan-61947.html
https://jobindo.com/mobile/thumbnails/51139991.jpg,Staf SDM,Homeschooling Kak Seto (HSKS) Pusat,"Tangerang Selatan, Banten",0,0,,"Persyaratan 
 Pria/wanita 
 Usia maksimal 30 th 
 Minimal S1 Hukum/ Psikologi IPK: 27.5 
 Minimal pengalaman 1 th dibidang Legal dan hubungan industrial",,"
 Deskripsi Pekerjaan
Penilaian Kinerja
Membina hubungan industrial dan budaya organisasi

",2,5,Sarjana ,,0,0,29/11/2017 11:11:00,https://jobindo.com/Lowongan-Pekerjaan-staf-sdm-26874.html
https://jobindo.com/mobile/thumbnails/96736562.jpg,Kepala Depo,CV. MEKAR JAYA SENTOSA,"Pekalongan, Jawa Tengah",0,0,,"Persyaratan 
 Laki-laki , usia maks. 40 th 
 Pendidikan terkahir min. D3/S1 semua jurusan 
 Pengalaman di bidang distribusi consumer good min. 5 tahun 
 Pengalaman mengelola tim sales 
 Bisa komputer 
 Mempunyai SIM A 
 Sanggup ditempatkan di wilayah jawa tengah",,"
 Deskripsi Pekerjaan
Bertanggungjawab mengeloia depo untuk mencapai target distribusi dan penjualan.

",2,5,Diploma 3 ,,0,0,01/01/1970 00:00:00,https://jobindo.com/Lowongan-Pekerjaan-kepala-depo-19663.html
https://jobindo.com/mobile/thumbnails/41315252.jpg,Operator Mesin Bubut Manual,PT NAFARA JAYA MANDIRI,"Bekasi, Jawa Barat",0,0,,"Persyaratan 
 Mampu mengoperasikan mesin cnc bubut dengan baik 
 Usia max 35 tahun 
 Berbadan sehat 
 Mampu bekerja dengan team",,"
 Deskripsi Pekerjaan
Membuat spare part mesin pabrik

",0,2,SLTA/Sederajat ,,0,0,30/07/2018 16:32:00,https://jobindo.com/Lowongan-Pekerjaan-operator-mesin-bubut-35796.html
https://jobindo.com/mobile/thumbnails/13772595.jpg,HRD Staff (Magang),PT. INOVASI SUKSES SENTOSA (INDOTRADING.COM),"Jakarta Barat, DKI Jakarta",0,0,,"Persyaratan 
 Pria / Wanita 
 Minimal Mahasiswa semester akhir jurusan Psikologi / Hukum 
 Memiliki keinginan untuk belajar & bekerja dibidang HRD 
 Menguasai Ms. Office (minimal Ms. Word, Ms. Excel) 
 Cekatan, rapi, dapat bekerja sama dalam tim 
 Memiliki interpersonal skill yang baik 
 Masa Magang 3 bulan",,,0,0,SLTA/Sederajat ,,0,0,24/05/2017 16:30:00,https://jobindo.com/Lowongan-Pekerjaan-hrd-staff-magang-20087.html
https://jobindo.com/mobile/thumbnails/78834012.jpg,Field Collector (Jakarta),PT.Home Credit Indonesia,"Jakarta Selatan, DKI Jakarta",0,0,,"Persyaratan 
 Pria 
 Usia maksimal45 tahun 
 Pendidikan minimalSMA / Freshgraduate are welcome 
 Memiliki SIMC 
 Memiliki kendaraan bermotor 
 Pengalaman minimal1 tahun 
 Menyukai pekerjaan yang berorientasi target 
 Bersedia ada penitipan ijazah atau BPKB atas nama pribadi",,"
 Deskripsi Pekerjaan
Mengunjungi Customer sesuai dengan daftar yang diberikan Team Leader
Mengecek kembali alamat rumah dan kantor Customer, melakukan pembaharuan jika ada
Membuat laporan kunjungan
Secara aktif mengumpulkan pembayaran dari Customer
Mendeposit uang yang dipegang pada tempat - tempat yang sudah ditentukan
Memastikan kuitansi pembayaran dan memprosesnya sesuai prosedur yang berlaku
Memberikan surat penagihan kepada pelanggan yang sudah melewati jatuh tempo
 ",0,2,SLTA/Sederajat ,,0,0,05/12/2017 13:09:00,https://jobindo.com/Lowongan-Pekerjaan-field-collector-jakarta-27250.html
https://jobindo.com/mobile/thumbnails/52902627.jpg,Cook Helper (Pria),PT. Sumiya Boga Lestari,"Jakarta Pusat, DKI Jakarta",0,0,,"Persyaratan 
 Pria 
 Tidak Sedang / akan kuliah dalam waktu dekat 
 Usia maksimal 22tahun 
 Berpenampilan Bersih dan Menarik 
 Tinggi & Berat badan ideal 
 Lulusan SMA/ SMK (Semua Jurusan/ Sederajat) 
 Sehat jasmani & rohani 
 Tidak berkacamata dan berkawat gigi 
 Tidak memiliki tatto dan tindik 
 Bersedia bekerja shift/ split 
 Mampu berkomunikasi dengan baik 
 Jujur, Disiplin & pekerja keras 
 Tanggungjawab 
 Mampu bekerja dibawah tekanan 
 Bersedia di tempatkan di Jakarta &Cikarang",,"
 Deskripsi Pekerjaan
Bertanggungjawab atas proses pengadaan makanan
Bertanggung jawab terhadap pengecekan Bahan Makanan yang datang dari Supplier
Bertanggung jawab atas Persiapan Bahan Makanan yang akan di masak
Bertanggungjawab kebersihan dan kerapihan area dapur
Memastikan tidak ada kesalahan dalam setiap pembuatan makanan, dan tidak membuat pelanggan menunggu lama.

",0,0,SLTA/Sederajat ,,0,0,04/07/2020 08:28:00,https://jobindo.com/Lowongan-Pekerjaan-cook-helper-pria-54118.html
https://jobindo.com/mobile/thumbnails/88868354.jpg,Teknisi Mesin,PT. ENDO Indonesia,"Surabaya, Jawa Timur",0,0,,"Persyaratan 
 Minimal D3 Teknik Mesin 
 Fresh graduate dipersilahkan melamar 
 Mengerti prinsip kerja mesin produksi 
 Memiliki kemampuan analisa dan detail 
 Jujur, ulet, disiplin dan mampu bekerja dalam tim",,"
 Deskripsi Pekerjaan
Melakukan perawatan mesin
Melakukan perbaikan pada mesin yang rusak atau mengalami gangguan

",0,0,Diploma 3 ,,0,0,01/01/1970 00:00:00,https://jobindo.com/Lowongan-Pekerjaan-teknisi-mesin-39986.html
https://jobindo.com/mobile/thumbnails/84878798.jpg,Sales Representative,Java Chocolate,"Sleman, DI Yogyakarta",0,0,,"Persyaratan 
 Pria/Wanita maks. 27 tahun 
 Sehat jasmani dan rohani 
 Jujur - disiplin - bertanggungjawab 
 Percaya diri dan mampu berkomunikasi dengan baik 
 Sanggup belajar untuk menjalin hubungan baik dengan toko",,"
 Deskripsi Pekerjaan
Melakukan penawaran produk ke toko/resto/hotel/cafe dan tempat potensial lainnya untuk pengembangan pasar
Menjaga hubungan baik dengan pelanggan
Mencatat hasil penjualan dan melakukan penagihan bulanan
Membuat laporan penjualan secara periodik
Mengelola penjualan dan mendistribusikan produk ke gerai oleh-oleh dan beberapa titik penjualan di area DIY – Jawa Tengah (sistem sudah berjalan tinggal mengembangkan jika ingin insentif lebih tinggi)
Proses distribusi ke toko-toko menggunakan motor untuk dalam kota Yogyakarta atau mobil minibus AC bersama dengan 1 (satu) orang driver jika pengiriman dalam jumlah banyak atau pengiriman ke luar kota

",0,2,SLTA/Sederajat ,,0,0,16/11/2019 10:29:00,https://jobindo.com/Lowongan-Pekerjaan-sales-representative-50021.html
https://image-service-cdn.seek.com.au/1f7a9143eecdd5f07a11c8a6a3c27d51d8ad2409/ee4dce1061f3f616224767ad58cb2fc751b8d2dc,Drafter Engineer,PT Fuller Autoparts Indonesia,Banten,1,50,Penuh Waktu,"Teknik ,  Mekanikal",Pegawai (non-manajemen & non-supervisor),"Menguasai solidworks Lebih disukai berlatar belakang mechatronic Menguasai ilmu GDT (Geometry Design & Tolerance) Melakukan KAIZEN di lingkungan kerja privat dan juga sekeliling pekerjaan. Lebih disukai berdomisili di sekitar tangerang, dadap Pekerja ulet, jujur dan tanggungjawab Berorientasi penyelesaian pekerjaan/project",2,0,,IDR,3.900.000 , 5.460.000 ,28/12/2022 06:34:54,https://www.jobstreet.co.id/id/job/drafter-engineer-4159642?jobId=jobstreet-id-job-4159642&sectionRank=14481&token=0~a103c8bc-45f6-4ff1-8705-049f707f28eb&fr=SRP%20Job%20Listing
https://images.glints.com/unsafe/glints-dashboard.s3.amazonaws.com/company-logo/d7c11d370baa70e98afcf6c48e484f35.jpeg,Tiktok Content Creator,PT HIT International,"Kebon Jeruk, Jakarta",0,0,Penuh Waktu,Business Development / Sales | Skills TikTok CapCut Video Editor Adoba Illustrator Adobe Premiere Pro Adobe Photoshop Sales Marketing tiktok ads,,"Deskripsi pekerjaan Tiktok Content Creator PT HIT International Deskripsi Pekerjaan : Menyiapkan dan mengatur konten TikTok, TikTok Shop, dan KOL TikTok· Livestreaming IG, TIKTOK & Ecommerce Bertanggung jawab untuk meningkatkan traffic sosial media dan conversion rate di TikTok shop Menyiapkan marketing campaign kreatif di TikTok beserta content writing dan copywriting Secara aktif memposting, berkomunikasi dengan follower/ subscriber dan memberikan respon yang tepat Mengembangkan brand awareness product di Tiktok dan IG Menganalisa trend, dan membuat rancangan strategi promosi dan penjualan Mengembangkan content baru yang menarik untuk meningkatkan audience TikTok Mencapai target penjualan yang ditentukan oleh Perusahaan Kualifikasi : Mengikuti bisnis trend era digital Usia Maksimal 27 tahun. Pengalaman di posisi yang sama minimal 1 tahun Memiliki akun TikTok & Expert dalam membuat konten TikTok· Memahami trend sosial media (TikTok & IG Reels) Berpengalaman dalam membuat konten video pendek (TikTok & IG Reels) Mampu bekerja dan berbicara di depan kamera Memahami SEO Memiliki Skill Copywriting dan Public Speaking Bersedia menjadi Talent Terbiasa mengedit video dengan Adobe Premiere Pro Percaya diri, Komunikatif, Jujur, Disiplin, Inovatif dan Kreatif Mampu bekerja sama dalam tim Terbiasa dengan target & mandiri Benefit : Bonus, Komisi diluar gaji, BPJS * Silahkan disertakan tautan akun TikTok yang dikelola di CV / Portofolio Saudara 
",1,3,,IDR,4.000.000,4.500.000,01/01/1970 00:00:00,https://glints.com/id/opportunities/jobs/tiktok-content-creator/782b5406-b502-4efb-bcf6-ee595270a9e8
https://jobindo.com/mobile/thumbnails/82425315.jpg,Perawat,RS.MUSTIKA MEDIKA,"Bekasi, Jawa Barat",0,0,,"Persyaratan 
 Menguasai Asuhan Keperawatan dan Ms.Office. 
 Usia maksimal 35 tahun. 
 Secara administratif dan fungsional bertanggung jawab kepada penanggung jawab perawatan gawat darurat2 
 Secara teknis medis operasional, bertanggung jawabkepada dokter penanggung jawab gawat darurat.",,"
 Deskripsi Pekerjaan
Menyiapakan fasilitas dan lingkungan IGD untukkelancaran pelayanan dan memudahkan pasien dalam menerima pelayanan.
Melaksanakan program orientasi kepada pasiententang IGD dan lingkungan, peraturan/tata tertib yang berlaku, fasilitas yang ada dan cara penggunaannya.
Mengkaji kebutuhan dan masalah kesehatan pasiensesuai dengan batas kemampuannya, dengan cara:

Mengamati keadaan pasien (tanda vital,kesadaran, keadaan mental, dan keluhan utama)
Melaksanakan anamnesa.


Melaksanakan tugas sore, malam, dan hari libursecara bergilir sesuai jadwal dinas.
 ",0,2,Diploma 3 ,,0,0,22/05/2018 14:39:00,https://jobindo.com/Lowongan-Pekerjaan-perawat-33577.html
https://jobindo.com/mobile/thumbnails/no-logo.gif,Kepala Maintenance,PT. Anugerah Spareparts Sejahtera,"Cirebon, Jawa Barat",0,0,,"Persyaratan 
 Menguasai Pengoperasian mesin bubut dengan DRO (CNC lebih baik), 
 Pengoperasian milling dengan DRO (CNC lebih baik), 
 Pengoperasian mesin surface grinding, mesin gergaji, 
 Teknik pembuatan & perbaikan moulding, 
 Elektronik mesin-mesin industri",,"
 Deskripsi Pekerjaan
Mengatur karyawan bagian maintenance
Bertanggung jawab atas mesin-mesin dan moulding (cetakan) milik perusahaan
Melakukan, perbaikan mesin maupun moulding dengan efektif dan efisien
Keterangan: mesin-mesin produksi berupa power press, hidrolis, spot welding, oven, drilling.

",2,5,SLTA/Sederajat ,,0,0,21/07/2016 16:12:00,https://jobindo.com/Lowongan-Pekerjaan-kepala-maintenance-7663.html
https://jobindo.com/mobile/thumbnails/69195447.jpg,Marketing,Anugerah TeknikJaya Abadi,"Jakarta Barat, DKI Jakarta",0,0,,"Persyaratan 
 Usia maksimal 25 tahun 
 Pendidikan Min D3 
 Memiliki inisiatif dan semangat tinggi 
 Penampilan menarik dan rapi 
 Memahami IT / komputer dan memiliki laptop / tablet / smartphone 
 Komunikasi dan orientasi pada target penjualan 
 Mampu bekerjasama yang baik dengan team maupun individu 
 Mempunyai kemampuan lobbying dan negoisasi 
 Terbiasa bekerja dibawah tekanan (under pressure) 
 Berdomisili Jakarta 
 Bonus menarik",,"
 Deskripsi Pekerjaan
Bertanggung jawab atas penjualan produk dan layanan perusahaan
Berkoordinasi dengan team dan support kerja
Mencapai target penjualan
Melakukan direct selling
Memperkenalkan dan menjelaskan produk kepada klien
Melakukan follow up dan negoisasi terhadap klien
Membuat laporan dan evaluasi terhadap hasil follow up harian/bulanan
Menjalin hubungan baik kepada klien
Membuat rencana kerja promosi dan pemasaran

",2,5,Diploma 3 ,,0,0,08/11/2018 16:02:00,https://jobindo.com/Lowongan-Pekerjaan-marketing-40294.html
https://jobindo.com/mobile/thumbnails/10828680.jpg,Operator Produksi (Cikupa - Tangerang),PT Indonesia Solar Global,"Tangerang, Banten",0,0,,"Persyaratan 
 Pria/Wanita, belum menikah, usia min 18 tahun/maks 22 tahun 
 Pendidikan SMK Teknik (diutamakan dari teknik Elektronika/Listrik/Mekatronika/Mesin/Mekatronika). Khusus untuk Wanita: bisa dari SMA IPA/IPS 
 Pengalaman kerja tidak diutamakan 
 Berbadan sehat, berat badan ideal, tinggi badan min 150 cm untuk wanita dan min 155 cm untuk pria 
 Tidak buta warna 
 Cekatan/Trampil, Teliti, Jujur, Mampu bekerja sama dalam team 
 Gaji/Upah sesuai UMR 
 Diutamakan yang berdomisili disekitar Tangerang 
 Bersedia datang ke lokasi pabrik (di Cikupa-Tangerang) dengan biaya sendiri untuk mengikuti tes & wawancara",,"
 Deskripsi Pekerjaan
Menjalankan mesin/proses produksi sesuai SOP (Standard Operating Procedure)
 ",0,2,SLTA/Sederajat ,,0,0,23/07/2018 11:09:00,https://jobindo.com/Lowongan-Pekerjaan-operator-produksi-cikupa-35494.html
https://jobindo.com/mobile/thumbnails/15222821.jpg,ECommerce Staff,PT. Mitra Insan Sejahtera,"Jakarta Selatan, DKI Jakarta",0,0,,"Persyaratan 
 Max 26 th. 
 Min D3 Jurusan IT/ Art Design/ Creative Multi Design.",,"
 Deskripsi Pekerjaan
Membuat draft untuk digital advertising.
Membuat OR untuk tagihan advertising.
 ",0,2,Sarjana ,,0,0,23/10/2017 10:46:00,https://jobindo.com/Lowongan-Pekerjaan-ecommerce-staff-25498.html
https://jobindo.com/mobile/thumbnails/2628256.jpg,Staff Pengembangan Usaha,PT Bhanda Ghara Reksa (Persero),"Jakarta Barat, DKI Jakarta",0,0,,"Persyaratan Job Deskripsi : 
 
 Mengidentifikasi dan menguji kesempatan bisnis baru. 
 Mengembangkan kerjasama/peluang bisnis yang sudah terjalin. 
 Melakukan analisa, mappingm dan berbagai hal mengenai bisnis perusahaan baik internal maupun eksternal. 
 Menjalankan fungsi sebagai pengembangan usaha, marketing dan sales bisnis perusahaan. 
 
 Kualifikasi : 
 Pendidikan minimal S1 Tranportasi atau Teknik Industri. 
 IPK minimal 3,00. 
 Usia maksimal 27 tahun. 
 Memiliki kemampuan analisa bisnis (business analysis). 
 Multi-tasking dan mampu bekerja di bawah tekanan. 
 Proaktif, disiplin, team player, smart, result oriented 
 Mampu berbahasa inggris, lisan dan tulis. 
 Berpenampilan menarik. 
 Keterangan lain : 
 
 2 posisi tersedia. 
 Penempatan di Head Office Jakarta. 
 Proses rekrutmen dilakukan di Jakarta.",,,0,2,Sarjana ,,0,0,01/04/2016 15:24:00,https://jobindo.com/Lowongan-Pekerjaan-staff-pengembangan-usaha-3196.html
https://image-service-cdn.seek.com.au/7ac922997a6c6635cb31baa194d24afe3501a2f5/a868bcb8fbb284f4e8301904535744d488ea93c1,Customer Care Specialist (Life Science),PT Genetika Science Indonesia,Tangerang,51,200,Penuh Waktu,"Pelayanan ,  Layanan Pelanggan",Pegawai (non-manajemen & non-supervisor),"JobDescription: 1. Prepare quotes on pricing, availability, and estimated shipping cost. 2.Processes sales orders. 3. Handle or refer billing requests as defined in desk procedures and reference tools. 4. Provide tracking of shipments. 5. Collaborates with internal stakeholders from various departments to ensure internal processes and customer expectations are met. 4. Maintain customer account information. 5. Issue preliminary, partial, or full release of BOM’s upon approval from customer based on expected delivery dates. 6. Proactively update customers on orders & delivery status. 7. Involve in projects involving departmental processes. Position Requirements 1. Experience in a customer service environment preferably in a Biologics/Chemical/Life Sciences or related industry. 2. Basic knowledge and/or experiences in Life Sciences preferred. 3. Ability to resolve customer inquiries. 4. Minimum education level is undergraduate. Personal Requirements Ability toworkin a team environment Ability to multi-task andworkin a fast-paced environment Excellent verbal and written and communication skills Excellent attendance history",0,0,Sarjana (S1),,0,0,14/12/2022 01:46:07,https://www.jobstreet.co.id/id/job/customer-care-specialist-life-science-4143231?jobId=jobstreet-id-job-4143231&sectionRank=26438&token=0~e66c4f2d-c228-4aa9-928a-f5064bc932c9&fr=SRP%20Job%20Listing
https://images.glints.com/unsafe/glints-dashboard.s3.amazonaws.com/company-logo/94df21da8561072388c099a1ee8be92a.jpg,Account Executive Joglosemar,99.co,Semarang,0,0,Penuh Waktu,Business Development / Sales | Skills Google Suites Business Development Account Management,,"Deskripsi pekerjaan Account Executive Joglosemar 99.co We are looking for a competent Account Executive   to find business opportunities and manage relationships with agent property in Semarang, Solo, Yogyakarta areas. What you will do: Build and maintain a good relationship with our customers (agent property and principal office) Call and propose our product to the customer (agent property) who has ended their subscription Do consultative selling by phone call based on our databases Provide professional after-sales support to maximize customer loyalty Remain in regular contact with our customers to understand and meet their needs Requirements: Proven experience as an Account Executive, or similar sales/customer service role Knowledge of market research, sales, and negotiating principles Outstanding knowledge of Google Apps (Sheets, Slides, Docs, Meet) and MS. Office Excellent communication/presentation skills and ability to build relationships Organizational and time-management skills Enthusiastic and passionate BSc or BA in business administration, sales, or marketing We apologize in advance – we may only be able to get back to shortlisted candidates; but we really, really appreciate every application, we think that is the greatest flattery we could ask for. Thank you!",1,3,,,0,0,01/01/1970 00:00:00,https://glints.com/id/opportunities/jobs/account-executive-joglosemar/fa1ac768-a49e-4380-bb05-a23320c19036
https://jobindo.com/mobile/thumbnails/43933381.jpg,Dokter Praktek,PT. Estetika Dermato Center,DKI Jakarta,0,0,,"Persyaratan 
 Pria/Wanita menarik, menyukai kecantikan 
 Pendidikan dokter umum 
 Fresh graduate, diutamakan pengalaman minimal 1 tahun di bidang estetik medic 
 Dapat berkomunikasi dengan baik, jujur, dan loyalitas tinggi 
 Dapat melakukan tindakan medis 
 Mengetahui dasar-dasar estetika 
 Nilai Plus untuk yang memiliki STR Aktive",,"
 Deskripsi Pekerjaan
Melakukan konsultasi dengan pasien
Mendiagnosa dan memberikan terapi sesuai dengan kondisi dan kasus pasien
Memberikan saran dan treatment yang sesuai dengan kebutuhan pasien
Melakukan tindakan medis
Membantu meningkatkan profit

",0,2,Sarjana ,,0,0,02/12/2017 13:38:00,https://jobindo.com/Lowongan-Pekerjaan-dokter-praktek-27101.html
https://jobindo.com/mobile/thumbnails/14100447.jpg,Java Programmer,PT. Design Jaya Indonesia,"Jakarta Selatan, DKI Jakarta",0,0,,"Persyaratan 
 Pria 
 Pendidikan minimum D3 Teknik Informatika / Sistem Informasi 
 Pengalaman min. 1 tahun 
 Menguasai bahasa program Java 
 BMenguasai Query Database (MySQL) 
 Berpengalaman membuat aplikasi Java (harap melampirkan portofolio) 
 Passionate dan menyukai dunia startup dan E-Commerce 
 Dapat bekerja baik dalam tim maupun sendiri 
 Mempunyai integritas dan ketelitian yang tinggi dalam bekerja 
 Mempunyai loyalitas yang tinggi terhadap perusahaan 
 Biasa bekerja dengan target dan dalam tekanan",,"
 Deskripsi Pekerjaan
Melakukan analisa,program uji & debug aplikasi Java
Mengembangkan aplikasi back end dan front end menggunakan java
Melakukan troubleshoot jika ada kendala di aplikasi
Membuat dokumentasi teknis

",0,2,Sarjana ,,0,0,16/09/2021 22:39:00,https://jobindo.com/Lowongan-Pekerjaan-java-programmer-59289.html
https://image-service-cdn.seek.com.au/1db05c67d4e3afe6bf1149eed9efd9083255b25c/ee4dce1061f3f616224767ad58cb2fc751b8d2dc,Trainer Alat Berat,PT Berca Mandiri Perkasa,Jakarta Raya,501,1000,Penuh Waktu,"Teknik ,  Mekanikal",Pegawai (non-manajemen & non-supervisor),kualifikasi : Pendidikan minimal S1 lulusan Pendidikan Teknik mesin/ Elektro/ Alat Berat Memiliki pengalaman diposisi yang sama lebih disukai Lulusan Baru diperbolehkan melamar Bersedia untuk melakukan perjalanan dinas luar kota jika dibutuhkan Menguasai Ms. Office khususnya Ms. power point Memiliki kemampuan komunikasi dan tingkat kepercayaan diri yang cukup baik Keuntungan : Career Path Health Insurance,1,0,Sarjana (S1),,0,0,15/12/2022 03:14:12,https://www.jobstreet.co.id/id/job/trainer-alat-berat-4145237?jobId=jobstreet-id-job-4145237&sectionRank=25192&token=0~b8c75411-9d87-4ccb-9ea9-e9d568c48b6b&fr=SRP%20Job%20Listing
https://jobindo.com/mobile/thumbnails/29754718.jpg,Drafter MEP,PT Canggu International,"Badung, Bali",0,0,,"Persyaratan 
 Pria atau wanita maksimal 35 tahun, 
 Pendidikan terakhir SMK tehnik Gambar D1 2 3 , S1 Jurusan mesin / Elektro, 
 Berdomisili di Bali, 
 Berpengalaman di proyek hotel bidang yang sama , minimal 3 tahun. 
 Mau kerja keras dan bertanggung jawab.",,"
 Deskripsi Pekerjaan
Memasang instalasi listrik
Memasang aneka macam mesin pada bangunan seperti mesin pompa lantai basement, mesin lift, mesin air mancur dll.
Memasang instalasi elektrikal seperti telepon, jaringan internet, tata suara gedung dan sejenisnya.

",2,5,Diploma 3 ,,0,0,05/12/2017 13:10:00,https://jobindo.com/Lowongan-Pekerjaan-drafter-mep-27258.html
https://jobindo.com/mobile/thumbnails/9049294.jpg,Guru Bahasa Inggris,PT. Ong Brothers Education,"Batam, Kepulauan Riau",0,0,,"Persyaratan 
 Lulusan segala jurusan, diutamakan pendidikan bahasa inggris 
 Laki-laki atau perempuan 
 Memiliki pengalaman mengajar 
 Menyukai anak-anak 
 Mampu meyampaikan materi pelajaran untuk siswa dari usia 3 tahun hingga siswa dewasa 
 Bersedia di tempatkan di BATAM",,"
 Deskripsi Pekerjaan
Menyampaikan materi pelajaran kepada siswa
Memastikan kelas berjalan secara kondusif
Bertanggung jawab atas perkembangan siswa

",0,2,Sarjana ,,0,0,18/12/2018 15:53:00,https://jobindo.com/Lowongan-Pekerjaan-guru-bahasa-inggris-41618.html
https://image-service-cdn.seek.com.au/b2c2195aad87c83ff28aea3c6f43cffc7f1b6e89/ee4dce1061f3f616224767ad58cb2fc751b8d2dc,Garment Merchandiser,PT. Aurora Group,,0,0,,,,,0,0,,,0,0,20/12/2022 02:01:15,https://www.jobstreet.co.id/id/job/garment-merchandiser-4149983?jobId=jobstreet-id-job-4149983&sectionRank=21723&token=0~9b9ed2d6-4202-4f98-95c5-82241096d06f&fr=SRP%20Job%20Listing
https://image-service-cdn.seek.com.au/1c092fa5e5b61b457e77a23824c2efbc95581326/ee4dce1061f3f616224767ad58cb2fc751b8d2dc,National Sales Manager (NSM),PT Tata Global Sentosa Tasen,Jawa Barat,51,200,Penuh Waktu,"Penjualan / Pemasaran ,  Penjualan Ritel",Manajer/Asisten Manajer,"Deskripsi pekerjaan : 1.Mengembangkan, merancang, dan menerapkan sales strategy, untuk pencapaian target-yang ditetapkan perusahaan. 2.Merancang dan melaksanakan pengembangan saluran distribusi MT/GT dan lainnya. 3.Menganalisa persaingan pasar saat ini secara nasional, dan proaktif dalam menerapkan strategi baru 4.Mengembangkan ASM dan KAM yang berada di dalam tim 5. Membangun motivasi tim salesmelalui pembinaan, pemantauan, mengidentifikasi masalah, dan membantu pemecahan masalah. 6.Pengembangan area dan distribusi product Spesifikasi : Pendidikan minimum Sarjana S1 segala jurusan Pengalaman minimum 2 tahun sebagai National Sales Manager untuk produk FMCG. Mempunyai Leadership yang kuat, manajerial skill dan pemikiran strategis. Mempunyai kemampuan komunikasi / interpersonal dan presentasi yang sangat baik. Jujur, dapat bekerja dalam tim Mau ditempatkan di mana saja",4,0,"Sertifikat Professional, D3 (Diploma), D4 (Diploma), Sarjana (S1)",,0,0,30/12/2022 14:06:41,https://www.jobstreet.co.id/id/job/national-sales-manager-nsm-4162864?jobId=jobstreet-id-job-4162864&sectionRank=14106&token=0~13ae3d70-135e-44d9-bee9-c3525ae887e5&fr=SRP%20Job%20Listing
,Teknisi Elektromedis,PT Intimedika Puspa Indaj,,0,0,,,,,0,0,,IDR,3.000.000 , 4.200.000 ,22/12/2022 20:00:52,https://www.jobstreet.co.id/id/job/teknisi-elektromedis-4140802?jobId=jobstreet-id-job-4140802&sectionRank=21460&token=0~5eb2e8be-b9c0-4c7f-88c6-e694bf753598&fr=SRP%20Job%20Listing
https://image-service-cdn.seek.com.au/2def12d0f413559fdac02247bd0338c181a64af6/ee4dce1061f3f616224767ad58cb2fc751b8d2dc,Dosen Tetap Fakultas Pariwisata Universitas Pertiwi,Pertiwi Global,Jakarta Timur,201,500,Penuh Waktu,"Pendidikan/Pelatihan ,  Pendidikan",Pegawai (non-manajemen & non-supervisor),"Persyaratan Umum: ·UsiaMaksimal 40 tahun ·Dapat mengoperasikan komputer Ms. Office atau Open Office, internet ·Dapat bekerja dalam tim maupun individu ·Dapat menyajikan data diri lengkap seperti KTP/SIM, ijazah pendidikan Persyaratan Khusus: ·Memiliki jiwa dan passion sebagaidosen. ·Sanggup Melaksanakan Tri Dharma Perguruan Tinggi ·Mempunyai jiwa leadership dan keteladanan. ·Mampu bekerja secara multi tasking dan bekerja dalam tim ·Dapat berbahasa Inggris dengan aktif tertulis maupun lisan. ·Diutamakan S2 in line di bidang Pariwisata/Manajemen Pariwisata. ·Diutamakan memiliki kompetensi di salah satu bidang Pariwisata berikut seperti:  housekeeping/cooking/pastry/front office/dll. ·Memiliki skill presentasi dan komunikasi yang baik. ·Diutamakan memiliki pengalaman kerja di bidangnya masing-masing ·Bertanggung jawab terhadap tugas Benefit: ·Reimunerasi kompetitif ·Insentif mengajar dan bonus lainnya ·Tunjangan kesehatan, transport, hari tua, dll ·Kesempatan meningkatkan pendidikan melalui kursus maupun pendidikan ke jenjang lebih tinggi ·Kesempatan fast track ke jenjang karir yang lebih tinggi Job Deskripsi Utama: ·Melakukan dan mengkoordinasi kegiatan akademik di kampus ·Melakukan pengajaran sesuai mata kuliah diampu ·Melakukan bimbingan akademik/konsultasi siswa secara rutin ·Melakukan penelitian dalam bentuk bimbingan kepada mahasiswa/i ataupun penelitian mandiri dalam institusi. ·Ikut serta dalam melakukan program pengabdian masyarakat Lokasi Penempatan : Kampus Universitas Pertiwi Cililitan",1,0,"Diploma Pascasarjana, Gelar Professional, Magister (S2)",,0,0,21/12/2022 16:20:29,https://www.jobstreet.co.id/id/job/dosen-tetap-fakultas-pariwisata-universitas-pertiwi-4152956?jobId=jobstreet-id-job-4152956&sectionRank=28429&token=0~5be4c027-f250-42cd-9d4b-8d772cf0403b&fr=SRP%20Job%20Listing
https://images.glints.com/unsafe/glints-dashboard.s3.amazonaws.com/company-logo/d521efdfc86f079e9a7f600c4ac69231.png,Host Live Streaming  ( Fashion ),Cv Cipta Busana Indah,Jakarta,0,0,Penuh Waktu,Business Development / Sales | Skills Host Live Steam Public Speaking (mc Master Of Ceremony,,"Deskripsi pekerjaan Host Live Streaming  ( Fashion ) Cv Cipta Busana Indah - Melakukan live pada e-commerce / sosial media ( 2 jam per sesi ) - Memperkenalkan, mereview dan memasarkan produk melalui live streaming (Tiktok, Shopee, IG) - Mengatur strategi untuk meningkatkan jumlah viewers Live, dan juga penjualan - Membantu membuat konten IG Reels/Tiktok yg menarik. Kreteria : - Wanita - Usia 18 - 25 Tahun - Memakai ukuran M - Berpengalaman Host Live dan MC ( diutamakan ) - Bersemangat dalam industri fashion - Percaya diri didepan kamera - Aktif dalam Sosial Media : Instagram dan Tiktok - Luwes berbicara di depan kamera - Fashionable dan proposional Hanya jika Anda memenuhi kriteria, ACTION sekarang juga! Kirim CV /Lamaran , Foto dan Melampirkan Video live/review sebelumnya Sebelum tanggal 25 Desember 2022",0,1,,IDR,3.000.000,4.000.000,01/01/1970 00:00:00,https://glints.com/id/opportunities/jobs/host-live-streaming-fashion/93c1f20d-2710-4d7e-9bad-1d051973791e
https://jobindo.com/mobile/thumbnails/57245279.jpg,Marketing Administration Officer,PT. Karya Buana Sejahtera,"Jakarta Selatan, DKI Jakarta",0,0,,"Persyaratan 
 Candidate must possess at least Diploma/Advanced/Higher/Graduate Diploma, Bachelor's Degree/Post Graduate Diploma/Professional Degreein any field. 
 Good communication in English both oral and written. 
 At least 2 Year(s) of working experience in the related field is required for this position. 
 Experienced in handling export and import documents will be an advantage. 
 Required Skill(s): Microsoft Office (Excel, Word, Power Point) 
 Preferably Junior Executive specialized in Marketing/Business Development, Administration, or equivalent.",,"
 Deskripsi Pekerjaan
Entry data
Create Invoice
Create PO
Create Draft Quotation

",2,5,Diploma 3 ,,0,0,01/01/1970 00:00:00,https://jobindo.com/Lowongan-Pekerjaan-marketing-administration-officer-23790.html
https://jobindo.com/mobile/thumbnails/68341772.jpg,Leader & Supervisor Store,PT Jaya Wira Jerindo,"Jakarta Utara, DKI Jakarta",0,0,,"Persyaratan 
 Lebih diutamakan berpengalaman di F&B/restoran sebagai Leader dan Supervisor minimal 1 tahun 
 Pendidikan minimal SMA/ SMK/ D3/ S1 sederajat 
 Siap bergabung secepatnya 
 Bersedia ditempatkan di seluruh Outlet Shihlin di Wilayah JABODETABEK/ CIREBON/ BANDUNG/ SEMARANG/ YOGYAKARTA/ SURABAYA 
 Bersedia mengikuti Program Training 1 Bulan di Training Centre Shihlin (Kapuk – Penjaringan, Jakarta Utara)",,"
 Deskripsi Pekerjaan

Memastikan semua pekerjaan berjalan sesuai dengan SOP
Pembuatan laporan Sales/ Stock + Pembuatan Schedule Crew (ON TIME) – Harian s/d Bulanan
Bertanggung jawab dalam perbaikan terhadap keluhan pelanggan/ customer
Memastikan kelancaran operational sesuai dengan standard dan efisien
Memastikan semua pencatatan berjalan (form pencatatan)
Memantau promosi dan penjualan yang ada dan ditingkatkan





",2,5,SLTA/Sederajat ,,0,0,02/10/2018 12:41:00,https://jobindo.com/Lowongan-Pekerjaan-leader-supervisor-store-37209.html
https://jobindo.com/mobile/thumbnails/52156388.jpg,Accounting,Lotussan Stationery,"Semarang, Jawa Tengah",0,0,,"Persyaratan 
 Pendidikan minimal D3 Akuntansi/ Perpajakan 
 Umur maksimal 40 tahun 
 Memiliki pengalaman bekerja sebagai Accounting minimal 8 tahun 
 Diutamakan yang berpengalaman pernah menangani Produksi 
 Mampu membuat Neraca Laba Rugi 
 Siap lembur, jujur, cekatan dan teliti",,,2,5,Diploma 3 ,,0,0,02/08/2019 10:43:00,https://jobindo.com/Lowongan-Pekerjaan-accounting-47434.html
https://jobindo.com/mobile/thumbnails/233085414.jpg,Sales Executive,Mahakarya Warisan Nusantara,"Jakarta Selatan, DKI Jakarta",0,0,,"Persyaratan 
 Menyukai tantangan kerja 
 Kemampuan Komunikasi Aktif 
 Memiliki Motivasi kuat untuk mencapai hasil yang baik 
 Bersedia ditempatkan dengan Jam Kerja Shift dan di daerah Jakarta Pusat dan Selatan 
 Mampu memberikan pelayanan baik terhadap Customer sebelum dan paska penjualan",,"
 Deskripsi Pekerjaan
Melayani Customer
Mengelola Database untuk pencapaian Target Penjualan
Melayani keluhan Customer dengan baik dan elegan
Menjaga sikap diri dan Team Work yang baik.

",0,2,SLTA/Sederajat ,,0,0,08/02/2017 15:30:00,https://jobindo.com/Lowongan-Pekerjaan-sales-executive-16062.html
https://jobindo.com/mobile/thumbnails/8931366.jpg,Accounting Officer (Tigaraksa - Tangerang),PT SERIP AMADORA INDONESIA,"Tangerang, Banten",0,0,,"Persyaratan 
 Pria / Wanita 
 Max.30 tahun 
 Sudah domisili di wilayah Tigaraksa - Tangerang sekitar 
 Pendidikan min S1 Akutansi dari Universitas Terkemuka 
 IPK Min. 3.00 dari skala 0.0-4.0 
 Pengalaman bekerja sebagai accounting min. 3 tahun",,"
 Deskripsi Pekerjaan
Menguasai akutansi dan perpajakan
Mampu menyiapkan laporan keuangan (P&L dan Balance Sheet),
budgeting,
cash flow projection, dan pajak. P
Pernah mengikuti seminar Accurate dan pernah mengaplikasikan dalam pekerjaan

",2,5,Sarjana ,,0,0,07/12/2016 14:18:00,https://jobindo.com/Lowongan-Pekerjaan-accounting-officer-tigaraksa-13044.html
,Admin Penjualan,Pelangi Fashion (Karanganyar),,0,0,,,,,0,0,,,0,0,12/12/2022 06:45:49,https://www.jobstreet.co.id/id/job/admin-penjualan-4140464?jobId=jobstreet-id-job-4140464&sectionRank=30150&token=0~d8f2c777-38b4-4308-b573-30f2477bbe7c&fr=SRP%20Job%20Listing
https://images.glints.com/unsafe/glints-dashboard.s3.amazonaws.com/company-logo/9569c0bd8e669bbccccfe11f0567c85d.jpg,Sales Admin ( Intership ),Englishvit,Yogyakarta,0,0,Penuh Waktu,Marketing | Skills Telemarketing Sales Administration Sales Marketing,,"Deskripsi pekerjaan Sales Admin ( Intership ) Englishvit WFO Yogkarta Apakah ANDA Suka menjalin hubungan dengan orang-orang baru? Seorang penjual yang hebat? JOB DESKRIPSI : Mendatangkan calon customer Menghubungi calon customer Memfollow up calon customers Membina hubungan baik dengan customer Membuat laporan hasil penjualan Membuat laporan daftar calon customer yang sudah dihubungi dan hasilnya PERSYARATAN : Sangat antusias dibidang penjualan Berusia maksimal 28 tahun Memiliki Kemampuan berkomunikasi yang baik Berpendidikan akademis SMA/SMK, D3/D4, S1/S2 Inisiatif tinggi, bertanggung jawab, cekatan, dan ingin belajar Bisa bahasa Inggris Apa yang akan saya dapat? Pekerjaan yang ""FUN"" dan penuh tantangan Bisa meningkatkan skill bahasa Inggris kamu Training Jenjang karir Incentive tidak terbatas Bonus tambahan jika tercapai target Perusahaan kami sedang berkembang dan tumbuh pesat Suasana kerja yang menyenangkan",0,1,,IDR,1.500.000,2.500.000,01/01/1970 00:00:00,https://glints.com/id/opportunities/jobs/sales-admin-intership/5ad79a8e-b648-4730-b2fa-a1fad8a824a5
,Asisten Manager Produksi,CV Hutama Mandala Putra,Malang,0,0,Penuh Waktu,"Manufaktur ,  Manufaktur",Supervisor/Koordinator,"Perusahaan di bidang pembentukan & pengelasan logam. Membutuhkan karyawan dgn kriteria sbb: Usia maksimal 25 tahun Pendidikan minimal SMA jurusan IPA Atau S1 Jurusan teknik mesin / industri Memiliki dasar keahlian & mampu berhitung secara cepat & teliti Bisa mengoperasikan computer minimal menggambar teknik autocad & excel Tidak merokok Pengalaman tidak diutamakan Memiliki kendaraan pribadi (sepeda motor) Domisili malang kota atau dekat tempat kerja (di daerah raya karanglo) Segera apply lamaranmu atau langsung ke : Jl. Pengayoman No.16 Raya, Karanglo, Kec. Singosari, Kota Malang, Jawa Timur 65153",0,0,"SMA, SMU/SMK/STM, Sertifikat Professional, D3 (Diploma), D4 (Diploma), Sarjana (S1)",,0,0,09/12/2022 07:23:20,https://www.jobstreet.co.id/id/job/asisten-manager-produksi-4138500?jobId=jobstreet-id-job-4138500&sectionRank=31743&token=0~2d61cab3-4335-49b3-a8a0-57237b9bf130&fr=SRP%20Job%20Listing
https://image-service-cdn.seek.com.au/6a185c6922bcdc7597335b62f7818914f7f8217b/ee4dce1061f3f616224767ad58cb2fc751b8d2dc,Sales Consultant,Wuling AJM Semarang Srondol,,0,0,,,,,0,0,,IDR,2.000.000 , 4.000.000 ,29/12/2022 06:12:50,https://www.jobstreet.co.id/id/job/sales-consultant-4160928?jobId=jobstreet-id-job-4160928&sectionRank=21293&token=0~67aab0fe-7596-4a74-891c-6b3715b21465&fr=SRP%20Job%20Listing
https://jobindo.com/mobile/thumbnails/96703979.jpg,Store Hunter (Semarang),PT. GLOBAL SARANA SUKSES - SEMARANG,"Semarang, Jawa Tengah",0,0,,"Persyaratan 
 Pria / Wanita, Usia Max 35 tahun 
 Pendidikan Min SMA / Sederajat (D3 / S1 dipersilahkan melamar) 
 Pengalaman Min 1-2 tahun sebagai Sales / Marketing lapangan 
 Suka travelling / mobile 
 Memiliki kendaraan pribadi dan SIM C 
 Menyukai tantangan 
 Komunikatif 
 Menguasai daerah Semarang, Pekalongan, & Cirebon",,"
 Deskripsi Pekerjaan
Mencari Store (Kios, Toko Grosir, dll) untuk dilakukan pendekatan untuk menempatkan Freezer IndoEskrim di toko tersebut.
Melakukan penjelasan dan negosiasi terkait dengan keuntungan menjual Indoeskrim.
Mampu meyakinkan pemilik toko, Kios untuk penempatasn Frezer Indoeskrim dan berjualan Eskrim tersebut dengan segudang keuntungan bila menjual INDOESKRIM.
",0,2,SLTA/Sederajat ,,0,0,29/08/2016 12:02:00,https://jobindo.com/Lowongan-Pekerjaan-store-hunter-semarang-8964.html
https://jobindo.com/mobile/thumbnails/91153461.jpg,Admin Support,PT. Piramida Teknologi Informasi,"Surabaya, Jawa Timur",0,0,,"Persyaratan  1. Menguasai Microsoft Office  2. Wanita  3. Usia max 40 tahun  4. Pendidikan minimal SMU/D1/D3/S1  5. Berpenampilan menarik  6. Mempunyai kemampuan komputer dan filling yang baik  7. Mempunyai kemampuan komunikasi yang baik  8. Memiliki integritas yang sangat baik serta mempunyai loyalitas yang tinggi  9. Jujur, Teliti , Cekatan  10. Mampu bekerja dibawah Tekanan  11. Mampu bekerja dalam Target dan Kreatif  12. Kemampuan presentasi dan Komunikasi yang Baik  13. Dapat bekerja dalam Tim  14. Belum Menikah / Single  15 Bersedia melakukan kunjungan marketing dalam kota maupun luar kota.  16. Bersedia Ditempatkan Dikota Surabaya",,"
 Deskripsi PekerjaanMembantu manajemen dalam hal kesekretarisan , Mengelola pengadaan barang atau fasilitas operasional perusahaan ",0,2,SLTA/Sederajat ,,0,0,10/09/2020 09:39:00,https://jobindo.com/Lowongan-Pekerjaan-admin-support-54897.html
https://jobindo.com/mobile/thumbnails/38684561.jpg,HR Staff,PT Serasa Selera Nusantara (Serasa Food),"Jakarta Timur, DKI Jakarta",0,0,,"Persyaratan 
 Max age 26 years old. 
 Candidate must possess at leastBachelor'sDegree in Psychology, Law or equivalent. 
 At least 1 Year of working experience in the related field is required for this position. 
 Fresh Graduate are welcome to apply. 
 Preferably Staff (non-management & non-supervisor) specialized in Human Resources or equivalent. 
 Computer literate (excellent in Power Point & Excel). 
 Good interpersonal skills. 
 Placement East Jakarta",,"
 Deskripsi Pekerjaan
Create & Post job vacancy.
Assisting in recruitment process.
Responsible in registering employee BPJS Kesehatan, Insurance.
Responsible for conducting TNA.
Maintain and handle employees document for HR monthly report.
Maintain and handle employees attendance (sick, leave, etc).
Assist HR Manager in maintaining Company Regulations & liase with Labor Ministry.
 ",0,2,Sarjana ,,0,0,01/01/1970 00:00:00,https://jobindo.com/Lowongan-Pekerjaan-hr-staff-43782.html
,STEWARD,Punjabi Grill Bali,,0,0,,,,,0,0,,,0,0,27/12/2022 11:51:29,https://www.jobstreet.co.id/id/job/steward-4158915?jobId=jobstreet-id-job-4158915&sectionRank=21590&token=0~5dbf9dde-81a8-4803-9d43-1d881d35b8bd&fr=SRP%20Job%20Listing
https://jobindo.com/mobile/thumbnails/51139991.jpg,Tutor Geografi SMA,Homeschooling Kak Seto (HSKS) Pusat,"Tangerang Selatan, Banten",0,0,,"Persyaratan 
 Pria/ Wanita berusia maksimal 27 tahun 
 Latar belakang pendidikan minimal S1 dari jurusan Geografi/ Pendidikan Geografi 
 Menguasai aplikasi office 
 Memiliki minat yang tinggi dalam dunia anak & pendidikan 
 Mampu bekerja dalam tim maupun secara mandiri 
 Memiliki kemampuan mengajar yang kreatif 
 Sabar, adaptif, mau bekerja keras, dan mudah bergaul 
 Berpenampilan rapi dan menarik 
 Berwawasan luas",,"
 Deskripsi Pekerjaan
Mengajar siswa/i SMA, 3 hari kerja dalam seminggu
Mengajar di HSKS Pusat, Tangerang Selatan
Mengajar klasikal (10 murid dalam 1 kelas)
Penyusunan RPP
Evaluasi pembelajaran
Mengikuti kegiatan yang diselenggarakan
 ",0,0,Sarjana ,,0,0,20/10/2016 13:15:00,https://jobindo.com/Lowongan-Pekerjaan-tutor-geografi-sma-11415.html
https://jobindo.com/mobile/thumbnails/99642051.jpg,Staff Driver,Wan2try,"Surabaya, Jawa Timur",0,0,,"Persyaratan 
 Pria 
 Umur 22-35 tahun 
 Memiliki Sim B1 
 Dapat mengemudikan truck 
 Dapat bekerja sama dengan team 
 Niat bekerja, rajin dan jujur",,"
 Deskripsi Pekerjaan
Mengirimkan barang kepada costumer
Menguasai wilayah surabaya, sidoarjo, gresik

",2,5,SLTA/Sederajat ,,0,0,01/01/1970 00:00:00,https://jobindo.com/Lowongan-Pekerjaan-staff-driver-48572.html
https://image-service-cdn.seek.com.au/84981a9c742807d873cda6533f1811f1bc826895/ee4dce1061f3f616224767ad58cb2fc751b8d2dc,Staff Akuntansi dan Pajak,PT Robutech,Surabaya,0,0,Penuh Waktu,"Akuntansi / Keuangan ,  Audit & Pajak",Pegawai (non-manajemen & non-supervisor),"PT Robutech, perusahaan yang bergerak dibidang Konsultasi dan Pengujian Teknik, sedang mencari karyawan baru untuk mengisi posisi sebagai Staff Akuntansi dan Pajak Tanggung Jawab Pekerjaan : Menyusun SPT masa dan tahunan Membuat laporan pajak Collect dan entry PPh 23 Entry PPn, PPh21, 22, 23, 25 dan 4 (ayat 2) Keahlian : Familiar dengan sistem akuntansi / keuangan (Accurate 5) Familiar dengan aplikasi perpajakan Familiar dengan microsoft office (terutama excel) Kualifikasi : Usia 22-27 tahun, tidak merokok Lulusan D3/S1 Akuntansi atau Pajak Jujur, Loyalitas Tinggi Pengalaman minimal 1 thn Mampu bekerja individu dan tim Waktu Bekerja : Senin – Jumat Jam 08.00 – 17.00 Tunjangan : Uang makan BPJS Kesehatan BPJS Ketenagakerjaan PPh21 Lain-lain",1,0,"Sertifikat Professional, D3 (Diploma), D4 (Diploma), Sarjana (S1), Diploma Pascasarjana, Gelar Professional, Magister (S2)",,0,0,20/12/2022 07:21:34,https://www.jobstreet.co.id/id/job/staff-akuntansi-dan-pajak-4150715?jobId=jobstreet-id-job-4150715&sectionRank=26474&token=0~75ab55bf-166b-45a0-923e-c6512e694ccb&fr=SRP%20Job%20Listing
https://images.glints.com/unsafe/glints-dashboard.s3.amazonaws.com/company-logo/f371975b6d30177258c9c09421f33fdf.jpeg,ASS OPERATIONAL TEAM,PT. BOS TOBOS INDONESIA,Tangerang,0,0,Penuh Waktu,Operations | Skills Operations Management Public Speaking Copywriting & Editing Live Streaming Operator Data Analysis,,"Deskripsi pekerjaan ASS OPERATIONAL TEAM PT. BOS TOBOS INDONESIA Kualifikasi: Pendidikan minimal S1  Kreatif, inovatif, dan open minded Memiliki pengalaman bidang e-commerce atau platform sosial media Memiliki kemampuan analisi data dengan baik Menguasai teknik penulisan dan story telling / public speaking yang baik Mengikuti perkembangan platform media sosial Mempu berbahasa Inggris aktif (bahasa mandarin diutamakan) Mampu bekerja di bawah tekanan dan dalam team (prefer di hari libur atau weekend)",1,3,,IDR,100,4.000.000,01/01/1970 00:00:00,https://glints.com/id/opportunities/jobs/ass-operational-team/79f9be04-3504-4afd-afd4-ef9935883f90
https://karir-production.nos.jkt-1.neo.id/logos/84/3157184/rgflogo.jpg,Japanese Speaker GA Staff - Trading - Cikarang (A-83572),PT RGF Human Resources Agent Indonesia,Cikarang - Cikarang,0,0,,Persyaratan Maximum 28 years old. Have minimum JLPT N3 certificate. Pay attention to self appearance. Computer literate (Microsoft office). [Only CV in English will be processed],Pemula / Staf,"Tanggung Jawab As receptionist: Answer any inquiry (phone call, e-mail or guest). General GA work: Making purchase requisition and purchase order. Making letter out. Another task as assigned.",1,0,Sarjana/S1,IDR,5.000.000,6.000.000,08/12/2022 09:36:45,https://www.karir.com/opportunities/1355539
https://images.glints.com/unsafe/glints-dashboard.s3.amazonaws.com/company-logo/d6f6e42d2377231f3238ab1f2c10328c.png,Network Security Engineer (Experience),Sysdata.id,Jakarta,0,0,Penuh Waktu,Engineering | Skills Cisco Networking (ccna) Network Security Networking Fortinet NSE4,,"Deskripsi pekerjaan Network Security Engineer (Experience) Sysdata.id Deskripsi Pekerjaan:
1. Melakukan tugas operasional sehari-hari seperti perubahan konfigurasi yang diminta customer dan juga aktivitas migrasi (apabila diperlukan).
2. Memberikan rekomendasi perbaikan terkait network configuration.
3. Memberikan rekomendasi desain bedasarkan kondisi existing ke arah best practice.
4. Melakukan Remote Support 24x7 terhadap issue technical jika diperlukan.
5. Monitoring uptime dan performance Infrastruktur yang ada.
6. Menjaga SLA Infrastruktur sesuai dengan standard customer
7. Melakukan troubleshoot, menjadi eskalasi dari customer dan dan bisa melakukan analisa dengan baik ketika eskalasi ataupun ke principal terkait issue yang terjadi.
8. Melakukan supervisi atau eskalasi terhadap L1 Engineer/Junior Network Engineer
9. Bekerjasama dengan principal terkait issue/incident yang terjadi di Infrastruktur customer

Persyaratan Kandidat :
1. Pengalaman Kerja 1-2 Tahun di bidang Network Security lebih diutamakan.
2. Pendidikan minimal D3/S1 dan memiliki ATTITUDE yang BAIK.
3. Memiliki pemahaman konsep TCP/IP yang kuat.
4. Memiliki pengalaman hands-on, project, dan konsep yang kuat di Network Routing Protocol (Static, OSPF) dan Switching.
5. Memiliki pengalaman di Bidang Network Security (NGFW) dan Fortinet (Lebih diutamakan)
4. Memiliki Sertifikasi CCNP-SEC/NSE-4/NSE-7 atau setara lebih diutamakan, dibuktikan dengan kemampuan mendemostrasikan skill tersebut dengan baik.
5. Bersedia ditempatkan di customer (Banking) maupun di datacenter kapanpun terutama dalam kondisi urgent.
6. Bersedia bekerja dan under call 24x7 atau weekend ketika ada problem yang terjadi.
7. Mau bekerja di area Jabodetabek dan sekitarnya.
8. Fast responses is MANDATORY.
9. Responsif dan memiliki kemampuan komunikasi yang baik (Indonesia/Inggris).
10. Bersedia bekerja secara shifting.
11. Memiliki growth mindset dan kemampuan untuk explore teknologi terbaru.
12. Bersedia melakukan perjalanan dinas.",1,3,,IDR,7.000.000,8.500.000,01/01/1970 00:00:00,https://glints.com/id/opportunities/jobs/network-security-engineer-experience/ca112355-250b-4cd1-90a0-418c5b28315d
https://jobindo.com/mobile/thumbnails/815479972.jpg,Administrasi,PT. BPR Prima Kredit Utama,"Surabaya, Jawa Timur",0,0,,"Persyaratan Kriteria : 
 
 Pria / Wanita 
 Usia max 25 tahun 
 Pendidikan minimal D3 / sedang kuliah minimal semester IV 
 Berpenampilan menarik dan memiliki kemampuan komunikasi yang baik 
 Ulet, jujur, pekerja keras 
 Penempatan di Surabaya",,,0,2,Diploma 3 ,,0,0,11/04/2016 12:18:00,https://jobindo.com/Lowongan-Pekerjaan-administrasi-1597.html
https://image-service-cdn.seek.com.au/dcd27f0af247eb20634a140097396eb1d59c9a8d/ee4dce1061f3f616224767ad58cb2fc751b8d2dc,Account Officer / Relationship Officer (Placement: Makassar),PT Hino Finance Indonesia,,0,0,,,,,0,0,,,0,0,23/12/2022 03:02:56,https://www.jobstreet.co.id/id/job/account-officer-relationship-officer-placement%3A-makassar-4154663?jobId=jobstreet-id-job-4154663&sectionRank=18404&token=0~806cc86c-d0c5-4ee3-8b20-08d12ccd3fd6&fr=SRP%20Job%20Listing
https://jobindo.com/mobile/thumbnails/96133379.jpg,Sales Bangunan (Madura),ARGA CORP,"Pamekasan, Jawa Timur",0,0,,"Persyaratan 
 Diutamakan  domisili Madura 
 DiutamakanDapat Segera BergabungdanAchievement Oriented 
 Diutamakan Berpengalaman Di Bidang Sama (Sales Bahan Bangunan atau Sales Keramik) 
 Diutamakan Laki - Laki 
 Usia 20 - 35 Th 
 Mampu Bekerja dengan target dan kooperatif",,,2,5,SLTA/Sederajat ,,0,0,01/01/1970 00:00:00,https://jobindo.com/Lowongan-Pekerjaan-sales-bangunan-madura-17503.html
https://images.glints.com/unsafe/glints-dashboard.s3.amazonaws.com/company-logo/bed367da03f7fb839ca88e00047f722d.jpeg,Casual (Part time) Crew Service,PT SABOTEN MILENIAL INDONESIA,Malang,0,0,Part-Time,"Other | Skills Service Excellent Good Communication Skills Ceria, energic dan positive",,Deskripsi pekerjaan Casual (Part time) Crew Service PT SABOTEN MILENIAL INDONESIA Job Description: 1. Melayani customer dalam penyajian makanan  2. Membantu customer resto,0,1,,,0,0,01/01/1970 00:00:00,https://glints.com/id/opportunities/jobs/casual-part-time-crew-service/ff6b4a8f-bdd9-4f70-88c8-baedb9f95d89
https://jobindo.com/mobile/thumbnails/15222821.jpg,Marketing Supervisor,PT. Mitra Insan Sejahtera,Seluruh Indonesia,0,0,,"Persyaratan 
 Max 35 th. Min SMA/ SMK Segala Jurusan. 
 Pengalaman min 2 th sebagai Medical Representative.",,"
 Deskripsi Pekerjaan
Mengorganisir dan memberikan pengarahan terhadap Medical Representatif.
Membuat laporan kepada Area Sales Manager terhadap pencapaian target sales.
Problem Solving terhadap masalah yang dihadapi Medical Representatif.
 ",2,5,Sarjana ,,0,0,29/06/2018 16:34:00,https://jobindo.com/Lowongan-Pekerjaan-marketing-supervisor-34620.html
https://image-service-cdn.seek.com.au/26372c56966c0e958cc7e57af01a926e7882992d/ee4dce1061f3f616224767ad58cb2fc751b8d2dc,Full-Stack Java Web Developer,Next TI,,0,0,,,,,0,0,,,0,0,28/12/2022 20:00:55,https://www.jobstreet.co.id/id/job/full-stack-java-web-developer-4141753?jobId=jobstreet-id-job-4141753&sectionRank=18599&token=0~8b8fc3cc-f291-4ac6-bd93-b2d8ac1c0b29&fr=SRP%20Job%20Listing
https://jobindo.com/mobile/thumbnails/54827426.jpg,Guru Bahasa Mandarin Part time,Speak One,"Denpasar, Bali",0,0,,"Persyaratan 
 Pengalaman mengajar minimal 1 tahun 
 Pria/wanita usia 25 - 40 tahun 
 Fresh Graduate dipersilahkan melamar 
 Mempunyai waktu yang flesibel 
 Pendidikan segala jenjang bisa melamar dengan persyaratan kemampuan mandarin setara HSK 5",,"
 Deskripsi Pekerjaan
Mengajar Bahasa Mandarin
Mengkoreksi hasil penilaian siswa
Melaporkan perkembangan siswa
Melaporkan nilai hasil akhir siswa
Mengikuti Training mingguan

",0,2,Sarjana ,,0,0,28/08/2019 16:18:00,https://jobindo.com/Lowongan-Pekerjaan-guru-bahasa-mandarin-48129.html
https://jobindo.com/mobile/thumbnails/53909074.jpg,Project Controller,PT REFRATECH MANDALA PERKASA,"Bogor, Jawa Barat",0,0,,"Persyaratan 
 Laki - LAki / Wanita 
 Usia Max. 35 Tahun 
 Pendidikan Min. D III Akutansi 
 Pengalaman Min. 1 Tahun di posisi yang sama 
 Bahasa Inggris min. Pasif 
 Terbiasa bekerja di area project 
 Terbiasa dengan Laporan keuangan dan budget project 
 Tegas, Jujur, Disiplin, Tanggung Jawab, Inisiatif & Dapat Bekerjasama Dengan Tim 
 Mengerti Perbankan 
 Area bekerja Citeureup - Bogor",,,2,5,Diploma 3 ,,0,0,20/07/2017 12:26:00,https://jobindo.com/Lowongan-Pekerjaan-project-controller-21780.html
https://jobindo.com/mobile/thumbnails/32140774.jpg,Sales Executive,PT. Indonesia Media Televisi (BigTV),"Jakarta Selatan, DKI Jakarta",0,0,,"Persyaratan Kualifikasi 
 
 Usia Max. 30 tahun 
 Pendidikan Min. SMA/Sederajat 
 Komunikatif 
 Pengalaman sebagai Sales Min. 1 Tahun 
 Jujur, Kreatif, Mampu Bekerja di bawah tekanan 
 Berpenampilan Rapih dan Menarik",,,0,2,SLTA/Sederajat ,,0,0,07/03/2016 09:27:00,https://jobindo.com/Lowongan-Pekerjaan-sales-executive-1093.html
https://jobindo.com/mobile/thumbnails/38954760.jpg,CMO Mobil (Jakarta Timur),PT Mega Central Finance,"Jakarta Timur, DKI Jakarta",0,0,,"Persyaratan 
 Usia maksimal 30 tahun 
 Pendidikan minimal D3 sederajat 
 Memiliki kendaraan sendiri dan memiliki SIM C 
 Memiliki kemampuan persuasif & analisis yang baik 
 Menyukai pekerjaan lapangan dan bisa bekerja dengan target 
 Penempatan : Jakarta Timur (Duren Sawit)",,"
 Deskripsi Pekerjaan
Melakukan penjualan agar mampu mencapai target yang telah diberikan oleh perusahaan
Bekerjasama dengna Dealer untuk melakukan kegiatan penjualan Mobil Baru sesuai dengan prosedur yang ditetapkan
Membina hubungan baik dengan Dealer sebagai bentuk upaya pemenuhan target penjualan
Membuat laporan aktivitas penjualan harian, mingguan dan bulanan

",0,2,Diploma 3 ,,0,0,02/11/2017 12:17:00,https://jobindo.com/Lowongan-Pekerjaan-cmo-mobil-jakarta-23976.html
https://jobindo.com/mobile/thumbnails/15222821.jpg,Store Supervisor,PT. Mitra Insan Sejahtera,Seluruh Indonesia,0,0,,"Persyaratan 
 Wanita. 
 Usia maks.26th. 
 Pendidikan min D3 Segala Jurusan.",,"
 Deskripsi Pekerjaan
Memberikan konsultasi kepada customer tentang produk kesehatan: obat, vitamin/ suplemen, alat kesehatan.
Mencapai komitmen sales yg disepakati dg atasan supaya mencapai Growth 24 yg positif.
Memperhatikan ketersediaan stok barang: order barang ke gudang atau melakukan retur barang selama masih dalam periode yg bisa diterima oleh gudang atau supplier.
 ",2,5,Diploma 3 ,,0,0,01/01/1970 00:00:00,https://jobindo.com/Lowongan-Pekerjaan-store-supervisor-46184.html
https://image-service-cdn.seek.com.au/0d0e358d36ff8e52ffcd80b30670947a700939ca/a868bcb8fbb284f4e8301904535744d488ea93c1,Product Specialist Senior Supervisor,KalGen DNA,,0,0,,,,,0,0,,,0,0,16/12/2022 12:23:41,https://www.jobstreet.co.id/id/job/product-specialist-senior-supervisor-4147807?jobId=jobstreet-id-job-4147807&sectionRank=24428&token=0~e0b4ec9b-72f5-491b-9273-1025ddc9106d&fr=SRP%20Job%20Listing
https://image-service-cdn.seek.com.au/bb58e08830426abf2e0167e9891c65d1dcf5fc2a/ee4dce1061f3f616224767ad58cb2fc751b8d2dc,Product Specialist,PT Bio Axion Healthindo,,51,200,Penuh Waktu,"Penjualan / Pemasaran ,  Penjualan Ritel",Pegawai (non-manajemen & non-supervisor),"Urain Tugas : Melakukan detailing/pengenalan produk ke user (RS, Dinas, Apotek, Klinik, dll) Membuat data, jadwal dan mencatat outlet - otlet yang telah dan akan dikunjungi Membuat rencana untuk produk-produk yang dipasarkan pada setiap outlet Mengupdate informasi di lapangan seperti kendala, aktivitas kompetitor, kebijakan outlet yang ada dilapangan Mendapatkan informasi di lapangan untuk produk-produk yang dibutuhkan oleh setiap outlet. Membantu untuk menagih piutang distributor lokal / pelanggan khususjika dibutuhkan Kualifikasi : Usia maksimal 35 tahun Pendidikan minimal SMA/Sederajat Pengalaman minimal 2 tahun dibidang yang sama (ALKES) lebih diutamakan Berorientasi dengan target Dapat berkomunikasi dengan baik Representatif :  JAKARTA SELATAN, LAMPUNG - BENGKULU, MEDAN, ACEH, MALANG, TANGERANG, CIREBON, MAKASSAR, DAN SURABAYA ",1,0,"SMA, SMU/SMK/STM, Sertifikat Professional, D3 (Diploma), D4 (Diploma), Sarjana (S1)",,0,0,09/12/2022 08:09:36,https://www.jobstreet.co.id/id/job/product-specialist-4138617?jobId=jobstreet-id-job-4138617&sectionRank=29822&token=0~ac08f9d1-fff1-47ae-9a18-a5d32f43ea20&fr=SRP%20Job%20Listing
https://image-service-cdn.seek.com.au/60527d5e5e71292c623df611e7981f4ccdcf96fe/ee4dce1061f3f616224767ad58cb2fc751b8d2dc,Legal Personnel,PT Karunia Kuliner Indonesia (Restaurant Remboelan),Jakarta Raya,501,1000,Penuh Waktu,"Pelayanan ,  Pengacara / Asisten Legal",Pegawai (non-manajemen & non-supervisor),"Requirements  : Maximal age 25 years old Bachelor's Degree in Law Minimum 2 years experience in HR & Legal or relevant position. Have good communication, interpersonal, and critical-based problem-solving skills Proactive and able to identify issues and handle them properly acquired to company regulations. Understand HRD systems and procedures. Excellent in regulations and the law of employment. Excellent knowledge of labor law, and keeping up to date with government regulations. Must have been fully vaccinated with Covid-19. Job Description : Plans, implements, analyzes, monitors, and assesses the operation of the internal and external legality of the Company. Responsible for the availability and sustainability of permits/documents required for the legality of the Company. Review and revise Company Regulations/Peraturan Perusahaan (PP), Collective Labour Agreement (CLA), and labor-related policies and procedures. Responsible for industrial relations and reviewing legal opinions on legal issues experienced by the Company. Maintain communication with labor unions and the government. Responsible audit for Company regulation and make sure practices are aligned with government regulations. Participate actively in submitting ideas for improvements to the structure or foundation related to the development or renewal of legal practices or legal regulations that apply and relate to the Company. Provide day-to-day legal advice and consultancy for cross-functional departments.",2,0,Sarjana (S1),,0,0,29/12/2022 09:40:45,https://www.jobstreet.co.id/id/job/legal-personnel-4161423?jobId=jobstreet-id-job-4161423&sectionRank=13753&token=0~fdbfad89-987f-4ec8-96e6-c56e341f94b8&fr=SRP%20Job%20Listing
https://images.glints.com/unsafe/glints-dashboard.s3.amazonaws.com/company-logo/d6a85f4c727de2d72cb3ae87ef36d3e4.png,Graphic Designer,PT. Mega Harapan Mulia (Kelas.com),"Grogol Petamburan, Jakarta",0,0,Penuh Waktu,Design | Skills Motion Graphics Graphic Design Adobe Illustrator Product Design Design Thinking Adobe Photoshop,,"Deskripsi pekerjaan Graphic Designer PT. Mega Harapan Mulia (Kelas.com) Tanggung jawab : Membuat Desain Grafis untuk keperluan sosial media. Mampu merancang konten inovasi material promosi : banner, flyer, poster, dan materi promosi lainnya dengan konsep kreatif. Memiliki kemampuan dasar editing video. Berkolaborasi dengan Digital Marketing untuk membuat konten promosi. Kualifikasi : Dapat bekerja sama dengan tim. Jujur dan memiliki kemauan untuk terus belajar. Target oriented dan berpikir secara rasional dengan menimbang  risk-reward . Memiliki keterampilan dalam komunikasi. Menguasai Adobe Photoshop, Adobe Illustration Adobe Premiere, dan Adobe After Effects jadi nilai tambah. Kreatif dalam membuat konsep dan memiliki selera yang baik dalam membuat desain dan video kreatif.",1,3,,IDR,4.650.000,5.100.000,01/01/1970 00:00:00,https://glints.com/id/opportunities/jobs/graphic-designer/4637b844-51a6-4883-ac18-f0291ec64523
https://image-service-cdn.seek.com.au/5a3af6aef73aefc68566a4c26b6f9b36cb214c9e/ee4dce1061f3f616224767ad58cb2fc751b8d2dc,IT BUSINESS ANALYST,PT Mega Central Finance,Jakarta Raya,2001,5000,Penuh Waktu,"Komputer/Teknologi Informasi ,  IT-Perangkat Lunak",Pegawai (non-manajemen & non-supervisor),"Candidate must possess at least a Bachelor's Degree, Master's Degree / Post Graduate Degree, Computer Science/Information Technology, Engineering (Computer/Telecommunication) or equivalent. At least 1 year(s) of working experience in the related field is required for this position. Preferably Staff (non-management & non-supervisor)s specializing in IT/Computer - Software or equivalent. Full-Time position(s) available. Job Description : - Mengidentifikasi dan menganalisis potensi risiko & masalah dari suatu project - Membuat Functional Specification Document (FSD), yang digunakan sebagai dasar pembuatan program - Mengumpulkan data dan mendefinisikan kebutuhan dengan menterjemahkannya dari business requirements menjadi functional requirements. Kualifikasi Khusus : 1. Menguasai hal-hal yang berhubungan dengan bisnis proses analis dan membuat dokumentasi diagram seperti Flowchart, Entity Relationship Diagram, Use Case, Activity Diagram, Sequence Diagram, dll 2. Menguasai SQL Server (Structure Query Language) & Visio 3. Mampu berkomunikasi dengan baik (meeting, presentasi) 4. Memiliki daya analisa yang tinggi 5. Memiliki keinginan untuk belajar hal baru",2,0,"Sarjana (S1), Diploma Pascasarjana, Gelar Professional, Magister (S2)",,0,0,14/12/2022 02:00:43,https://www.jobstreet.co.id/id/job/it-business-analyst-4143260?jobId=jobstreet-id-job-4143260&sectionRank=27380&token=0~84866e95-4998-4d38-8dc7-ee9dd3ea55b8&fr=SRP%20Job%20Listing
https://image-service-cdn.seek.com.au/e328b32ca5113f006c3ea8a1bce29d5d595d0e0a/a868bcb8fbb284f4e8301904535744d488ea93c1,IT Project Manager,PT Logique Digital Indonesia,Jakarta Raya,51,200,,,,,0,0,,,0,0,28/12/2022 08:46:39,https://www.jobstreet.co.id/id/job/it-project-manager-4159984?jobId=jobstreet-id-job-4159984&sectionRank=16556&token=0~38a457af-024b-461c-97e4-ebc568e2940c&fr=SRP%20Job%20Listing
https://images.glints.com/unsafe/glints-dashboard.s3.amazonaws.com/company-logo/e1ad1acdab7e6df8de3891da1aa9c2ac.jfif,FREELANCE EKONOMI DAN BAHASA INDONESIA BOGOR,Edulab Indonesia,Bogor,0,0,Part-Time,Education | Skills Good Teamwork Good Communication Skills Good Teaching Skill,,Deskripsi pekerjaan FREELANCE EKONOMI DAN BAHASA INDONESIA BOGOR Edulab Indonesia - MENGAJAR KELAS 9-12 SMA DAN UTBK - MELAKUKAN KONSULTASI JURUSAN DAN PERKEMBANGAN (PSIKOLOGIS),0,1,,IDR,500.000,1.500.000,01/01/1970 00:00:00,https://glints.com/id/opportunities/jobs/freelance-ekonomi-dan-bahasa-indonesia-bogor/351907f4-598c-42c1-8a7d-965d44dc5098
https://jobindo.com/mobile/thumbnails/379283436.jpg,Administrasi Keuangan,Yayasan Pengembangan Profesi Indonesia (YPPI),"Karawang, Jawa Barat",0,0,,"Persyaratan Job Desc: 
 
 Mencatat penerimaan dan pengeluaran harian 
 Mengumpulkan dan mencatat dokumen transaksi 
 Menyusun Laporan harian dan menyusun buku besar berkala secara mingguan 
 Menyusun dan membayar tagihan berdasarkan schedule dan prioritasnya 
 Menyusun laporan bulanan 
 Menyusun laporan keuangan per semester",,,0,2,Diploma 3 ,,0,0,18/02/2016 09:55:00,https://jobindo.com/Lowongan-Pekerjaan-administrasi-keuangan-2666.html
https://images.glints.com/unsafe/glints-dashboard.s3.amazonaws.com/company-logo/9bcc0d8b8aa5dd1aeb70015ae310a50e.jpg,Video Editor,Pt Super Giga Generasi,"Kembangan, Jakarta",0,0,Penuh Waktu,Media & Communications | Skills Graphic Design Software Visual Design Video Editing,,"Deskripsi pekerjaan Video Editor Pt Super Giga Generasi Requirements: Able to Work From Office (based in Puri Kembangan, Jakarta Barat) Familiar with design software such as : Photoshop, Illustrator, Premiere, Animation, Video Editing, Corel Draw, or After Effect Have a minimum experience for all Graphic Visual (Video / Animation campaign) is a plus Creative, proactive, and a strong team player Excellent in managing timelines and able to work in a fast-paced environment Able to join as soon as possible for a minimum of 6 months internship

 Benefit: Work from home, yeah! Flexible hours Learn & train by Fotoyu's expert engineers Casual dress code Competitive salary Fun & humble culture Office Perks Team bonding events Potential intern graduates will be accepted as full-time employees",0,1,,IDR,4.000.000,4.500.000,01/01/1970 00:00:00,https://glints.com/id/opportunities/jobs/video-editor/098ef435-50a3-4de4-8ccc-38de40033e5f
https://jobindo.com/mobile/thumbnails/250699984.jpg,Staf Admin Keuangan,PT. CHANDRA EKAJAYA LOGISTIK,"Jakarta Utara, DKI Jakarta",0,0,,"Persyaratan 
 Laki-Laki AtauPerempuan UmurMax, 30 
 Minimal Lulusan Sma 
 Bisa MengopersionalkanKomputer Ms Office 
 Bisa Bekerja Di Bawah Tekanan 
 Diutamakan Berpengalaman Keuangan Ekpedisi Container",,"
 Deskripsi Pekerjaan
Memverifikasi Dan Input Biaya Operasional Usaha
Berkomunikasi Dengan Beberapan Agent Kami
Melakukan Pekerjaan Lain Yang Berhubungan Dengan Keuangan

",0,2,SLTA/Sederajat ,,0,0,15/07/2021 23:23:00,https://jobindo.com/Lowongan-Pekerjaan-staf-admin-keuangan-58730.html
https://jobindo.com/mobile/thumbnails/460712747.jpg,Pelaksana Pelatihan,PT. Maduroo International,"Lumajang, Jawa Timur",0,0,,"Persyaratan 
 Wanita dan pria, usia max. 31 tahun, berpenampilan menarik 
 Pendidikan min. D3 semua jurusan 
 Pengalaman kerja sebagai guru/ pengajar, trainer, marketing, public speaker, minimal 2 tahun 
 Memiliki kemampuan komunikasi antar personal yang baik dan berkomunikasi didepan umum (presentasi) dengan baik 
 Percaya diri, ulet dan berkepribadian menarik 
 Mengerti tentang perkembangan teknologi 
 Penempatan di Lumajang, Jawa Timur",,"
 Deskripsi Pekerjaan
Melakukan pelatihan mengenai produk kepada team di Area Lumajang, Jawa Timur
Melaksanakan administratif pelatihan
Membuat laporan hasil pelatihan

",2,5,Diploma 3 ,,0,0,01/01/1970 00:00:00,https://jobindo.com/Lowongan-Pekerjaan-pelaksana-pelatihan-18845.html
https://jobindo.com/mobile/thumbnails/46352797.jpg,Marketing P2P Brand Assistant Manager,PT Kas Wagon Indonesia (Cashwagon),"Jakarta Selatan, DKI Jakarta",0,0,,"Persyaratan 
 Proven working experience as brand manager or associate brand manager 
 Proven ability to develop brand and marketing strategies and communicate recommendations to executives 
 Experience in identifying target audiences and devising effective campaigns 
 Excellent understanding of the full marketing mix 
 Strong analytical skills partnered with a creative mind 
 Data-driven thinking and an affinity for numbers 
 Outstanding communication skills 
 Up-to-date with latest trends and marketing best practices 
 Degree in marketing or a related field 
 Google Adwords, Google Analytics, Double click Bid Manager, Google Tag Manager experience 
 Facebook ADS handling experience at least 3 years 
 Ms Office, Access powerpoin 
 Good at presentation 
 Good in English",,"
 Deskripsi Pekerjaan
Brand strategy, including the setting of style guides, brand guidelines, brand vision and value proposition for short as well as long term
Planning and execution of all communications and media actions on all channels, including online and social media
Assisting with product development, pricing and new product launches as well as developing new business opportunities
Creating and managing promotional collateral to establish and maintain product branding
Managing the budget for advertising and promotional items
Competitor and customer insights analysis
Analysis of sales forecasts and relevant financials and reporting on product sales
Lead creative development to motivate the target audience to “take action”
Monitor market trends, research consumer markets and competitors’ activities
Monitor product distribution and consumer reactions
Digital sales strategy development for different channels and countries, creation of separate strategies for each traffic source
Media plans and forecasts for future activities, including online and offline
Daily/weekly/monthly control of acquisition funnels and ads performance
Control and coordination of agencies and affiliate partners
Control and launching of projects with affiliate partners (incl Preparing technical requirements for implementation postback or other tracking)
Handling of Google and Facebook - Full understanding of all settings of these marketing tools: specific targetings, preparing custom audience list, forecast, analysis. Different types of campaigns (CPC, CPL, CPM etc)
Control and review of sms and email content

",2,5,Sarjana ,,0,0,07/01/2020 15:47:00,https://jobindo.com/Lowongan-Pekerjaan-marketing-pp-brand-51308.html
https://jobindo.com/mobile/thumbnails/40283862.jpg,Sales Logistic,PT BUNTU LESEN UTAMA,"Jakarta Utara, DKI Jakarta",0,0,,"Persyaratan 
 Pengalaman Di bidang Logistic lebih di sukai 
 Memiliki kemampuan komunikasi dan negosiasi yang baik 
 Memiliki kemampuan Bahasa Inggris yang baik 
 Memiliki kemampuan Microsoft Office yang baik, 
 terutama Excel dan Power Point",,"
 Deskripsi Pekerjaan
Aktif dalam mencari target customer
Bertanggung jawab dalam pengembangan sales area dan sales channelMenyusun strategi marketing
Bersama dengan team membuat strategi sales / marketing guna mencapai target, baik penjualan maupun distribusi
Mengusai product knowledge dengan baik.
Teratur melakukan rekap hasil penjualan secara detail untuk dievaluasi
Menganalisa market, mencari informasi dan memasarkan produk
Intens bekerja sama dan koordinasi dengan departement lain demi kelancaran penjualan dan logistik
Berperan aktif mencari kebutuhan pelanggan, menjaga after sales service, serta menjaga kepercayaan pelanggan terhadap perusahaan
Selalu belajar dan mengembangkan diri dengan tren marketing terbaru

",0,2,Diploma 3 ,,0,0,10/05/2021 15:07:00,https://jobindo.com/Lowongan-Pekerjaan-sales-logistic-57985.html
https://image-service-cdn.seek.com.au/13fd342d7396ca56a9a85236eb5041d31a3b44ba/a868bcb8fbb284f4e8301904535744d488ea93c1,Marketing Supervisor,PT Plaza Auto Prima,Jakarta Raya,501,1000,Penuh Waktu,"Penjualan / Pemasaran ,  Penjualan Ritel",Supervisor/Koordinator,"Job description: Lead team to mastery of sales process, systems and product knowledge Coaching and performance mentoring of sales representatives Delivers a significant portion of the training content for new team members including sales role-play sessions to ensure proper delivery of the sales scripts and handling common objections Coaches and works with team members to helping convert sales quotes to order opportunities and ensure positive movement in the sales cycle Align various sales activities and create an achievable and sustainable workload Identifies operational issues and suggest possible improvements Create a strategic link between the work of the team and the goals of team Building and growing effective teams Supervises team member to help inspire goal achievement Helps drive a positive customer experience by building relationships, exhibiting empathy, and providing solutions to their needs Build and promote strong, long-lasting customer relationships by partnering with them and understanding their needs Job qualification: Minimum of 5 - 7 years in the same position Bachelor degree of any major Excellent mentoring, coaching, and people management skills Have a leadership skill is a must Able to communicate effectively Have a strong analytic insight to identify and solve problems Excellent interpersonal skills, with ability to inspire, lead, and influence people Good networking and easy-going",7,0,"Sertifikat Professional, D3 (Diploma), D4 (Diploma), Sarjana (S1)",,0,0,22/12/2022 04:28:14,https://www.jobstreet.co.id/id/job/marketing-supervisor-4153461?jobId=jobstreet-id-job-4153461&sectionRank=20709&token=0~10288ff0-0559-448c-9ef5-81ef5e46a4f6&fr=SRP%20Job%20Listing
https://jobindo.com/mobile/thumbnails/55391446.jpg,Marketing Pameran,PT. Cipta Karya Alam (Moje Natural),"Jakarta Selatan, DKI Jakarta",0,0,,"Persyaratan 
 Berpengalaman sebagai marketing (Pameran) 
 Berpengalaman dibidang Furniture (desain interior) 
 Mampu menguasai Design 3D 
 Mampu membuat konsep sketch & drawing autocad 
 Mampu menguasai Komputer 
 Jujur & Bertanggung jawab",,,0,2,SLTA/Sederajat ,,0,0,01/01/1970 00:00:00,https://jobindo.com/Lowongan-Pekerjaan-marketing-pameran-31718.html
https://jobindo.com/mobile/thumbnails/75596163.jpg,Sales Counter Sparepart,PT. CATUR KOKOH MOBIL NASIONAL,"Mojokerto, Jawa Timur",0,0,,"Persyaratan 
 Wanita 
 Pendidikan min. SMA (S1 lebih diutamakan) 
 Berpengalaman di bidang sales counter menjadi nilai tambah 
 Mampu bekerja dalam tim maupun individu 
 Memiliki kemampuan komunikasi yang baik 
 Mampu mengoperasikan komputer 
 Bertanggung jawab, Disiplin, Cekatan, Jujur 
 Menyukai tantangan dan target",,"
 Deskripsi Pekerjaan
Deskripsi pekerjaan akan dijelaskan lebih lanjut saat interview

",0,2,Sarjana ,,0,0,01/01/1970 00:00:00,https://jobindo.com/Lowongan-Pekerjaan-sales-counter-sparepart-17367.html
https://images.glints.com/unsafe/glints-dashboard.s3.amazonaws.com/company-logo/default-company-logo.png,Sales B2B,PT Jejak Imani,Tangerang,0,0,Penuh Waktu,Business Development / Sales | Skills Good Communication Sales B2b Good Negotiation Sales Marketing,,"Deskripsi pekerjaan Sales B2B PT Jejak Imani Kualifikasi : - Pendidikan minimal D3 semua jurusan - Usia maksimal 30 Tahun - Memiliki pengalaman bekerja selama 2 tahun di bidang sales atau marketing B2B - Memiliki Network/Jaringan yang luas - Terbiasa bekerja pada target - Memiliki kemampuan negosiasi, presentasi, dan komunikasi yang baik - Berkepribadian menarik, jujur, ulet dan tanggungjawab - Domisili Tangerang selatan",1,3,,IDR,4.500.000,5.000.000,01/01/1970 00:00:00,https://glints.com/id/opportunities/jobs/sales-b2b/4fb9d88f-1c6b-4c97-89bf-3188d3d579fb
https://jobindo.com/mobile/thumbnails/95830549.jpg,Finance & Accounting Staff,PT. MRO Indonesia,"Jakarta Utara, DKI Jakarta",0,0,,"Persyaratan 
 Age 20 - 28 years old 
 Minimum Diploma/Bachelor Degree in Accounting/Finance fro reputable university 
 At least 1 year of working experience in related field 
 Proficient with accounting software such as Accurate, MyOB is a plus 
 Proficient of A/R and A/P flow 
 Have good knowledge of G/L accounts 
 Proficient of Microsoft Office (Word and Excel) 
 Able to handle confidential information 
 Able to work under pressure, detail and result oriented 
 Able to work and learn fast 
 Excellent organizational skills, ability to multitask, and set own priorities 
 Can join ASAP/immediately",,"
 Deskripsi Pekerjaan
Handling petty cash
Making payment or any other financial transactions
Record financial transactions
Prepare financial reports
Control cash advance
Manage relationship with external partner (Bank, etc)
Requirement: 1 person

Compensation & Benefit:

Salary
Meal & Transportation Allowances
Overtime fee
BPJS Kesehatan
BPJS Ketenagakerjaan
 ",0,2,Diploma 3 ,,0,0,05/06/2017 12:00:00,https://jobindo.com/Lowongan-Pekerjaan-finance-accounting-staff-20407.html
https://jobindo.com/mobile/thumbnails/94017807.jpg,Sales Executive,GlobalEd,"Tangerang, Banten",0,0,,"Persyaratan 
 University graduate, diploma / bachelor degree in related field or equivalent 
 Preferably with experience in sales, service, consulting or education line 
 Excellent interpersonal communication skills 
 Good organizational and English communication skills 
 Pleasant personality",,"
 Deskripsi Pekerjaan
To provide comprehensive services to clients interested in studying overseas
To be actively involved in sales and marketing activities
Handle administration related with student documents
Follow up customer

",0,2,Sarjana ,,0,0,12/02/2018 13:55:00,https://jobindo.com/Lowongan-Pekerjaan-sales-executive-29911.html
https://image-service-cdn.seek.com.au/adb86a218d8644b95560629cb64b581808148ef5/a868bcb8fbb284f4e8301904535744d488ea93c1,Recruiter,PT PolarisWeb (PointStar),Jakarta Raya,51,200,,,,,0,0,,IDR,7.000.000 , 10.000.000 ,22/12/2022 04:14:11,https://www.jobstreet.co.id/id/job/recruiter-4153430?jobId=jobstreet-id-job-4153430&sectionRank=19275&token=0~c08c5c81-9ff3-479a-9ff5-9862d6c7f77e&fr=SRP%20Job%20Listing
https://jobindo.com/mobile/thumbnails/18704808.jpg,Marketing Executive dan Team Leader,PT. Arada Mulia Indonesia,"Jakarta Selatan, DKI Jakarta",0,0,,"Persyaratan 
 Pendidikan Min.SMA/SMK 
 Berpengalaman 3th untuk team leader 
 Berpenampilan menarik 
 Wanita/Pria 18-30th (maks.35th Untuk Team Leader) 
 Memiliki kemampuan dalam mengoperasikan komputer 
 Kemampuan Presentasi, Komunikasi dan Negoisasi yang baik 
 Teamwork, membina hubungan baik dan Interpersonal 
 Senang Bekerja dengan Target 
 Diutamakan untuk domisili Jakarta Selatan, Tanggerang, Depok, dan Ciputat",,"
 Deskripsi Pekerjaan
Menjamin kepuasan pelanggan selalu terpenuhi baik sebelum, ketika maupun sesudah penjual terjadi
Mengembangkan program-program penjualan yang bertujuan untuk meningkatkan penjualan dan nama baik produk
Bertanggung jawab atas suskesnya pameran dan launching yang akan diadakan oleh perusahaan dengan tujuan meningkatkan penjualan dan memperkenalkan produk baru kepada pasar
Menjaga hubungan baik dengan pelanggan dengan menjalin komunikasi secara Profesional & Jangka panjang
Menganalisa dan mengembangkan strategi marketing untuk meningkatkan jumlah pelanggan dan area sesuai dengan target yang ditentukan
Membuat schedule, memonitoring dan bertanggung jawab dalam pelaksanaan kegiatan kerja team (untuk posisi TL)
Melaksanakan Presentasi pekerjaan terhadap instansi terkait(untuk posisi TL)

",0,2,SLTA/Sederajat ,,0,0,12/01/2018 15:46:00,https://jobindo.com/Lowongan-Pekerjaan-marketing-executive-dan-28543.html
,Barista,MasBro CoffeeShop,Bekasi,0,0,Penuh Waktu,"Hotel/Restoran ,  Makanan/Minuman/Pelayanan Restoran",,"Masbro coffeeshop Kualifikasi: 1. Memiliki kemampuan dasar membuat minuman dan kopi. 2. Dapat bekerja pada hari libur 3. Mampu mendengarkan dan berkomunikasi dengan sikap yang professional dan baik. 4. Fokus kepada kepuasan konsumen. 5. Mampu melakukan prosedur keamanan dasar untuk peralatan dan minuman panas. 6. Efisien dan teratur. Jobdesk: 1. Menerima pesanan makanan dan minuman. 2. Menyiapkan dan menyajikan makanan dan minuman. 3. Menjawab pertanyaan pengunjung terhadap menu. 4. Mempromosikan dan merekomendasikan pilihan menu kepada pengunjung. 5. Menerima pembayaran dari pembeli. 6. Melakukan inventaris, membersihkan perlengkapan 7. menyiapkan perbaikan jika diperlukan. 8. Menjaga kebersihan dan kerapihan lingkungan kerja.",1,0,,,0,0,09/12/2022 06:46:29,https://www.jobstreet.co.id/id/job/barista-4138404?jobId=jobstreet-id-job-4138404&sectionRank=31625&token=0~86b8aa91-4268-4388-b6aa-3a91d91338d0&fr=SRP%20Job%20Listing
https://image-service-cdn.seek.com.au/93a51e72a442ca8a815e4e160be98908d34852a8/a868bcb8fbb284f4e8301904535744d488ea93c1,Head of Business Development,PT Multirasa Nusantara (YOSHINOYA Japanese Restaurant),Jakarta Selatan,1001,2000,,,,,0,0,,,0,0,23/12/2022 01:38:38,https://www.jobstreet.co.id/id/job/head-of-business-development-4154504?jobId=jobstreet-id-job-4154504&sectionRank=17582&token=0~61460bbf-224a-422e-a615-68a9c0c7d05e&fr=SRP%20Job%20Listing
https://jobindo.com/mobile/thumbnails/15222821.jpg,Quality Assurance Supervisor,PT. Mitra Insan Sejahtera,"Jakarta Selatan, DKI Jakarta",0,0,,"Persyaratan 
 Max 35 th. Min Apoteker/ S1 Farmasi/ Kimia/ Biologi. 
 Pengalaman min 2 th di bidang Quality Assurance.",,"
 Deskripsi Pekerjaan
Mengumpulkan/ Compile laporan sasaran mutu yg dikumpulkan setiap department tiap bulannya
Mengevaluasi filling dokumen ISO di dept QA
Membantu kelancaran aktivitas depatemen terkait.
 ",2,5,Sarjana ,,0,0,28/06/2018 16:54:00,https://jobindo.com/Lowongan-Pekerjaan-quality-assurance-supervisor-34576.html
https://jobindo.com/mobile/thumbnails/45816313.jpg,Field On Street (Jember/Bodowoso),Activate Asia,"Jember, Jawa Timur",0,0,,"Persyaratan 
 Pria 
 Usia Max 30 
 Pendidikan Min SMA/SMK Sederajat 
 Mempunyai Smartphone Sendiri 
 Lebih diutamakan pengalaman FOS",,"
 Deskripsi Pekerjaan
Mentraining toko untuk memakai aplikasi dari federal oil
Visit atau mobile ke toko-toko yang jaraknya berjauhan
Segmen (Toko Onderdil dan Bengkel)
 ",0,2,SLTA/Sederajat ,,0,0,01/01/1970 00:00:00,https://jobindo.com/Lowongan-Pekerjaan-field-on-street-26470.html
https://jobindo.com/mobile/thumbnails/5524744.jpg,STAFF MARKETING BANDUNG,PT. WAHANA REZEKI SEMPURNA,"Bandung, Jawa Barat",0,0,,"Persyaratan 
 Pria 
 Pendidikan minimal SMA atau sederajat 
 Mempunyai jiwa marketing, komunikatif, dan kreatif 
 Mempunyai ambisi untuk memiliki income tinggi ( sesuai prestasi ) 
 Jujur dan bertanggung jawab 
 Domisili Bandung dan sekitarnya 
 Memiliki kendaraan bermotor",,,2,5,SLTA/Sederajat ,,0,0,04/12/2021 06:23:00,https://jobindo.com/Lowongan-Pekerjaan-staff-marketing-bandung-60292.html
https://image-service-cdn.seek.com.au/b78c153203300fc3eb32c180f2d3feb608465437/a868bcb8fbb284f4e8301904535744d488ea93c1,Sales Executive,PT WASSA TARA ABADI,,1,50,Penuh Waktu,"Penjualan / Pemasaran ,  Penjualan Ritel",Pegawai (non-manajemen & non-supervisor),"Melakukan penjualan & memberikan product knowledge kepada customer Mencari customer baru yang potensial Menjalin hubungan yang baik dengan customer, baik yang sudah ada kerjasama maupun customer baru Membuat laporan hasil kunjungan customer secara konkret dan sistematis Melakukan penjualan sesuai dengan target yang ditentukan Membuat dan melaporkan data-data hasil penjualan unit yang dicapai setiap bulannya Kualifikasi: Berusia maksimum 35 tahun Pendidikan minimal Diploma, mengusai computer dan MS Office Penampilan menarik & mandiri Memiliki kepribadian dan kemauan komunikasi yang baik Bersedia bekerja dengan target Dapat bekerja sama dalam team Berbahasa Inggris (Pasif) Pengalaman minimal 2 tahun di bidang sales Alamat: Pergudangan Kosambi Permai , Kosambi , Tangerang  Penempatan : Jakarta & Bali",2,0,"Sertifikat Professional, D3 (Diploma), D4 (Diploma), Sarjana (S1)",,0,0,30/12/2022 20:01:41,https://www.jobstreet.co.id/id/job/sales-executive-4146096?jobId=jobstreet-id-job-4146096&sectionRank=12768&token=0~2b83b160-450b-4191-a31b-0ab4ebdc8250&fr=SRP%20Job%20Listing
https://jobindo.com/mobile/thumbnails/39863380.jpg,Admin Staff,PT. Harindo Toba Sejati,"Medan, Sumatera Utara",0,0,,"Persyaratan 
 Wanita, 
 Usia Maksimal 30 Tahun 
 Pendidikan Minimal Diploma 
 Teliti dan Inisiatif 
 Lebih disukai yang sudah ada pengalaman sebaagai admin",,"
 Deskripsi Pekerjaan
Bertanggung jawab mengontrol barang masuk dari supplier dan ekspedisi
Menghandle orderan yang masuk
Menghandle keluhan pelanggan

",0,2,Diploma 3 ,,0,0,19/12/2018 15:35:00,https://jobindo.com/Lowongan-Pekerjaan-admin-staff-41672.html
https://jobindo.com/mobile/thumbnails/463423714.jpg,Driver SIM B1 (Jakarta),PT. Blue Gas Indonesia,"Jakarta Timur, DKI Jakarta",0,0,,"Persyaratan Tugas dan Tanggung Jawab : 
 
 Mendistribusikan Produk Consumable ke konsumen. 
 
 Kriteria : 
 
 Usia maksimal 35 tahun 
 Pendidikan minimal SMA Sederajat 
 Memiliki SIM B1 
 Menyukai pekerjaan lapangan 
 Memiliki attitude yang baik, jujur dan komunikatif 
 Penempatan area Pulo Gebang (Jakarta Timur)",,,0,2,SLTA/Sederajat ,,0,0,01/01/1970 00:00:00,https://jobindo.com/Lowongan-Pekerjaan-driver-sim-b-4105.html
https://jobindo.com/mobile/thumbnails/58589957.jpg,Sales Executive (Jambi),PT EVERSEIKO INDONESIA,Jambi,0,0,,"Persyaratan 
 PRIA, usia 22 - 30 tahun 
 Pendidikan minimal SMA/SMEA/D3/S1 semua jurusan 
 Pengalaman kerja minimal 2 tahun di Sales 
 Mampu melakukan canvasing dan membuat penawaran 
 Mampu follow up permintaan customer 
 Menguasai rute Jambi dan sekitarnya 
 Jujur, ulet dan dapat dipercaya 
 Siap bekerja sama dalam team dan individual 
 Mampu bekerja dalam deadline report 
 Mampu berbahasa Inggris aktif 
 Memiliki SIM A & C lebih diutamakan 
 Memiliki motor dan dalam kondisi sehat 
 Menguasai Microsoft Office dan korespondensi 
 Memiliki kemampuan komunikasi dan negoisasi yang baik 
 Penempatan di Jambi",,"
 Deskripsi Pekerjaan
Mencari Customer baru
Visit customer dan maintance customer

",2,5,Sarjana ,,0,0,01/01/1970 00:00:00,https://jobindo.com/Lowongan-Pekerjaan-sales-executive-jambi-42270.html
https://images.glints.com/unsafe/glints-dashboard.s3.amazonaws.com/company-logo/1afae53d8cc278ea189a50dda3436207.png,Sales Project Executive,Myrobin,Malang,0,0,Penuh Waktu,Business Development / Sales | Skills Good Approaching Communication Skills Good In Selling Skill,,"Deskripsi pekerjaan Sales Project Executive Myrobin 1 orang Untuk mendapatkan 30 kios dalam 1 bulan (15 di bulan pertama)  Untuk melakukan canvasing -> kunjungi komunitas, RT, RW untuk mendapatkan lead -> covert menjadi kios Untuk memproses prospek yang datang dari online/aplikasi -> convert menjadi kios  Melaporkan segala persyaratan admininstrasi kepada atasan langsung",0,1,,IDR,3.568.200,0,01/01/1970 00:00:00,https://glints.com/id/opportunities/jobs/sales-project-executive/95803e76-d2bd-4021-bd89-863958588bb2
https://jobindo.com/mobile/thumbnails/63540128.jpg,Area Manajer,Teguk Indonesia,"Jakarta Timur, DKI Jakarta",0,0,,"Persyaratan 
 Usia Max. 35 Tahun 
 Memiliki pengalaman sebagai Area Manajer Min. 2 Tahun 
 Pendidikan D3 atau S1 Hospitality/ Manajemen Food & Beverage 
 Bersedia bekerja secara mobile 
 Memiliki SIM C",,"
 Deskripsi Pekerjaan
Bertanggung jawab terhadap operasional beberapa outlet secara keseluruhan
Menjalani tahap operasional yang diberikan oleh perusahan
Menganalisa, merencanakan dan melaksanakan plan untuk memenuhi target sales
Mendorong inisiatif penjualan sesuai dengan strategi perusahaan

",2,5,Diploma 3 ,,0,0,10/02/2020 12:23:00,https://jobindo.com/Lowongan-Pekerjaan-area-manajer-52344.html
https://jobindo.com/mobile/thumbnails/32672056.jpg,Salesman,PT Nusantara Elka Sumber,"Jakarta Timur, DKI Jakarta",0,0,,"Persyaratan 
 Laki-laki 
 Min SMA / D3 
 Usia Max 32 Tahun 
 Pengalaman Bidang Penjualan 1 - 2 Thn di Bidang FMCG, Distribusi Toko Bangunan,Elektronik, Listrik, Barang-barang Teknik, Toko Besi 
 Memiliki Kendaraan Pribadi dan Sim C 
 Memiliki tanggung Jawab terhadap dirinya, Antusias, Jujur dan punya kemauan yang kuat untuk Sukses",,"
 Deskripsi Pekerjaan
Membuka Pasar Baru.
Melakukan Pengenalan Produk Terhadap Konsumen.
Menjual Produk Dan Mencapai Target Penjualan
Menjaga Hubungan Baik Dengan Konsumen.
Membantu Proses Pengiriman Dan Pengembalian Produk Yang di Retur.
Menjaga Reputasi dan nama baik perusahaan
",0,2,SLTA/Sederajat ,,0,0,06/04/2020 09:31:00,https://jobindo.com/Lowongan-Pekerjaan-salesman-53489.html
https://image-service-cdn.seek.com.au/3dcca30d03e7be3a94fd4eca18dc4c2d1b6c9f2c/ee4dce1061f3f616224767ad58cb2fc751b8d2dc,Cook,GARDEN COFFEE BANDUNG,Bandung,0,0,Penuh Waktu,"Hotel/Restoran ,  Makanan/Minuman/Pelayanan Restoran",Pegawai (non-manajemen & non-supervisor),"Kualifikasi: Mampu bekerja dibawah Tekanan Dapat berkomunikasi dengan baik Mampu bekerja sama dalam team, jujur dan bekerja Keras Tidak memiliki masalah dengan jam kerja malam Diutamakan memiliki pengalaman di bidang F&B sebagai Cook /Cook helper Bersedia ditempatkan di cabang manapun di Bandung (jika diperlukan)",1,0,"SMA, SMU/SMK/STM",,0,0,19/12/2022 16:49:28,https://www.jobstreet.co.id/id/job/cook-4149861?jobId=jobstreet-id-job-4149861&sectionRank=28632&token=0~eced7947-447b-4b29-9071-111d38f22ab3&fr=SRP%20Job%20Listing
https://jobindo.com/mobile/thumbnails/60654842.jpg,Baker Spesialis Cake/pie/cookies/mousse cake/tart,PT. Fresh Food Indonesia,"Jakarta Timur, DKI Jakarta",0,0,,"Persyaratan 
 Laki-laki atau Perempuan 
 BERPENGALAMAN MEMBUAT CAKE DLL 
 pendidikan min SMU umum/SMK Perhotelan 
 Pengalaman 2-4 tahun pengalaman membuat cake 
 Menguasai dan ahli membuat produk cake, mousse cake, pie atau cookies 
 Disiplin, kreatif, inovatif 
 Bersedia bekerja lembur apabila dibutuhkan 
 Spesialis membuat sample & produk cake, mousse, pie, dan cookies",,"
 Deskripsi Pekerjaan
membuat sample & produk cake, mousse, pie, dan cookies
development product

",2,5,SLTA/Sederajat ,,0,0,01/01/1970 00:00:00,https://jobindo.com/Lowongan-Pekerjaan-baker-spesialis-cakepiecookiesmousse-40477.html
https://image-service-cdn.seek.com.au/56208ca9490b1cf0b885ee30a9aa22acb2d7485f/ee4dce1061f3f616224767ad58cb2fc751b8d2dc,IT MANAGER,PT Andalan Lancar Sejahtera,Tangerang,1,50,Penuh Waktu,"Komputer/Teknologi Informasi ,  IT-Admin Jaringan/Sistem/Database",Manajer/Asisten Manajer,"KRITERIA : 1. S1 jurusan Komputer 2. Domisili Tangerang dan Sekitarnya 3. Bersedia keluar kota bila diperlukan 4. Good Leadership 5. Good Communication Skill 6. Berpengalaman memimpin project yang tepat waktu minimal 2 tahun 7. Disukai bila tau/ paham/ familiar dengan salah satu/ beberapa dibawah ini: Backend: Laravel Frontend: Bootstrap, JS DB: MySql Android: Kotlin Notification: Firebase Push: Mosquitto, Pusher iot: C Lain2: Redis, CDN JOBDESK : 1. Melakukan serah terima pengerjaan dengan Software House yang sekarang. 2. Melakukan pengembangan lebih lanjut bersama Software House lain dan/atau tim internal. 3. Melakukan monitoring progress pengerjaan 4. Melakukan Pengecekan Sistem & Program 5. Melakukan Analisa & Perancangan Sistem 6. Mengembangkan IT lainnya 7. Menyelesaikan Project sesuai dengan waktu yang ditetapkan.",3,0,,IDR,7.000.000 , 10.000.000 ,10/12/2022 03:51:29,https://www.jobstreet.co.id/id/job/it-manager-4139300?jobId=jobstreet-id-job-4139300&sectionRank=29685&token=0~580d11f5-6b57-45e7-a802-4f2be9b79f71&fr=SRP%20Job%20Listing
https://jobindo.com/mobile/thumbnails/53141180.jpg,Admin Warehouse,"Kinarya Alihdaya Mandiri, PT","Depok, Jawa Barat",0,0,,"Persyaratan 
 Perempuan, usia max. 28 thn 
 Pendidikan min. D3 all jurusan 
 Pengalaman di bidang relevan min. 1 thn 
 Mampu mengoperasikan Ms. Ofiice 
 Penempatan Margonda Depok, Jawa Barat",,"
 Deskripsi Pekerjaan
Melakukan stok opname dan pengawasan keluar masuk barang di gudang

",0,2,Diploma 3 ,,0,0,01/01/1970 00:00:00,https://jobindo.com/Lowongan-Pekerjaan-admin-warehouse-32943.html
https://jobindo.com/mobile/thumbnails/12894675.jpg,Sales Representative,PT. Coogee Indonesia,"Jakarta Utara, DKI Jakarta",0,0,,"Persyaratan Kualifikasi 
 1. Minimal lulusan SLTA sederajat 
 2. Pria 
 3. Memiliki motor pribadi 
 4. Memiliki sim C 
 5. Mempunyai comunication skill yang baik 
 6. Berpengalaman lebih diutamakan 
 7. Mengetahui area DKI Jakarta dan sekitarnya 
 8. Memiliki produk knowledge yang baik",,"
 Deskripsi PekerjaanTugas
1. Melakukan penawaran dan mengajukan kerja sama ke perusahaan-perusahaan potensial
2. Melakukan Follow Up ke customer potensial
3. Mencari Klien-klien potensial

Gaji = Standart UMR Jakarta ",0,2,SLTA/Sederajat ,,0,0,08/07/2022 11:04:00,https://jobindo.com/Lowongan-Pekerjaan-sales-representative-62485.html
https://jobindo.com/mobile/thumbnails/71803328.jpg,Pengajar Fisika dan Matematika,PT. Smartplus Indonesia,"Bekasi, Jawa Barat",0,0,,Persyaratan Mapel : Fisika dan Matematika Syarat : 1. Alumni dari PTN/PTS 2. Menguasai materi/bidang masing-masing 3. Komitmen dan bertanggung jawab 4. Bersedia bekerja dalam waktu dekat 5. Berpengalaman di bimbingan belajar Fasiltas : 1. Gaji bulanan 2. mes/tempat tinggal bagi luar bekasi 3. tunjangan hari raya 4. training dan pengembangan karir. 5. BPJS 6. Tunjangan Kesehatan 7. Bonus Kerja,,,0,0,,,0,0,01/12/2015 13:38:00,https://jobindo.com/Lowongan-Pekerjaan-pengajar-fisika-dan-520.html
https://image-service-cdn.seek.com.au/f83084bd797c91a9a85d53bf49503c90c79596f1/a868bcb8fbb284f4e8301904535744d488ea93c1,Content Creator Specialist,PT Mikatasa Agung,Jakarta Barat,501,1000,Penuh Waktu,"Penjualan / Pemasaran ,  Digital Marketing",Pegawai (non-manajemen & non-supervisor),"Preparing accurate reports on our marketing campaign’s overall performance. Responsible for developing and monitoring campaign budgets, planning and managing our social media platforms  (Facebook, Instagram and TikTok) . Working with team to brainstorm new and innovative growth strategies. Requirements: Maximum 32 years old Bachelors' Degree in Design or related field Minimum 2 years of experience in a similar position Expert in using social media  (Facebook, Instagram and TikTok),  Adobe  Illustrator, Adobe Photoshop dan Final Cut Pro Have the ability to create various kinds of content (images and videos) Proactive approach in handling issues and problems Excellent verbal and written communication skills Work placement: West Jakarta",2,0,Sarjana (S1),,0,0,14/12/2022 08:23:25,https://www.jobstreet.co.id/id/job/content-creator-specialist-4144319?jobId=jobstreet-id-job-4144319&sectionRank=25687&token=0~8cc92442-fb27-473a-91ed-cabfbba4fce4&fr=SRP%20Job%20Listing
https://jobindo.com/mobile/thumbnails/168394865.jpg,Production Technician,PT Tunaskarya Indoswasta,"Batam, Kepulauan Riau",0,0,,"Persyaratan 
 Diploma (D3) Degree from Electrical / Mechanical / Electronics / Instrumentation / Mechatronics Engineering Discipline 
 Fresg Graduated is prefered 
 Possess strong analytical and troubleshooting skills to resolve electrical and mechanical issues 
 Familiar with SMT and / or testing ( with programming / electronics ) background 
 Knowledge in PLC. Ladder Diagram and Pneumatic System",,,0,2,Diploma 3 ,,0,0,05/12/2016 11:28:00,https://jobindo.com/Lowongan-Pekerjaan-production-technician-12947.html
https://image-service-cdn.seek.com.au/55c9f3cf99ef1906320314478ba61cd6fa95d9a9/ee4dce1061f3f616224767ad58cb2fc751b8d2dc,Staf Produksi,TOTAL PRINT PEKANBARU,Pekanbaru,51,200,Penuh Waktu,"Manufaktur ,  Manufaktur",Pegawai (non-manajemen & non-supervisor),"Saat ini Total Print Pekanbaru sedang membutuhkan tenaga kerja untuk posisi , Staf Produksi Spanduk Digital, Produksi Spanduk Kain dan Produksi Sticker dan Cutting Syarat  : Usia 19-23 tahun Menguasai computer Menguasai potoshop dan corel draw Fulltime job Good attitude Siap bekerja dengan tim",0,0,"SMA, SMU/SMK/STM, Sertifikat Professional, D3 (Diploma), D4 (Diploma), Sarjana (S1)",,0,0,22/12/2022 06:34:24,https://www.jobstreet.co.id/id/job/staf-produksi-4153675?jobId=jobstreet-id-job-4153675&sectionRank=23396&token=0~b918cd06-2375-429b-9354-89258c0598f9&fr=SRP%20Job%20Listing
https://jobindo.com/mobile/thumbnails/50961660.jpg,Telemarketing,PT Mandar Indonesia,"Jakarta Pusat, DKI Jakarta",0,0,,"Persyaratan 
 Pria & Wanita Maks 35 tahun 
 Pendidikan Min SMA/SMK sederajat 
 Min yang sudah berpengalaman 3 bulan di bidangnya",,"
 Deskripsi Pekerjaan
memasarkan produk/jasa melalui saluran komunikasi jarak jauh

",0,2,SLTA/Sederajat ,,0,0,01/01/1970 00:00:00,https://jobindo.com/Lowongan-Pekerjaan-telemarketing-24876.html
https://jobindo.com/mobile/thumbnails/2751925.jpg,Electrician (Tukang Listrik) Full time,DMC Architecture and Interior Design,"Jakarta Utara, DKI Jakarta",0,0,,"Persyaratan 
 Pengalaman minimum 1 tahun sebagai Posisi Electrician/Tukang Listrik 
 Pria 
 Pekerja keras,loyal,tegas,memiliki jiwa kepemimpinan dan sanggup bekerja sebagai Tim.",,"
 Deskripsi Pekerjaan
Mengerjakan pekerjaan Listrik untuk Proyek

",0,2,SLTA/Sederajat ,,0,0,12/02/2021 06:35:00,https://jobindo.com/Lowongan-Pekerjaan-electrician-tukang-listrik-56976.html
https://jobindo.com/mobile/thumbnails/60459227.jpg,Marketing Komunikasi Otomotif,Mobilkamu,"Jakarta Selatan, DKI Jakarta",0,0,,"Persyaratan 
 Wanita, Berpenampilan menarik 
 Pendidikan Min. SMU 
 Usia Max. 28thn 
 Memiliki pengalaman di bidang penjualan dan partnership min. 2 thn 
 Bisa fokus dalam bekerja 
 Dapat bekerja dibawah tekanan 
 Bersedia mobile dan memenuhi target setiap bulan 
 Memiliki kendaraan pribadi 
 Rapi & teratur dalam memberi laporan harian kerja",,"
 Deskripsi Pekerjaan
Prospecting
Creating Partnership
Maintain Client
Create Sales & Achieve Target
 ",2,5,SLTA/Sederajat ,,0,0,01/01/1970 00:00:00,https://jobindo.com/Lowongan-Pekerjaan-marketing-komunikasi-otomotif-17672.html
https://image-service-cdn.seek.com.au/63b5cbc41a09efcbd7fbe785f9061faa58ccbd83/ee4dce1061f3f616224767ad58cb2fc751b8d2dc,Agency Data Analyst and Strategic Initiatives,PT Asuransi Jiwa Sequis Life,Jakarta Selatan,501,1000,Penuh Waktu,"Penjualan / Pemasaran ,  Pemasaran/Pengembangan Bisnis",Manajer/Asisten Manajer,"Job Description: Responsible for managing agency performance’s data, starting from collecting data, making data analysis, compiling reports, updating data, until providing improvement and development suggestions for each program, project and contest to agents. Job Summary: Bachelor Degree from any major. Good Teamwork. Able to work under pressure and deadline with minimum supervision. Minimum 2 years experience in processing data and managing executive dashboards, experience in insurance filed is preferred.",2,0,Sarjana (S1),,0,0,13/12/2022 08:14:22,https://www.jobstreet.co.id/id/job/agency-data-analyst-and-strategic-initiatives-4142523?jobId=jobstreet-id-job-4142523&sectionRank=27895&token=0~1ad69dc7-d80d-475f-a97e-d1b0a3145530&fr=SRP%20Job%20Listing
https://jobindo.com/mobile/thumbnails/61311879.jpg,Cook Helper,PARK HOTEL CAWANG,"Jakarta Timur, DKI Jakarta",0,0,,"Persyaratan 
 Pria, 
 Umur 22 – 24 tahun. 
 Jujur, sopan, tegas, dan memiliki integritas dalam bekerja. 
 Detail dan teliti dengan pekerjaannya. 
 Mampu bekerja secara team dan dibawah tekanan. 
 Memiliki Motivasi yang tinggi untuk maju. 
 Berkomunikasi baik 
 Mampu beradaptasi dengan lingkungan pekerjaan secara cepat. 
 Single.",,"
 Deskripsi Pekerjaan
Assist superiors by performing duties in all kind of kitchen production (ala carte; buffet; garnish).
Demonstrate basic cooking skills and techniques.
Store food in a safe and hygienic manner.
Operates and clean equipment correctly and safely adhering to cleaning and maintenance schedules
Cleans and maintains kitchen equipment and utensils and workplace

",0,2,SLTA/Sederajat ,,0,0,27/06/2019 12:04:00,https://jobindo.com/Lowongan-Pekerjaan-cook-helper-46482.html
https://jobindo.com/mobile/thumbnails/55735434.jpg,Supervisor Produksi,PT KARUNIA ELANG PERKASA,"Tangerang Selatan, Banten",0,0,,"Persyaratan 
 Pria 
 Single/Sudah Menikah 
 Usia maksimal 32 tahun 
 Minimum S1, di bidang teknik mesin 
 Mampu menggambar teknik permesinan 
 Mengerti tentang dasar-dasar prinsip engineering 
 Mengusai leadership, managerial skill, communication and negotiation skill, customer and service oriented 
 Diutamakan yang berdomisili di Serpong, Pondok Aren, Tangerang Selatan.",,"
 Deskripsi Pekerjaan
Membuat rencana kerja mingguan dan bulanan bersama manajer produksi, jika diperlukan menjabarkannya ke dalam rencana kerja harian
Mendelegasikan dengan tepat ke tim produksi yang ada, perihal semua rencana kerja yang sudah dibuat
Menganalisa setiap ada permasalahan instrumentasi/mechanical dan berusaha menemukan solusinya, baik individu ataupun kordinasi dengan pihak terkait lainnya
Melakukan kordinasi dengan pihak terkait untuk masing-masing proyek yang sedang berjalan
Menyimpan, merawat dan mendistribusikan data/file administrasi produksi dan engineering
Mengontrol dan mengendalikan semua pekerjaan yang ada di produksi, agar sesuai dengan yang direncanakan.

",2,5,Sarjana ,,0,0,13/02/2019 11:35:00,https://jobindo.com/Lowongan-Pekerjaan-supervisor-produksi-43266.html
https://jobindo.com/mobile/thumbnails/63101836.jpg,Sales Marketing RO/ARO,PT. Optik Gomax Indonesia,"Depok, Jawa Barat",0,0,,"Persyaratan 
 Pria/Wanita 
 Usia 18-35 Tahun 
 Min: SMA/SMK/D1/D2/D3/-S1 (Semua Jurusan) 
 Pengalaman kerja di Optik min. 2 Tahun (Marketing/ARO) 
 Jujur, Disiplin, Bertanggung Jawab dan Memiliki motivasi yang tinggi. 
 Menguasai marketing dan penjualan, Bisa melakukan Recruitment dan Target Orientasi. 
 Memiliki penampilan dan kepribadian menarik, serta tidak terkait dengan istansi lain. 
 
 FASILITAS: 
 
 Ada jenjang karier (Pengangkatan jabatan dalam waktu ± 3 Bulan) 
 Gaji Pokok, Insetif & Bonus Tahunan. 
 JAM KERJA : (10:00 s/d 21:00)",,"
 Deskripsi Pekerjaan
Konsultan produk dan menjual produk

",0,2,SLTA/Sederajat ,,0,0,01/01/1970 00:00:00,https://jobindo.com/Lowongan-Pekerjaan-sales-marketing-roaro-43994.html
https://jobindo.com/mobile/thumbnails/50484797.jpg,Graphic Designer,PT. Triple One Global Recruitment,"Jakarta Barat, DKI Jakarta",0,0,,"Persyaratan 
 
 Diutamakan merupakan lulusan S1/ D3/D2/D1 dari DKV, Desain Grafis, Multimedia 
 SMA / SMK Silahkan Apply 
 Menguasai software desain grafis (Coreldraw, Photoshop, Ilustrator) 
 Memiliki pikiran yang artistik dan kreatif 
 Memiliki skill komunikasi visual, verbal dan tulisan yang bagus 
 Mampu bekerja secara individu ataupun didalam tim",,,0,2,SLTA/Sederajat ,,0,0,30/08/2017 12:56:00,https://jobindo.com/Lowongan-Pekerjaan-graphic-designer-23416.html
https://image-service-cdn.seek.com.au/d0b004ad32400e66a749208c3b94f75e7ff72291/ee4dce1061f3f616224767ad58cb2fc751b8d2dc,Juru Masak,Nasi Kulit Malam Minggu Bdg,Bandung,0,0,Penuh Waktu,"Hotel/Restoran ,  Makanan/Minuman/Pelayanan Restoran",Pegawai (non-manajemen & non-supervisor),"Lowongan Pegawai Nasi Kulit Malam Minggu di Mekar Wangi, Bandung Dibutuhkan Segera Karyawan Dapur Masakan Indonesia Kualifikasi: Berusia antara 18 - 25 tahun Mengerti teknologi secara luas  (bisa menggunakan aplikasi Luna untuk kasir dan mengerti berbagai aplikasi online food) Mau belajar dan jujur HARUS berdomisili di Bandung terutama Moh Toha dan sekitarnya",1,0,,,0,0,13/12/2022 09:42:04,https://www.jobstreet.co.id/id/job/juru-masak-4142813?jobId=jobstreet-id-job-4142813&sectionRank=31201&token=0~2b8db3fe-1707-47f6-a5b8-1a1a76012558&fr=SRP%20Job%20Listing
https://image-service-cdn.seek.com.au/990522f1dd28d7f9a69acacbb5ae9e1a80f65787/ee4dce1061f3f616224767ad58cb2fc751b8d2dc,Salesman (Samarinda),PT Aditya Sarana Graha,Samarinda,501,1000,Penuh Waktu,"Penjualan / Pemasaran ,  Penjualan - Korporasi",Pegawai (non-manajemen & non-supervisor),"Usia maksimal 35 tahun Lulusan minimal SLTA Diutamakan pengalaman 3 tahun sebagai sales, pengalaman di bidang retail Buliding Material dan atau Home Appliances menjadi nilai tambah Memiliki kemampuan komunikasi dan menjual yang baik Dapat bekerja dalam tim Berorientasi dengan target, motivasi tinggi, enerjik Memiliki SIM C Aktif Penempatan Samarinda Benefit : Insentif",3,0,"SMA, SMU/SMK/STM",,0,0,30/12/2022 20:02:17,https://www.jobstreet.co.id/id/job/salesman-samarinda-4145043?jobId=jobstreet-id-job-4145043&sectionRank=12564&token=0~a2079c80-67f1-469e-8d97-b70aeb02f3a5&fr=SRP%20Job%20Listing
https://jobindo.com/mobile/thumbnails/64577184.jpg,Resepsionis,PT MFI Sinar Investama,"Jakarta Selatan, DKI Jakarta",0,0,,"Persyaratan 
 
 Wanita 
 Pendidikan Minimal SMU/sederajat 
 Usia 18-34 tahun 
 Mampu berkomunikasi dengan baik dan ramah 
 Dapat berbahasa inggris minimal pasif 
 Memiliki attitude yang baik 
 Berpenampilan rapi, bersih, dan, sopan",,"
 Deskripsi Pekerjaan
Menerima surat masuk dan keluar
Menerima telepon dari luar maupun line antar karyawan
Membantu menghubungi pelamar untuk interview
All about receptionist activities

",0,2,SLTA/Sederajat ,,0,0,01/01/1970 00:00:00,https://jobindo.com/Lowongan-Pekerjaan-resepsionis-10395.html
https://jobindo.com/mobile/thumbnails/935591254.jpg,Sopir Clamlift,PT. DAYACIPTA KEMASINDO,"Bekasi, Jawa Barat",0,0,,"Persyaratan 
 Usia 18 - 27 Tahun 
 Pendidikan Minimum SMK 
 Mampu dengan baik mengendarai dan mengoperasikan Clamlift 
 Mampu melakukan perawatan mandiri terhadap Clamlift 
 Memiliki SIO Clamlift yang dikeluarkan oleh Disnaker dan masih berlaku 
 Memahami tentang prinsip-prinsip keselamatan kerja dalam mengoperasikan Forklift 
 Memiliki semangat kerja yang tinggi dan komitment kerja yang baik 
 Bersedia bekerja shift 
 Bersedia ditempatkan di Bekasi Jawa Barat",,,0,2,SLTA/Sederajat ,,0,0,13/04/2017 14:26:00,https://jobindo.com/Lowongan-Pekerjaan-sopir-clamlift-18740.html
https://image-service-cdn.seek.com.au/26c0b3a8be114d484b9baad23a03c8546cdb5395/ee4dce1061f3f616224767ad58cb2fc751b8d2dc,Content Creator,Pustaka Al-Qudwah,Jawa Tengah,0,0,Penuh Waktu,"Penjualan / Pemasaran ,  Digital Marketing",Pegawai (non-manajemen & non-supervisor),"Kualifikasi Pekerjaan Minimal lulusan SMA/Sederajat Usia maksimal 28 tahun Mempunyai skill desain grafis, fotografi, videografi dan editing video Memiliki kemampuan riset konten, copywriting yang kreatif dan menarik, serta terbiasa voice over Punya kemampuan mengelola media sosial Kreatif, komunikatif, mau belajar hal baru Berpengalaman lebih diutamakan Penempatan di kantor Al-Qudwah Deskripsi Pekerjaan Membuat flyer promosi Membuat video promosi Membuat video review produk Membuat dan mengelola post media sosial",1,0,"SMA, SMU/SMK/STM",,0,0,21/12/2022 02:24:52,https://www.jobstreet.co.id/id/job/content-creator-4151621?jobId=jobstreet-id-job-4151621&sectionRank=27235&token=0~ea31801f-de4b-443f-919e-1bdc2c42df90&fr=SRP%20Job%20Listing
https://images.glints.com/unsafe/glints-dashboard.s3.amazonaws.com/company-logo/e638e24c37ab8dab645b2edd824855a0.png,Magang UI/UX-Designer,PT Qtera Mandiri,Jakarta,0,0,Magang,Design | Skills Fast Learner UI/UX Design Figma Web Design,,"Deskripsi pekerjaan Magang UI/UX-Designer PT Qtera Mandiri Hi Millenials People Let's Join Our Winning Team Kami mencari kandidat terbaik untuk mengisi posisi yang dibutuhkan oleh tim dengan tanggung jawab : Membantu membuat prototipe aplikasi web dan material desain untuk website Kualifikasi : Terbiasa menggunakan aplikasi desain seperti Figma atau Adobe Xd lebih disukai Kreatif dan memiliki passion dibidang desain Mampu menuangkan ide menjadi sebuah desian/konten yang menarik Lokasi magang di Area Perkantoran Kelapa Gading Benefit : Upah bekerja Sertifikat Internship Peluang menjadi karyawan Waktu kerja Senin-Jumat Apabila Anda adalah pribadi yang kami butuhkan, silahkan apply lamaran untuk mengikuti tahap tes online melalui link dibawah ini : Link Tes Online",0,1,,,0,0,01/01/1970 00:00:00,https://glints.com/id/opportunities/jobs/magang-ui-ux-designer/0578b7ae-60fc-4165-bf60-2d3c0f59692f
https://image-service-cdn.seek.com.au/8120ce618355720b0fd1b2e996c01ee1755c877d/a868bcb8fbb284f4e8301904535744d488ea93c1,Digital Marketing [Content Strategist],PT Jaya Utama Perkasa,Jawa Barat,51,200,Penuh Waktu,"Penjualan / Pemasaran ,  Digital Marketing",Pegawai (non-manajemen & non-supervisor),"Persyaratan / Kualifikasi : Pendidikan terakhir minimal Diploma 3 (D3) Pengalaman minimal 1 tahun dibidang Digital Marketing / Content Marketing / Content Strategi, Memahami Search Engine Marketing (SEM), termasuk SEO, manajemen Google Adwords, dan Google Analytics. Memahami Social Media Marketing (SMM) termasuk community development , influencer, dan manajemen iklan berbayar. Memahami e-Mail marketing dan dapat membuat content marketing menggunakan strategi inbound. Memahami seluruh karakteristik saluran digital marketing, dan khususnya saluran digital marketing yang paling strategis untuk bisnis anda. Memahami konsep inbound marketingdan mampu mengimplementasikan untuk seluruh keperluan, baik itu SEM, SMM, konten marketing dan e-mail marketing. Memiliki kreativitas tinggi dengan kemampuan mengidentifikasi target dan merancang kampanye digital, Mampu bekerja individual ataupun didalam team, Mampu berkomunikasi dengan baik, Memiliki kemampuan analisis yang kuat dan mampu membuat kebijakan berdasarkan data. Deskripsi Pekerjaan : Membuat strategi pemasaran untuk menaikan trafik penjualan produk, Membuat strategi dan bertanggung jawab terhadap branding merk perusahan untuk lebih dikenal oleh public, Menjalin hubungan baik dengan para customer, Merancang strategi untuk mengarahkan online traffic pada website perusahaan, Up-to-date dengan tren terbaru dalam bidang fashion, pemasaran online, consumer behaviour dan pengukuran kinerja, Bertanggung jawab pada perencanaan dan pengendalian anggaran semua aktivitas pemasaran digital, Mengevaluasi penelitian pasar, kondisi pasar dan kegiatan promosi perusahaan pesaing. Bersama dengan tim marketing lainnya mengeksekusi dan menjalankan strategi promosi (pemasaran) yang sudah di rencanakan. Membuat data laporan evaluasi harian, mingguan, bulanan, sampai tahunan untuk diberikan kepada manajemen.",1,0,"Sertifikat Professional, D3 (Diploma), D4 (Diploma)",,0,0,30/12/2022 07:28:59,https://www.jobstreet.co.id/id/job/digital-marketing-%5Bcontent-strategist%5D-4162299?jobId=jobstreet-id-job-4162299&sectionRank=13717&token=0~b4910f02-9dba-4b09-afae-614e73469e4e&fr=SRP%20Job%20Listing
https://image-service-cdn.seek.com.au/be330b91ff92bf5c751f80e5dfb428d93e7d80ca/a868bcb8fbb284f4e8301904535744d488ea93c1,Supervisor Sales Online,PT Altama Surya Anugerah,Jakarta Raya,201,500,Penuh Waktu,"Penjualan / Pemasaran ,  Penjualan - Korporasi",Supervisor/Koordinator,"Kualifikasi Pekerjaan: Pendidikan minimal S1 segala jurusan Pengalaman kerja minimal 2 tahun di bidang terkait Mengetahui tentang dunia online / digital Keahlian menggunakan Ms. Office (Excel, Word, Power Point) Kemampuan bahasa Inggris aktif Memiliki SIM A dan C Kemampuan komunkasi dan negosiasi yang baik Memiliki motivasi yang tinggi untuk berkembang Deksripsi Pekerjaan: Memberikan informasi mengenai produk, promosi, dan perusahaan serta melakukan penjualan produk; memproses pesanan customer; memprioritaskan pengiriman yang urgent dan memonitor apakah pesanan customer sudah tiba untuk memastikan target penjualan tercapai. Menjalankan strategi pemasaran yang telah ditentukan untuk product ecommerce (onlineshop, dropship, marketplace). Menjalankan seluruh aktifitas promosi dan komunikasi marketing product ecommerce (onlineshop, dropship, marketplace). Memproses dan mencari solusi atas keluhan pelanggan dengan berkoordinasi dengan pihak internal terkait untuk memastikan kepuasan pelanggan. Memproses dan mencari solusi atas keluhan pelanggan dengan berkoordinasi dengan pihak internal terkait untuk memastikan kepuasan pelanggan Membuat laporan & menganalisa penjualan online dari masing – masing marketplace & B2B Melakukan koordinasi dan memastikan pelayanan konsumen dapat terselesaikan sesuai dengan ketentuan yang ada dengan admin online Melakukan review produk dan pasar serta intelegen market secara berkala untuk melakukan inovasi dalam program sales & marketing Mengerjakan tugas lainnya yang diberikan atasan (termasuk tugas berupa project) untuk kepentingan perusahaan.",2,0,Sarjana (S1),IDR,6.000.000 , 9.000.000 ,27/12/2022 07:33:12,https://www.jobstreet.co.id/id/job/supervisor-sales-online-4158416?jobId=jobstreet-id-job-4158416&sectionRank=16650&token=0~4298d320-7cbe-4136-880e-c0b75c776a58&fr=SRP%20Job%20Listing
https://jobindo.com/mobile/thumbnails/18476788.jpg,Public Relation,INSPIRE,"Jakarta Selatan, DKI Jakarta",0,0,,"Persyaratan 
 Pendidikan min PR, Humas, Marketing dan pengalaman kerja min 3 tahun 
 Menguasai Marcom Food & Beverage 
 Mampu berbahasa Inggris 
 Mampu berkomunikasi dan bernegosiasi 
 Mampu menggunakan media sosial dengan baik 
 Diutamakan Wanita, 
 Berpenampilan menarik, 
 usia 25 - 45 Thn , 
 Jujur , Loyal dan pekerja Keras",,"
 Deskripsi Pekerjaan
Membuat program marketing/Promosi baik Internal dan eksternal bagi Restaurant
Membuat relasi yang baik dengan pihak media dalam rangka mempromosi Restaurant
Menganalisa efektifitas program-program marketing yang sudah dan masih berjalan
Menjalin hubungan yang baik dengan customer-customer dari Restaurant/Bistro
Mengolah dan mengelola data customer dengan baik melalui program-program marketing
Kreatif dan aktif dalam media social

",2,5,Diploma 3 ,,0,0,08/09/2018 10:12:00,https://jobindo.com/Lowongan-Pekerjaan-public-relation-37647.html
https://jobindo.com/mobile/thumbnails/94277278.jpg,Desk Collection,Valdo Sumber Daya Mandiri,"Jakarta Selatan, DKI Jakarta",0,0,,"Persyaratan 
 
 Pria / Wanita Maks Usia 30 Tahun 
 Pendidikan Min D3 
 Dapat berkomunikasi & bernegosiasi dengan baik 
 Siap bekerja dengan target 
 Di utamakan Exp DC Bank/Leasing",,"
 Deskripsi Pekerjaan

Penagihan yang mengunakan alat bantu telepon, komputer, catatan dan alat tulis.
Tujuan desk collector menagih piutang (tagihan kepada nasabah) bank atau non-bank adalah untuk meminimalkan kerugian finansial dengan cara-cara yang sesuai aturan dan kebijakan yang diterapkan oleh oleh bank sentral atau assosiasi tertentu.

",0,2,Diploma 3 ,,0,0,01/01/1970 00:00:00,https://jobindo.com/Lowongan-Pekerjaan-desk-collection-33373.html
https://image-service-cdn.seek.com.au/6f7fee9d4a3f15104a73c3b6f074668b9adcbb36/ee4dce1061f3f616224767ad58cb2fc751b8d2dc,Ecommerce Supervisor,PT Metrox Global,Jakarta Selatan,501,1000,Penuh Waktu,"Penjualan / Pemasaran ,  E-commerce",Supervisor/Koordinator,"Have an minimum 2 years experience in e-commerce. Have an experience work in ecommerce industry is a plus. Have experience handling SEO & SEM. Have experience handle website selling. Highly motivated person, creative, active, and like a challenge. Familiar with social media tools. Good in negotiation & analysis. Can work with high pressure. Job Description: Social media & marketplace mkt tools management. KOL & MKT partnership management. MKT planner for online side. Doing admin stuff for the jobs. Handle campaign on Marketplace sales target achievement.",2,0,,,0,0,12/12/2022 04:47:17,https://www.jobstreet.co.id/id/job/ecommerce-supervisor-4140264?jobId=jobstreet-id-job-4140264&sectionRank=28850&token=0~b34fe0a6-59f0-4915-80f8-cf791bac492f&fr=SRP%20Job%20Listing
https://image-service-cdn.seek.com.au/0d7f4170a8d336802bdd776a373e2938fe320d6a/ee4dce1061f3f616224767ad58cb2fc751b8d2dc,Recruitment Staff,PT SNP Indonesia,Jakarta Pusat,201,500,Penuh Waktu,"Sumber Daya Manusia/Personalia ,  Sumber Daya Manusia / HR",Pegawai (non-manajemen & non-supervisor),"Job description: Review resumes and interview applicants to determine if they are qualified forthe position Interview potential employees to determine if they would be a good fit for the organization’s culture and needs Help develop job descriptions and post job listings on websites Coordinate with managers to schedule interviews and orientations for new hires Conduct reference checks and background checks on applicants, including drug tests and criminal history checks Manage applicant tracking systems to track hiring status and employee turnover Coordinate with managers to set up interviews with prospective employees Review resumes, applications, and interview notes to determine candidate eligibility for positions Meet with candidates to discuss job opportunities and answer questions about company culture and benefits packages Skill required: Communication skill Organizational skills Written and verbal communication skills Basic Proficiency with computers Ability to thrive in a collaborative environment Ability to multitask",2,0,,IDR,4.500.000 , 5.500.000 ,13/12/2022 10:36:46,https://www.jobstreet.co.id/id/job/recruitment-staff-4142967?jobId=jobstreet-id-job-4142967&sectionRank=25199&token=0~b8c75411-9d87-4ccb-9ea9-e9d568c48b6b&fr=SRP%20Job%20Listing
https://jobindo.com/mobile/thumbnails/98821818.jpg,Mobile Developer,BeApp Solutions Indonesia,"Jakarta Barat, DKI Jakarta",0,0,,"Persyaratan 
 Memiliki ijazah minimal S1 atau setara pada jurusan Teknik Informatika / Sistem Informasi (Fresh Graduates sangat disarankan) 
 Memiliki pengalaman menggunakan Java Android / ingin mempelajari cara menggunakannya 
 Ingin belajar menggunakan teknologi React Native 
 Ingin belajar cara membuat dan mengimplementasi Backend untuk mendukung aplikasi 
 Mengerti / ingin belajar cara mebuat aplikasi dengan menggunakan prinsip Clean Code 
 Memiliki kemampuan komunikasi yang baik 
 Memiliki kemampuan menganalisa bug / kekurangan pada desain.",,"
 Deskripsi Pekerjaan
Membangun / Membuat sebuah aplikasi Android dari awal sesuai dengan permintaan
Mendikusikan pendekatan yang dapat dilakukan untuk mebuat aplikasi mobile
Mengelola aplikasi milik perusahaan yang ada di Play Store
Mengelola release cycle dari aplikasi in-house tersebut.

",0,0,Sarjana ,,0,0,23/08/2019 15:58:00,https://jobindo.com/Lowongan-Pekerjaan-mobile-developer-47953.html
https://jobindo.com/mobile/thumbnails/466603020.jpg,Kitchen Staff,PT. Mutualplus Global Resources,"Jakarta Pusat, DKI Jakarta",0,0,,"Persyaratan 
 Kualifikasi 
 Pria/Wanita, Pendidikan Min SMK Maks 35 th 
 Disukai yang sudah berpengalaman Kitchen dihotel ternama 
 Sudah Vaksin Min Tahap 1 
 Berpenampilan rapih",,,0,2,SLTA/Sederajat ,,0,0,09/12/2021 07:20:00,https://jobindo.com/Lowongan-Pekerjaan-kitchen-staff-60357.html
https://image-service-cdn.seek.com.au/e07911b24bb1227ffad2c8ae5b564b6f5d61dedb/ee4dce1061f3f616224767ad58cb2fc751b8d2dc,Product Specialist (Omnichannel),Shipper,Jakarta Raya,501,1000,Kontrak,"Penjualan / Pemasaran ,  Pemasaran/Pengembangan Bisnis",Pegawai (non-manajemen & non-supervisor),"What Is Shipper Shipper is a growing technology company based in Jakarta. With our mission to moving our society forward, we provide well-rounded logistics solutions for businesses of all sizes. Today, we offer several services including First-Mile Pickup and Delivery, Fulfillment/Warehouse Management, and Cross-Border shipping services. We are financially supported by eminent investors, including Naspers, Floodgate, Y-combinator, Lightspeed Ventures Partners, Insignia Ventures Partners, DST Global Partners, and Sequoia Capital India. Why Join Shipper An opportunity to build the next Unicorn and work with some of the smartest people in their fields and specialties. While also creating impact by supporting small sellers and micro-entrepreneurs across the nation How Do We Live Our Core Values CCIIH Customer: Always Start with Customer First Collaboration: One-for-All, All-for-One Innovation: Be Bold and Move Fast Integrity: Lead with Integrity Humility: Build Trust through Humility What Will You Do: Conducting thorough market research, which may include taking surveys, doing desktop research, sending emails and making calls, and even attending product launches of rival companies. Answered all product-related questions politely and addressed queries promptly. Collaborating and strategizing with the business and engineering teams. Attending workshops and refresher courses in sales and marketing. Planning and assisting with new product releases and events. Performing product demonstrations for customers Identifying new market opportunities and relaying this information to the Manager and other relevant stakeholders. Making helpful product recommendations and suggestions to increase revenue. What Are The Requirements: Min. D3 graduates in any field. Experience with a similar position or knowing OCMS (Omni Channel Management System) is a plus. Extensive experience in retail, sales, or customer service would be advantageous. Ability to memorize details like product specifications. Articulate and able to perform demonstrations that engage and inspire. Deadline-driven, and willing to work after hours. Superb verbal and written communication skills and great telephone etiquette. A strong growth mindset. Having a personal laptop to support daily work.",1,0,"Sertifikat Professional, D3 (Diploma), D4 (Diploma), Sarjana (S1)",IDR,4.000.000 , 4.641.854 ,28/12/2022 20:00:51,https://www.jobstreet.co.id/id/job/product-specialist-omnichannel-4142264?jobId=jobstreet-id-job-4142264&sectionRank=15169&token=0~71e50545-cdba-461c-a623-d820c0c87bc9&fr=SRP%20Job%20Listing
https://image-service-cdn.seek.com.au/9b8a3a285238600365fdf67046f12d241e77b581/ee4dce1061f3f616224767ad58cb2fc751b8d2dc,MANAGER MAINTENANCE,PT Krisanthium Offset Printing,Surabaya,201,500,,,,,0,0,,,0,0,14/12/2022 10:10:34,https://www.jobstreet.co.id/id/job/manager-maintenance-4139657?jobId=jobstreet-id-job-4139657&sectionRank=26241&token=0~362ebf5a-c24e-4682-9dfb-0113a45e7718&fr=SRP%20Job%20Listing
https://jobindo.com/mobile/thumbnails/3998668.jpg,Staff Gudang Aksesoris,PT. VISTA MANDIRI GEMILANG,"Jakarta Barat, DKI Jakarta",0,0,,"Persyaratan 
 Pria max 35 tahun 
 Pendidikan min SLTA/Sederajat 
 Pengalaman min 2 tahun sebagai staff gudang 
 Memiliki jiwa leader 
 Disiplin, Teliti, Kreatif & bisa kerjasama dengan tim 
 Siap lembur jika diperlukan 
 Domisili Cengkareng/Tangerang kota",,"
 Deskripsi Pekerjaan
Bertanggung jawab pada stok barang
Mengatur pengiriman barang
Mengecek dan mendata hasil produksi
Melakukan SO secara berkala

",0,2,SLTA/Sederajat ,,0,0,01/01/1970 00:00:00,https://jobindo.com/Lowongan-Pekerjaan-staff-gudang-aksesoris-42397.html
https://jobindo.com/mobile/thumbnails/95150597.jpg,Graphic Designer & Branding,PT. Bumi Karunia,"Jakarta Timur, DKI Jakarta",0,0,,"Persyaratan 
 Laki - Laki / Perempuan Usia Maksimal 25 Tahun 
 Lulusan Min SMA / Sederajat 
 Memiliki Kemampuan Design Grafis & Video Editing 
 Menguasai Photoshop, Adobe Illustrator, Corel Draw, Adobe Premier, Adobe After Effect, dsb 
 Memiliki Portfolio Design untuk Branding 
 Rajin, Disiplin & Kreatif 
 Mampu Bekerja Dalam Tim 
 Mampu Bekerja Di Bawah Tekanan",,"
 Deskripsi Pekerjaan
Membuat Material untuk Iklan, Branding, dsb

",0,0,SLTA/Sederajat ,,0,0,22/05/2020 02:20:00,https://jobindo.com/Lowongan-Pekerjaan-graphic-designer-branding-53751.html
https://jobindo.com/mobile/thumbnails/95078681.jpg,Logistic Delivery Service,PT Transmedic Indonesia,"Manado, Sulawesi Utara",0,0,,"Persyaratan 
 Maksimal usi 35 Tahun 
 Pendidikan minimal SMA /SMK Sederajat 
 Bersedia bekerja lembur di luar jam kantor dan hari kerja terkait kebutuhan pengantaran alat medik yang bersifat mendesak 
 Cekatan dan gesit 
 Teliti dan jujur 
 Memiliki sikap yang positif 
 Memiliki SIM C 
 Penempatan untuk wilayah Manado",,"
 Deskripsi Pekerjaan
Menyiapkan pengiriman Barang ke pelanggan
Mengantar barang ke pelanggan
Mengambil barang dari pelanggan
Mengecek dan memastikan barang yang akan dikirim sesuai dengan dokumen pengiriman barang
Mengecek dan memastikan barang yang akan dikembalikan sesuai dengan dokumen penembaliaan barang
Bertanggungjawab atas kebenaran pencataan barang yang kembali dari pelanggan
Bertanggungjawab atas kebenaran pencatatan barang yang dipakai pelanggan
Mengatur dan mengambil dokumen logistic

",0,2,SLTA/Sederajat ,,0,0,20/07/2016 15:19:00,https://jobindo.com/Lowongan-Pekerjaan-logistic-delivery-service-7578.html
https://jobindo.com/mobile/thumbnails/50609223.jpg,Commis,PT.Mitra Selera Bersama (Union Group),DKI Jakarta,0,0,,"Persyaratan 
 Maximum 27 years old 
 Formal culinary training preferred (min. High School in culinary / hospitality) 
 Minimum of 1 years experience as Cook / Commis 
 Can work together in team and under pressure 
 Fresh graduates are welcome",,,0,2,SLTA/Sederajat ,,0,0,22/06/2018 15:36:00,https://jobindo.com/Lowongan-Pekerjaan-commis-34207.html
https://jobindo.com/mobile/thumbnails/95232853.jpg,Admin Marketing,PT.EPOXYNDO ART LESTARI,"Bekasi, Jawa Barat",0,0,,"Persyaratan 
 Wanita 
 Usia maksimal 30 tahun 
 Bisa menggunakan komputer microsoft office 
 Memiliki pengetahuan tentang dunia internet dan website 
 Pengalaman di Marketing minimal 2 tahun 
 Menguasai Tender- tender dan Tender Pemerintah (LPSE, LKPP) 
 Mampu bekerja dibawah tekanan 
 Dapat menjadi pusat referensi untuk semua produk dan bekerja secara kolaborasi dengan TIM Marketing",,"
 Deskripsi Pekerjaan
Melakukan perencanaan dan menyusun laporan aktivitas marketing
Melakukan pemasaran, riset pemasaran dan analisis kompetitif
Mengerjakan Tender - Tender dan Tender Pemerintah (LPSE, LKPP)
dan lain- lain mengenai marketing 

",2,5,Diploma 3 ,,0,0,25/07/2017 13:14:00,https://jobindo.com/Lowongan-Pekerjaan-admin-marketing-22006.html
https://jobindo.com/mobile/thumbnails/78000229.jpg,Network Engineering,PT. Maksimum Grup Indonesia,"Bandung, Jawa Barat",0,0,,"Persyaratan 
 Jurusan D3 / S1 Teknik Telekomunikasi / Teknik Informatika / Sistem Informasi 
 Pengalaman setidaknya 1 tahun di bidang yang sama. 
 Memiliki passion di bidang teknologi. 
 Maksimal berumur 30 tahun. 
 Memiliki Sertifikat CCNA. 
 Memiliki kemampuan khusus di bidang keamanan networking. 
 Memiliki pengetahuan dasar mengenai komputer. 
 Mampu berbahasa inggris.",,,0,2,Diploma 3 ,,0,0,12/02/2020 16:09:00,https://jobindo.com/Lowongan-Pekerjaan-network-engineering-52406.html
https://jobindo.com/mobile/thumbnails/13235600.jpg,Staf Marketing (Gresik),Parahita Diagnostic Center,"Gresik, Jawa Timur",0,0,,"Persyaratan 
 Pria/Wanita 
 Pendidikan Min. D3 (Semua jurusan) 
 Berusia Max. 27 Tahun (Fresh Graduate) dan 30 Tahun (Pengalaman) 
 Berpenampilan Rapi dan Menarik 
 Memiliki Keterampilan Interpersonal dan Negosiasi yang Baik 
 Sanggup Bekerja Dibawah Tekanan dan Berorientasi pada Target",,"
 Deskripsi Pekerjaan
Membangun Relasi dan Hubungan Baik dengan Rekanan
Memasarkan produk-produk Parahita Diagnostic Center kepada publik
Mencari Omset Keuntungan Perusahaan
Memberikan Penawaran Produk kepada Calon Pelanggan/Rekanan

",0,2,Diploma 3 ,,0,0,29/08/2017 12:14:00,https://jobindo.com/Lowongan-Pekerjaan-staf-marketing-gresik-23375.html
https://images.glints.com/unsafe/glints-dashboard.s3.amazonaws.com/company-logo/ff7d56785fe96ad6743d2ee56a730bb0.jpg,Dokter Umum,PT Medisata Global Solusi,"Kebon Jeruk, Jakarta",0,0,Penuh Waktu,Healthcare | Skills Diagnose Treatment Good Communication Skills Good Problem Solving Skills,,"Deskripsi pekerjaan Dokter Umum PT Medisata Global Solusi Mempelajari  keluhan pasien/keluarga pasien dan memberikan rujukan dokter  spesialis/tindakan/perawatan yang sesuai dengan keluhan medis pasien Persyaratan Minimal S1 Kedokteran Mampu melakukan diagnosa Memiliki STR yang aktif Bersedia kerja full time Jujur, bekerja keras, dan disiplin Penempatan di Puri Indah, Jakarta Barat",1,3,,IDR,7.000.000,8.000.000,01/01/1970 00:00:00,https://glints.com/id/opportunities/jobs/dokter-umum/cb9b43b1-cf69-4f15-9c0b-07d451db391b
https://images.glints.com/unsafe/glints-dashboard.s3.amazonaws.com/company-logo/60dcc4769be961d60ffe59564b6c2ff3.png,Marketing Manager,Majumapan Bangunindo,Bogor,0,0,Penuh Waktu,Marketing | Skills Marketing Communications Marketing Property Industry Marketing Strategy Marketing Campaign Sales Marketing,,"Deskripsi pekerjaan Marketing Manager Majumapan Bangunindo Job Desk - Mengembangkan dan menjalankan strategi untuk membangun kehadiran kami dan meningkatkan keterlibatan kami dengan pelanggan kami - Membuat kampanye untuk membantu mempromosikan produk dan layanan perusahaan - Riset pasar untuk mengetahui tren terbaru dan membuat strategi dengan memanfaatkan informasi ini - Membuat laporan bulanan yang berisi hasil dari strategi yang dipilih Jika persyaratan ini sangat cocok untuk Anda, jangan ragu untuk melamar di perusahaan kami Persyaratan - Gelar sarjana dengan minimal 3 tahun pengalaman terkait dalam marketing atau bidang terkait - Mampu menggunakan platform pemasaran digital seperti, Google Analytics, Meta Business adalah poin plus - Berpengalaman di industri properti lebih disukai - Keterampilan komunikasi dan interpersonal yang baik - Pemikir strategis dengan keterampilan pemecahan masalah analitis dan kreatif yang kuat - Pengetahuan luas tentang tren yang sedang berlangsung di masyarakat - Mampu bekerja dalam tim dan memiliki keterampilan koordinasi yang baik - Akrab dengan perangkat lunak desain, videografi, atau kemampuan fotografi apa pun akan menjadi nilai tambah",3,5,,IDR,8.000.000,10.000.000,01/01/1970 00:00:00,https://glints.com/id/opportunities/jobs/marketing-manager/9330eef9-20f4-4ac1-936e-d10b75632bd8
https://images.glints.com/unsafe/glints-dashboard.s3.amazonaws.com/company-logo/ec15320756ded87cc7c797e13ccd63b0.jpg,HR Legal Staff,CV Win Mulia Abadi,Bandar Lampung,0,0,Penuh Waktu,Legal | Skills pengalaman legal S1 Hukum memahami legal dokumen,,"Deskripsi pekerjaan HR Legal Staff CV Win Mulia Abadi WE ARE HIRING   HR Legal Staff   - Pria/Wanita Mak 35 tahun   - Lulusan S1 Hukum   - Pengalaman di HR Legal diutamakan   - Menguasai UU ketenagakerjaan   - Memahami management SDM   - Memahami legal dokumen   - Memiliki kemampuan negosiasi dan komunikasi yang baik   - Bertanggung jawab dan memiliki loyalitas tinggi   - SKCK, vaksin covid (bisa menyusul)        ",1,3,,IDR,2.000.000,3.000.000,01/01/1970 00:00:00,https://glints.com/id/opportunities/jobs/hr-legal-staff/54eb1dc8-0d6a-472a-b408-ecec034c2965
https://images.glints.com/unsafe/glints-dashboard.s3.amazonaws.com/company-logo/64154dde3735a4e574170cb073876fc6.png,Content Writer and Copywriter Specialist ,Wall Street English,"Kebayoran Baru, Jakarta",0,0,Penuh Waktu,Marketing | Skills Content Writing SEO Creative Writing Copywriting English Fluency Agile,,"Deskripsi pekerjaan Content Writer and Copywriter Specialist  Wall Street English Do you believe that English helps change people’s lives? Do you want to have great achievements with your skills in one of the biggest education institutes around the world? Join Wall Street English to unleash your potential and reach your dream! Why Work with Us? We offer a unique learning method that helps people succeed in learning the English language, which opens a whole world of both personal and professional opportunities. Wall Street English is a fun, dynamic, experienced, hard-working and friendly working environment that exceeds Members expectations everyday. Our commitment to quality services and support continues to propel our growth and success. We are a premier provider of motivated and highly trained consultants and professional personnel who have the unique skills and expertise necessary to help our Members meet their individual and business goals in a cost effective manner. Get to Know the Role: Content Writer and Copywriter Specialist  are responsible for producing engaging, clear text for different advertising channels such as websites, print ads and catalogs. The duties include researching keywords, producing interesting written content and proofreading their work for accuracy and quality. Job Highlights: To create creative , attention grabbing copy writing that is aligned with the project’s objectives Support and create marketing materials that will help increase our brand awareness and brand image Ensure that all materials released to public represent our brand perfectly The Day-to-Day Activities : Script writing for video creation. Click bait copy writing for all marketing materials including Email, Brochure, Website and Social Media Creative Content Writing. Creating Press Releases. Able to translate the marketing strategy from management into simple words that the mass audience would be able to understand and relate to. Ensure that we have a uniformed voice as a brand when communicating to the public. The Must Haves: Bachelor degree from a reputable university. Have at least 3 - 5 years of experience in content writing and copywriting. Excellent verbal and written communication skills and English language proficiency is a must. Has studied or worked overseas are more preferred Demonstrated writing and typing skills Creative, innovative, and sensitive to the latest trends and topics in the digital world and things that are currently viral. SEO knowledge is a plus Thorough and careful in analyzing and processing data (especially reports on the performance of the content on social media). A great team player, as well as being agile with working cultures, including keen to learn business acumen and business process. Have experience working in a dynamic multicultural environment and enjoy learning about their cultures. Works comfortably under pressure and meets tight deadlines. Meticulous attention to detail. Show a ""can do"" and ""say yes"" attitude What We Offer: Competitive compensation. Other bonuses include discretionary bonus and staff referral bonus. Experience to grow in a well-known established company in Indonesia with a 100% English environment. Career ladder and progression opportunities. Medical coverage and BPJS. 12 days annual leave. Modern, comfortable and attractive working environment. Free unlimited access to the Wall Street English course to unleash your potential even more.",3,5,,IDR,8.000.000,12.000.000,01/01/1970 00:00:00,https://glints.com/id/opportunities/jobs/content-writer-and-copywriter-specialist/df5da9ef-8f14-486c-9968-449a4a530838
https://image-service-cdn.seek.com.au/ad282adb4a7f6269f4c46fa83788c0a0f03e1b24/ee4dce1061f3f616224767ad58cb2fc751b8d2dc,Section Head of HRD,PT Bravo Satria Perkasa,,0,0,,,,,0,0,,,0,0,20/12/2022 07:49:19,https://www.jobstreet.co.id/id/job/section-head-of-hrd-4150800?jobId=jobstreet-id-job-4150800&sectionRank=21361&token=0~9fa25a58-c4d9-437c-b910-a1049cb3caf5&fr=SRP%20Job%20Listing
https://jobindo.com/mobile/thumbnails/19470321.jpg,Koordinator Cabang (Balikpapan),Catalyst HR & Psychology Services,"Balikpapan, Kalimantan Timur",0,0,,"Persyaratan 
 Pria/Wanita 
 Usia maksimal 30 tahun 
 Pendidikan Minimum S1 atau D3 (Fresh Graduate dipersilahkan melamar) 
 Dapat mengoperasikan Microsoft Office 
 Memiliki 1 tahun pengalaman di bidang yang sama 
 Memiliki kemampuan komunikasi yang baik, problem solver dan berjiwa kepemimpinan",,"
 Deskripsi Pekerjaan

Berkoordinasi dengan departemen terkait proses barang/dokumen dan laporan (daily, weekly dan monthly).
Memonitor semua aktivitas yang berhubungan dengana aktivitas barang

",0,2,Sarjana ,,0,0,20/11/2017 15:40:00,https://jobindo.com/Lowongan-Pekerjaan-koordinator-cabang-balikpapan-26646.html
https://jobindo.com/mobile/thumbnails/4475819.jpg,Driver Distribusi,PT Swakarya Insan Mandiri,"Tangerang, Banten",0,0,,"Persyaratan 
 Laki Laki 
 Usia Maksimal 35 Tahun 
 Memiliki Sim B1 
 Bisa Membawa Mobil Engkel Atau Double 
 Terbiasa Kerja Lapangan 
 Pengalaman Supir Distribusi Minimal 1 Tahun 
 Sehat Jasmani Dan Rohani 
 Jujur Dan Rajin 
 Diutamakan Domisili Tangerang",,"
 Deskripsi Pekerjaan
Melakukan Pengiriman Barang / Produk Ke Toko Atau Agent
 ",0,2,SLTA/Sederajat ,,0,0,28/12/2016 14:57:00,https://jobindo.com/Lowongan-Pekerjaan-driver-distribusi-13995.html
https://image-service-cdn.seek.com.au/e8647211baa6c63e6b9f6bce3f99bd42390ad2c6/a868bcb8fbb284f4e8301904535744d488ea93c1,DESK COLLECTION TEAM LEADER,PT. Indonesia Fintopia Technology,Jakarta Selatan,201,500,,,,,0,0,,,0,0,14/12/2022 03:18:53,https://www.jobstreet.co.id/id/job/desk-collection-team-leader-4143489?jobId=jobstreet-id-job-4143489&sectionRank=26605&token=0~35a30e4d-b1f0-415e-bcd4-cf2a3c71bd2a&fr=SRP%20Job%20Listing
,Pegawai Stok,MBS BISTRO CAFE,Cimahi,0,0,Penuh Waktu,"Lainnya ,  Pekerjaan Umum",Pegawai (non-manajemen & non-supervisor),Dibutuhkan pekerja harian untuk stok bahan baku makanan di Puri Cipageran Indah 1  Cimahi Kriteria: Domisili CIPAGERAN DST Usia maksimal 30th Jujur & cekatan Pendidikan tidak diutamakan (tamat sd jg bs) Pengalaman tidak diutamakan Rajin & niat kerja Fasilitas: Gaji bulanan Makan Jam kerja 09.00 s/d 17.00 Sabtu minggu libur Tidak ada mess diutamakan domisili cipageran dst,1,0,,,0,0,29/12/2022 12:59:27,https://www.jobstreet.co.id/id/job/pegawai-stok-4161631?jobId=jobstreet-id-job-4161631&sectionRank=19024&token=0~92fdf73c-6f11-469b-8b0d-4fb1c344eaad&fr=SRP%20Job%20Listing
https://jobindo.com/mobile/thumbnails/44983154.jpg,Marketing via Multimedia (Tegal Kota),PT Mitraniagabahari,"Tegal, Jawa Tengah",0,0,,"Persyaratan 
 Lulusan SMK Multimedia 
 Menguasai proses editing foto dan video 
 Menguasai teknik fotografi dengan kamera digital 
 Mengerti dunia multimedia 
 Mampu melakukan peliputan dari event yang diselenggarakan oleh tim promosi 
 Diutamakan yang telah berpengalaman (0-2 tahun) 
 Mampu bekerja dengan teggat waktu yang ketat",,"
 Deskripsi Pekerjaan
Melakukan peliputan event yang diselenggarakan oleh tim promosi
Melakukan editing foto dan video
Mengunggah foto atau video ke media sosial
Melakukan pembaharuan konten di media sosial

",0,2,SLTA/Sederajat ,,0,0,11/01/2019 12:26:00,https://jobindo.com/Lowongan-Pekerjaan-marketing-via-multimedia-42173.html
https://image-service-cdn.seek.com.au/4d1f2598968d20b197d767ea521fa8e1ced13133/ee4dce1061f3f616224767ad58cb2fc751b8d2dc,Assistant Branch Manager (Mandarin Translator) - Padang,PT Wook Global Technology,Padang,1001,2000,Penuh Waktu,"Penjualan / Pemasaran ,  Penjualan Ritel",,"The assignment of responsibilities : As a translator for the Branch Manager, with all Padang branch office staff. Translate documents from Mandarin to Indonesian and vice versa. Assisting Branch Managers in controlling and analyzing sales strategies in branch offices. Assisting the Branch Manager in carrying out product return data and product unit repair data in the Excel list and updating the status of return units. Requirements : Maximum age of 27 years, able to communicate in Mandarin both orally and in writing. Have an interest in working in the field of Sales & Marketing. Minimum S1 education from any field of study. Fresh graduates with a minimum equivalent of HSK 5 are welcome to apply. Willing to do Business Trips together with Branch Managers to several areas in West Sumatra if needed. Preferably have SIM A. Able to work in a team and multitasking. Understand the basic use of Ms. Office (Ms. Excel). Willing to be placed in Padang City, West Sumatra.",0,0,Sarjana (S1),IDR,8.000.000 , 11.000.000 ,29/12/2022 01:51:52,https://www.jobstreet.co.id/id/job/assistant-branch-manager-mandarin-translator-padang-4160453?jobId=jobstreet-id-job-4160453&sectionRank=16387&token=0~6e790fff-e663-40dd-b775-3d786486fd73&fr=SRP%20Job%20Listing
